cat_id,name,breed,age_years,weight_kg,color,gender,vaccinated,neutered,microchipped,owner_city,diet_type,health_status,last_vet_visit,metric_15,category_16,value_17,metric_18,category_19,value_20,metric_21,category_22,value_23,metric_24,category_25,value_26,metric_27,category_28,value_29,metric_30,category_31,value_32,metric_33,category_34,value_35,metric_36,category_37,value_38,metric_39,category_40,value_41,metric_42,category_43,value_44,metric_45,category_46,value_47,metric_48,category_49
1,Smokey,,14,3.88,black ,,N,No,,London,,Checkup Needed,2024-01-05,32.91,B,91.0,77.98, ,64.0,N/A, ,21.0,86.41,B,61.0,67.17,Unknown,84.0,67.62,A,20.0,49.07,a,83.0,68.45, ,92.0,54.23,a,,64.95, ,,52.28,a,20.0,76.95,Unknown
2,Bella,British Shorthair,2,6.82,black ,,Yes,Yes,,New York,Wet,Healthy,,34.42,C,5.0,30.4,Unknown,9.0,50.86,D,72.0,6.54,C,15.0,21.77, ,,69.54, ,47.0,45.1, ,82.0,60.57, ,39.0,28.08,C,,53.44, ,68.0,error,a,99.0,58.81,D
3,Luna,Sphynx ,23,5.65,Gray,female,yes,,,Paris,,healthy,2024/01/05,52.99,D,14.0,65.98,b,36.0,36.66,A,24.0,61.92,C,,39.76, ,68.0,68.32,C,37.0,11.21,D,47.0,42.45,B,15.0,33.6, ,22.0,77.62,a,14.0,53.39,b,76.0,81.98,D
4,Leo, Scottish Fold,1,5.51,Mixed,M,no,No,Unknown, london,Wet,healthy,Jan 5 2024,24.85,b,32.0,55.31,A,70.0,61.94,Unknown,27.0,56.95,b,20.0,31.83,A,85.0,57.62,B,17.0,unknown,D,,32.22,D,91.0,45.7,D,93.0,59.17,b,2.0,39.72, ,34.0,36.91,Unknown
5,Lucy, Sphynx,5,2.88,Orange,Unknown,No,Yes,Unknown,TOKYO,dry,,2024/01/05,42.48,B,3.0,19.82,C,99.0,41.18,B,77.0,59.1,D,33.0,36.05,B,11.0,68.91,B,72.0,44.77,a,99.0,63.92,b,51.0,46.92,b,61.0,64.28,B,87.0,28.81,Unknown,,36.17,b
6,Leo,Ragdoll ,-2,1.41,Brown,,Yes,NO,,TOKYO,Dry,Checkup Needed,05/01/2024,6.44,C,,71.17,Unknown,59.0,50.82,a,92.0,58.4,a,86.0,55.53,a,89.0,51.93,a,19.0,63.54, ,62.0,85.27,Unknown,88.0,17.23,A,,83.47,D,75.0,46.36,b,44.0,36.95,D
7,Simba,Bengal ,-2,4.26,White,M,N,NO,,,Wet,Checkup Needed,,48.65,A,8.0,69.32,D,39.0,76.93, ,7.0,43.55, ,39.0,61.21,C,68.0,28.65,B,0.0,43.8,Unknown,26.0,53.37,a,37.0,-0.47,a,87.0,38.11,b,37.0,63.85,A,29.0,68.89,C
8,Shadow,MAINE COON,6,4.51,Mixed,,N,YES,No,,Dry,Healthy,2024-01-05,28.61,B,59.0,47.69,b,14.0,unknown,b,67.0,51.88, ,38.0,66.64,A,45.0,101.19,D,34.0,62.27,b,86.0,41.7,B,29.0,75.31,C,82.0,55.68,D,,37.17,D,,21.66,a
9,Leo,,1,5.13,White,female,yes,Yes,No,TOKYO,Wet,,2024/01/05,84.65,C,50.0,44.72,b,,26.6,B,26.0,68.8,B,10.0,52.27,A,83.0,40.55,A,52.0,68.03,B,6.0,59.99, ,33.0,68.26,A,99.0,63.92,B,99.0,5.16,D,11.0,60.05,a
10,Bella,Siamese ,4,3.94,White,Unknown,,NO,No, london,wet,Checkup Needed,2024/01/05,5.24, ,27.0,32.75,A,64.0,23.66,A,2.0,62.5,Unknown,75.0,24.97,A,,55.49,B,20.0,64.9,a,46.0,24.61,B,68.0,37.83,Unknown,37.0,27.87,Unknown,67.0,44.72,Unknown,90.0,15.03,C
11,Oliver,Sphynx ,3,4.3,White,Female,,,Unknown,Tokyo,dry,healthy,2024/01/05,106.88, ,67.0,30.47, ,38.0,40.85,b,,53.9,A,27.0,57.44,b,65.0,49.48, ,82.0,16.24,D,97.0,0.15,D,35.0,36.77,D,0.0,65.29,b,31.0,61.22, ,88.0,54.42,Unknown
12,Loki,MAINE COON,5,4.62,Mixed,Unknown,Y,YES,,Sydney,Mixed,Sick,2024-01-05,35.79,a,5.0,71.77,D,89.0,57.29,b,85.0,29.4,D,,62.82,B,67.0,39.51,C,21.0,44.18,a,51.0,61.64,B,6.0,62.15,C,8.0,39.95,a,30.0,74.9,Unknown,0.0,67.64,A
13,Simba,Unknown,17,4.31,Mixed,Unknown,Y,Yes,Yes,Sydney,Dry,SICK,2024/01/05,58.02,D,61.0,66.15,Unknown,79.0,64.08,a,29.0,45.92,A,,82.0,C,,21.43,b,95.0,20.38,C,8.0,error,a,,10.64,C,,54.04,a,35.0,28.61,B,31.0,37.81, 
14,Kitty,,11,4.55,White,female,No,NO,,New York,wet,Sick,05/01/2024,29.92,b,,53.34,A,56.0,58.64,a,71.0,73.61,B,82.0,70.87,Unknown,97.0,45.9,B,85.0,38.59,C,12.0,68.13, ,77.0,64.53,b,46.0,48.38,b,25.0,25.7,D,30.0,22.59,C
15,Nala, Ragdoll,16,2.65,Gray,Female,no,,Unknown,Tokyo,dry,healthy,2024/01/05,9.74,D,52.0,50.61,a,91.0,88.95,a,50.0,28.99,C,71.0,42.86,a,61.0,27.91,b,0.0,44.87,D,35.0,67.75,C,48.0,55.43,Unknown,89.0,67.01,D,67.0,59.13,A,76.0,28.88,B
16,Nala,Abyssinian,22,4.69,Gray,F,N,YES,Yes,Toronto,Dry,Checkup Needed,2024/01/05,72.38,B,15.0,48.02, ,91.0,35.16, ,73.0,49.55,Unknown,78.0,14.19,a,86.0,50.89,A,96.0,29.0,Unknown,57.0,31.42,A,70.0,53.89,A,47.0,64.69,A,79.0,46.03,B,65.0,61.76,a
17,Smokey, Ragdoll,15,5.0, WHITE,female,yes,No,,TOKYO,wet,SICK,,16.55,b,24.0,39.72,a,59.0,82.72, ,64.0,35.4,A,53.0,51.84,D,48.0,73.6,C,35.0,78.61,D,2.0,66.32,a,36.0,60.39,D,75.0,53.33, ,30.0,70.36,B,19.0,57.34,B
18,Chloe,Ragdoll ,1,6.05,Gray,Male,Yes,Yes,No,Sydney,dry,Healthy,2024-01-05,46.69,B,,62.13, ,2.0,51.08, ,26.0,80.61,B,48.0,47.77,b,53.0,52.32,a,71.0,43.17,Unknown,29.0,40.1,Unknown,70.0,66.22,a,37.0,70.96,D,,67.26,C,77.0,70.23,a
19,Milo,Bengal ,6,4.77,Brown,Female,No,Yes,Yes,Berlin,,Healthy,2024/01/05,35.17,C,47.0,84.43,A,,45.78,A,93.0,57.43,b,17.0,56.76,B,64.0,73.83,B,66.0,33.12,A,,40.89, ,98.0,56.4,a,16.0,66.16,a,,,C,84.0,38.92,D
20,Kitty, Scottish Fold,13,3.66,Brown,Male,Y,No,,TOKYO,dry,healthy,05/01/2024,50.36,b,72.0,36.17,A,88.0,21.43,a,95.0,65.99,B,66.0,56.6, ,73.0,77.09,C,97.0,26.81,A,96.0,43.62,b,81.0,8.1,B,73.0,36.83,B,68.0,61.27,B,77.0,24.82,B
21,Simba,ABYSSINIAN,9,4.96,Orange,Unknown,yes,,Unknown,,,healthy,05/01/2024,36.56,a,58.0,47.39,A,83.0,64.58,A,24.0,13.32,D,4.0,36.71,a,57.0,29.32,a,,-1.71,b,50.0,70.48,D,32.0,61.52,A,72.0,49.0,B,82.0,62.92,C,39.0,60.52,A
22,Simba,,1,5.28,,F,Y,Yes,Unknown,Berlin,dry,Sick,,38.29, ,73.0,67.34,D,60.0,33.43, ,81.0,50.17,B,61.0,62.89,b,29.0,31.74,B,11.0,70.61,A,21.0,26.76,A,67.0,33.14,a,59.0,39.82,Unknown,32.0,31.86,b,31.0,21.52,C
23,Oreo,Abyssinian,10,5.0,black ,female,no,No,Yes,New York,Mixed,SICK,,62.61,a,47.0,47.58,C,83.0,64.31,B,21.0,50.36,Unknown,67.0,37.88,A,1.0,79.34, ,6.0,38.19,C,2.0,68.49,D,5.0,24.31,A,80.0,43.62,B,7.0,16.48,A,66.0,30.74,A
24,Nala,Unknown,9,3.34,Orange,female,,,No,New York,Wet,,2024-01-05,71.61, ,31.0,45.22, ,46.0,3.61,D,82.0,36.67,b,65.0,89.56, ,33.0,33.79,C,79.0,21.78,b,35.0,27.94,B,25.0,68.07,B,76.0,57.34,Unknown,91.0,45.25,D,63.0,62.84,B
25,Milo,Unknown,19,6.87,Orange,F,No,YES,No,Berlin,,,2024-01-05,20.82,B,45.0,error, ,9.0,57.3, ,43.0,70.76,b,42.0,53.13,b,89.0,22.13,Unknown,84.0,38.32,D,11.0,46.66,a,23.0,42.63,D,22.0,66.03, ,32.0,45.1,A,55.0,86.6,C
26,Bella,Persian ,15,6.5,Mixed,Unknown,N,Yes,,,dry,Checkup Needed,,5.67,Unknown,23.0,21.6,B,32.0,57.3,b,98.0,59.78,b,6.0,52.18,B,25.0,24.92,b,84.0,56.72,A,5.0,62.07,b,,66.35,C,,44.05,C,97.0,42.06,b,23.0,45.94, 
27,Shadow,,16,3.53,Orange,Female,,,Unknown, london,wet,healthy,2024-01-05,63.18, ,17.0,42.09, ,37.0,64.53,C,50.0,52.58,b,75.0,33.4,D,25.0,59.73,Unknown,90.0,70.55,C,95.0,52.76,Unknown,49.0,63.8,B,41.0,48.34,a,30.0,56.58,B,,73.27,D
28,Tiger,ragdoll,8,5.97,Brown,Male,no,No,No,Paris,Mixed,SICK,Jan 5 2024,63.4,a,50.0,75.15,B,98.0,59.79,a,0.0,60.56,Unknown,72.0,53.55,D,77.0,74.93, ,81.0,31.46,b,65.0,35.65,A,4.0,74.6,Unknown,95.0,36.51, ,4.0,47.48,D,87.0,48.79,b
29,Nala,Unknown,9,2.77,White,,yes,Yes,,Toronto,,SICK,2024-01-05,14.96,Unknown,1.0,21.5,A,65.0,19.14,b,87.0,66.57,Unknown,3.0,43.58,A,35.0,48.35,D,86.0,28.96,Unknown,37.0,48.52,a,35.0,115.1,a,10.0,1.82,Unknown,,47.99,b,27.0,23.67,C
30,Shadow,siamese,13,3.66,White,Unknown,Yes,No,,TOKYO,Mixed,Sick,,63.98,Unknown,69.0,69.42,D,45.0,23.2,B,64.0,74.35,a,6.0,26.81, ,28.0,34.4,D,46.0,50.5,a,39.0,58.25,A,41.0,69.8,D,82.0,64.77,A,,34.23,C,24.0,16.49,A
31,Loki,bengal,4,1.06,Orange,M,,NO,No,Sydney,dry,Healthy,2024-01-05,52.41,A,73.0,65.11,B,88.0,unknown,B,15.0,85.82,B,15.0,N/A,b,,16.81,D,99.0,75.27,D,91.0,32.15,D,,34.94,Unknown,61.0,38.75,D,98.0,16.04,b,27.0,25.43,b
32,Leo,,1,2.87,,M,N,YES,,,,,2024-01-05,41.4,B,56.0,68.69,a,79.0,84.31,D,63.0,72.78,A,34.0,78.65,b,90.0,38.96, ,,20.57,Unknown,66.0,99.44,A,53.0,31.91, ,50.0,45.58,Unknown,87.0,45.79,B,18.0,52.13, 
33,Luna, Abyssinian,16,4.27,Brown,Unknown,N,No,Unknown,London,Wet,,,29.66,Unknown,47.0,77.47, ,41.0,43.83,Unknown,27.0,52.85,C,25.0,54.9,a,11.0,50.56,a,25.0,74.33,b,10.0,43.52,a,12.0,60.98,b,39.0,69.67,B,,33.85,B,14.0,47.61,a
34,Leo,Siamese,19,4.12,Black,M,no,NO,,New York,Mixed,Sick,05/01/2024,20.09,C,58.0,23.22,b,0.0,34.29,Unknown,97.0,56.15,C,,77.19,B,71.0,24.04,A,50.0,35.64,a,69.0,24.79,Unknown,87.0,67.41,C,68.0,7.26,a,25.0,34.02,Unknown,34.0,50.09,a
35,Bella,Ragdoll ,1,4.72,Gray,Unknown,N,YES,No,New York,,SICK,Jan 5 2024,61.43, ,73.0,error,A,62.0,13.96,D,9.0,53.1,B,,45.6,D,41.0,31.35,C,24.0,61.77,C,94.0,6.42,B,69.0,64.66,b,64.0,44.17,a,90.0,44.7, ,0.0,74.97,a
36,Oreo,Scottish Fold,19,2.97,Orange,male,yes,,,Berlin,wet,Checkup Needed,05/01/2024,66.96,A,,38.14,a,56.0,29.91,Unknown,92.0,87.27,a,39.0,unknown,Unknown,65.0,32.41,C,62.0,51.32,a,51.0,45.5,b,56.0,33.47,Unknown,56.0,50.38,B,86.0,63.1,b,49.0,76.28,a
37,Luna,Sphynx ,-1,3.66,Black,male,,Yes,,Berlin,Dry,Sick,2024/01/05,52.06,Unknown,,48.76,B,57.0,-7.84,B,63.0,110.15,C,24.0,60.41, ,92.0,68.78,b,86.0,54.1,a,44.0,60.96,a,43.0,19.8,C,0.0,32.1, ,31.0,N/A,C,59.0,61.51, 
38,Oliver,Unknown,23,2.99,black ,Male,,YES,,Toronto,wet,Checkup Needed,05/01/2024,72.51,B,18.0,44.89,a,17.0,54.12,Unknown,82.0,32.03,b,81.0,, ,29.0,44.96,b,31.0,44.9, ,,81.41,D,11.0,56.68,a,45.0,18.86,B,13.0,40.23,D,48.0,62.35,a
39,Leo,Siamese ,8,4.94,Brown,Female,Y,,Unknown,Toronto,Mixed,,05/01/2024,63.0,B,67.0,72.53,Unknown,40.0,24.55,D,23.0,43.44,C,42.0,48.24,B,,85.34,B,38.0,47.13, ,37.0,29.22,C,64.0,60.76,a,30.0,51.59, ,19.0,94.0, ,,37.26,D
40,Nala,,-1,6.42, WHITE,male,N,YES,Yes,Paris,wet,Checkup Needed,,62.7,D,38.0,48.55,B,38.0,16.61,B,97.0,11.7,D,42.0,62.9,B,,62.84,a,59.0,69.73,Unknown,0.0,56.28,B,85.0,62.98,B,8.0,62.52,C,28.0,51.79,b,41.0,20.69,D
41,Milo,abyssinian,24,5.53,White,Male,yes,No,,Paris,dry,,05/01/2024,14.13, ,95.0,69.95,a,,66.1,D,16.0,37.45,Unknown,49.0,8.7,D,10.0,65.86, ,,48.99,a,73.0,50.03,b,,47.1,A,,45.58,Unknown,39.0,53.08,A,97.0,58.35,Unknown
42,Leo,Abyssinian ,19,4.55,Gray,F,yes,No,No,Tokyo,,Sick,Jan 5 2024,60.6,a,27.0,60.0,A,96.0,51.1,C,20.0,66.14,D,98.0,41.0,Unknown,,20.97,b,1.0,51.31, ,85.0,50.66, ,4.0,85.29,b,,21.08,D,69.0,34.72,C,7.0,67.2,A
43,Tiger, Sphynx,23,35.94, WHITE,F,Yes,,Yes,Tokyo,,Checkup Needed,,16.63,D,41.0,50.12,B,37.0,46.57,B,24.0,35.7,Unknown,79.0,81.26,D,82.0,61.29,D,7.0,65.91,A,33.0,48.1,b,20.0,34.33,A,82.0,39.71, ,74.0,38.76,A,19.0,59.48,C
44,Leo,Siamese ,8,4.26, WHITE,,Y,Yes,No,Toronto,Wet,Sick,,46.76,A,91.0,46.87,b,95.0,53.41,Unknown,,54.09,D,24.0,45.85,Unknown,43.0,24.57,D,1.0,56.35,B,70.0,39.03,D,89.0,39.59,a,76.0,49.34,D,77.0,53.83,B,16.0,54.44,C
45,Leo,BRITISH SHORTHAIR,22,1.75,black ,Unknown,no,NO,,Berlin,,,Jan 5 2024,33.26,b,39.0,21.88,Unknown,16.0,19.96,A,20.0,28.84,C,13.0,61.46,D,,58.38,D,27.0,72.97,D,46.0,,a,11.0,42.19,a,31.0,31.98,D,56.0,44.64,D,68.0,42.74,B
46,Oreo,BENGAL,7,6.76,Brown,female,no,YES,Unknown,Sydney,dry,,,72.89, ,56.0,62.71,B,,16.88,C,32.0,41.03,B,26.0,60.63,Unknown,89.0,42.62,B,27.0,65.89, ,31.0,61.41,D,30.0,72.17,B,91.0,14.74,Unknown,6.0,79.88,D,,45.58,a
47,Simba,maine coon,11,5.57,black ,Unknown,,YES,No,London,Mixed,Checkup Needed,2024-01-05,47.75,D,67.0,unknown,A,51.0,39.98,C,27.0,49.15,C,50.0,38.84,a,74.0,29.93,C,87.0,68.59,C,19.0,49.21,B,55.0,60.6,A,81.0,44.53, ,51.0,2.94, ,54.0,66.06,A
48,Luna,Maine Coon,17,4.09,Orange,Male,No,YES,,Tokyo,,Healthy,Jan 5 2024,59.34, ,57.0,104.84,Unknown,15.0,72.8,a,62.0,43.19,B,0.0,59.81,C,81.0,58.25, ,34.0,45.26,D,43.0,43.27,D,90.0,34.62,b,25.0,52.54,C,60.0,,a,54.0,68.13,C
49,Milo, Sphynx,0,2.13,Mixed,F,Y,No,Yes,Berlin,Wet,Checkup Needed,,30.79,A,78.0,19.26,A,70.0,35.3,a,45.0,10.97,b,,58.0,D,87.0,53.45,B,55.0,58.11,B,50.0,40.67,Unknown,69.0,75.39,A,92.0,68.01,b,77.0,38.29,D,69.0,93.0,D
50,Shadow,Siamese,16,5.12,Black,Unknown,N,YES,Unknown,,dry,Checkup Needed,,43.1,A,65.0,55.2,C,88.0,51.97,a,80.0,N/A,Unknown,,43.2,B,,69.36,C,36.0,62.95, ,97.0,30.87,D,72.0,69.76,A,87.0,81.7,a,4.0,62.38,b,13.0,53.43,a
51,Shadow,maine coon,18,2.02,Mixed,,Y,No,,Sydney,Dry,,,31.8,a,32.0,28.39,A,60.0,34.44,C,66.0,47.11,b,42.0,52.16,D,97.0,16.81,C,50.0,,b,56.0,56.32,b,52.0,39.44,a,34.0,87.06,A,75.0,35.46,Unknown,,63.25,Unknown
52,Luna,,5,4.69,Gray,Unknown,N,No,Unknown,Tokyo,Dry,healthy,2024/01/05,24.73, ,85.0,16.74,b,57.0,63.22,A,61.0,51.35,b,36.0,52.11,a,13.0,46.74,a,77.0,73.32,B,61.0,88.61,B,67.0,unknown,A,20.0,70.87,A,82.0,56.28, ,,65.62,D
53,Chloe,Unknown,6,3.72,Gray,M,Yes,No,No,Berlin,Mixed,healthy,2024-01-05,60.31,B,96.0,35.09,D,61.0,37.81,C,97.0,62.7,A,56.0,51.53, ,49.0,50.72,a,59.0,error,Unknown,49.0,47.66,B,66.0,16.39,A,,51.03,B,87.0,30.41,b,38.0,58.04,D
54,Loki,Unknown,22,3.96,Mixed,Female,no,No,Unknown,Paris,wet,Healthy,2024-01-05,43.67,B,,45.58,A,71.0,92.13,A,13.0,52.05, ,60.0,32.05,C,69.0,55.39, ,39.0,53.13, ,80.0,50.44, ,79.0,18.24,D,38.0,39.07, ,60.0,59.99,a,2.0,8.48,b
55,Simba,,19,6.05,Brown,male,,,,London,wet,SICK,2024-01-05,36.85,D,29.0,72.23,Unknown,6.0,21.95,B,95.0,26.09,D,90.0,-5.11,Unknown,62.0,59.55,a,12.0,,C,96.0,27.53,C,,88.2, ,63.0,79.64,B,1.0,49.16, ,34.0,52.01,A
56,Leo,ABYSSINIAN,3,5.55, WHITE,M,,NO,Unknown,Berlin,,,2024/01/05,77.34,a,18.0,65.83, ,76.0,40.2,B,28.0,17.55, ,78.0,63.61,D,,82.57,B,20.0,49.39, ,7.0,40.6,a,,56.43,b,,73.61,Unknown,90.0,68.9,D,41.0,22.92,B
57,Oreo,,12,3.18,White,male,N,Yes,,TOKYO,Wet,healthy,05/01/2024,58.27,Unknown,,60.96,A,21.0,68.65,D,19.0,45.03,C,,32.49,C,,40.98,D,71.0,39.67,Unknown,60.0,57.03,A,32.0,17.07,Unknown,52.0,56.12, ,,62.77,D,73.0,41.82,b
58,Lucy,,17,1.93,,Unknown,N,NO,No,Toronto,wet,Sick,Jan 5 2024,41.44,b,,32.14, ,90.0,22.77,Unknown,5.0,74.23,a,96.0,61.72,a,7.0,26.15,Unknown,49.0,58.81,a,85.0,31.49,A,89.0,46.77,Unknown,64.0,80.96,D,69.0,58.96,b,25.0,60.02,B
59,Oliver,Unknown,24,2.64,Orange,M,no,,No,Paris,Mixed,,,53.87,b,68.0,57.99,Unknown,40.0,71.79,B,33.0,53.88,Unknown,36.0,70.2, ,75.0,56.61,B,3.0,55.46, ,7.0,70.09,A,,56.54,a,,37.42,A,10.0,67.49,Unknown,25.0,12.69,a
60,Simba,British Shorthair ,21,2.88,,male,yes,Yes,Unknown,London,Mixed,Sick,05/01/2024,57.11,Unknown,76.0,72.53,A,58.0,34.24,A,45.0,41.4, ,48.0,8.34,B,88.0,71.37,B,6.0,46.77,Unknown,18.0,34.44,D,56.0,61.28,A,36.0,73.37,A,69.0,74.32,Unknown,14.0,76.96,Unknown
61,Smokey, Sphynx,4,5.93,black ,Female,no,No,Unknown,Paris,,,Jan 5 2024,17.23,A,5.0,50.18,A,88.0,24.91,Unknown,18.0,22.6, ,83.0,67.09,Unknown,98.0,44.26,A,53.0,38.68,a,19.0,27.0, ,77.0,44.2,a,17.0,47.7,A,89.0,52.13,Unknown,86.0,18.92,Unknown
62,Oliver,Unknown,-2,4.66,Mixed,M,Y,No,No,TOKYO,Wet,Sick,2024/01/05,70.11,a,57.0,77.05,D,64.0,29.28,D,92.0,56.08,D,2.0,58.08,A,8.0,38.05, ,29.0,58.15,a,0.0,71.44,Unknown,22.0,37.43,Unknown,68.0,56.5,Unknown,83.0,77.51,Unknown,25.0,65.93,C
63,Luna,Ragdoll,6,7.64,Black,Unknown,N,,Yes,Toronto,Mixed,SICK,2024/01/05,52.17,A,12.0,47.68,A,2.0,47.62,Unknown,9.0,2.78, ,21.0,78.65,A,52.0,unknown, ,93.0,59.44,C,62.0,66.67,Unknown,31.0,70.74,b,39.0,46.36,Unknown,49.0,82.01,C,82.0,46.33,A
64,Luna,Ragdoll ,19,6.55,,M,,YES,,New York,Mixed,,05/01/2024,37.26,a,60.0,60.76,B,11.0,64.8,D,98.0,55.7, ,42.0,89.55,a,37.0,33.89,A,39.0,46.96,Unknown,53.0,66.19,D,88.0,78.38,a,91.0,34.22, ,6.0,52.8,C,55.0,10.99,a
65,Loki, Siamese,13,3.12,Gray,Unknown,Y,YES,Unknown,TOKYO,Wet,healthy,,76.47,D,91.0,46.47,B,19.0,62.71,b,8.0,56.98,a,66.0,92.23, ,49.0,34.57,C,59.0,40.97,D,41.0,54.72,C,,56.41,B,52.0,30.87,Unknown,21.0,38.48,a,99.0,74.66,D
66,Bella,,3,3.36,Mixed,Male,No,Yes,No,TOKYO,Dry,,2024/01/05,57.99,D,3.0,74.45,C,11.0,8.81,a,11.0,47.86,B,92.0,54.42,Unknown,93.0,66.77,D,86.0,3.38,C,7.0,35.1,Unknown,93.0,66.87,A,87.0,20.41, ,57.0,38.02,C,56.0,49.85, 
67,Bella,bengal,1,8.21,White,,no,YES,Unknown,Toronto,Dry,healthy,,83.13,Unknown,,56.97, ,69.0,72.59,D,95.0,33.47,B,94.0,88.35,D,,88.31,B,,17.7,Unknown,85.0,8.88,b,71.0,40.96,Unknown,26.0,34.52,D,75.0,41.06,a,90.0,17.83,D
68,Kitty,Unknown,12,3.05,black ,female,No,YES,,Berlin,,SICK,,32.42,Unknown,65.0,62.45,b,11.0,60.18,a,63.0,65.43,Unknown,39.0,68.49,D,,41.76,b,31.0,39.76,A,75.0,11.73,C,67.0,72.41,D,8.0,44.3,C,3.0,44.56, ,89.0,83.38,C
69,Nala,Sphynx,6,5.64,black ,M,N,YES,Yes,New York,Mixed,Checkup Needed,2024/01/05,62.47,D,21.0,53.04,a,35.0,75.3,A,94.0,36.62,a,13.0,83.3,Unknown,68.0,38.77,B,17.0,78.88,Unknown,66.0,68.62,Unknown,23.0,69.71,b,99.0,45.08,A,98.0,12.2,C,55.0,35.64,Unknown
70,Loki,BENGAL,7,4.3,Black,female,,No,No,TOKYO,Dry,,2024/01/05,62.72,D,44.0,50.98,A,97.0,54.63,a,45.0,22.61,C,21.0,54.33,A,86.0,52.62,b,50.0,35.05,b,40.0,34.24,A,96.0,47.79, ,,76.48, ,0.0,57.15, ,25.0,33.63,B
71,Milo,MAINE COON,23,6.49,,Male,Y,Yes,Yes,Tokyo,Mixed,Sick,2024-01-05,N/A, ,39.0,47.13,a,30.0,53.45, ,42.0,46.03,b,,50.07,a,98.0,32.08,b,43.0,74.04, ,97.0,55.2,Unknown,4.0,57.58,C,,34.6,b,81.0,56.38,b,,36.91,D
72,Loki,,21,4.27,Mixed,M,,,No, london,Mixed,Checkup Needed,05/01/2024,error,D,91.0,39.9,Unknown,6.0,40.19,B,15.0,4.33,B,12.0,102.83,C,48.0,55.01,a,47.0,52.77,B,44.0,20.38,A,47.0,66.51,b,67.0,80.51, ,23.0,32.29, ,,66.58,Unknown
73,Shadow,Persian,2,4.0,,Female,yes,No,No,Sydney,Mixed,Checkup Needed,Jan 5 2024,68.04,B,38.0,41.18,B,73.0,54.11,b,38.0,41.58,Unknown,,21.13, ,40.0,54.08,a,4.0,35.54,B,9.0,51.25,b,73.0,30.77,D,30.0,29.34,D,5.0,53.27,b,86.0,33.69,C
74,Chloe,,5,3.57, WHITE,Unknown,Yes,No,Unknown,Paris,Mixed,healthy,,31.28,B,34.0,19.84,a,78.0,37.65,a,32.0,38.29,Unknown,53.0,58.04,A,39.0,10.07,A,89.0,48.8, ,38.0,48.43,A,3.0,15.05,a,49.0,81.65,A,40.0,13.92,B,41.0,63.77,B
75,Chloe,Bengal,-1,5.6,Black,F,,,Yes,TOKYO,Dry,SICK,,32.43,b,61.0,9.0,A,4.0,31.43,B,12.0,22.83,B,69.0,27.4,Unknown,51.0,52.55,C,55.0,48.34,A,46.0,76.71,A,87.0,57.0,C,84.0,53.13,A,87.0,12.14, ,92.0,43.86,D
76,Nala,Abyssinian ,17,6.63,Black,Unknown,N,YES,No,TOKYO,,,Jan 5 2024,22.18, ,99.0,47.29,a,7.0,42.06,C,78.0,38.97,A,9.0,90.13,D,89.0,65.13, ,25.0,43.08,D,33.0,53.08,Unknown,59.0,32.96,a,2.0,42.31,D,43.0,29.54,A,3.0,56.07,a
77,Milo,Siamese,11,7.39,Orange,F,,NO,No,London,Wet,Healthy,2024-01-05,37.46,D,,55.29,a,71.0,59.15,B,87.0,39.42, ,82.0,57.2,C,,59.89,A,,61.6,B,94.0,54.03,b,16.0,64.46,C,43.0,60.93,D,42.0,29.99,D,56.0,70.08,B
78,Milo,Unknown,3,3.53, WHITE,Unknown,yes,Yes,,New York,,Sick,05/01/2024,39.48,D,64.0,42.77,B,9.0,57.5,D,37.0,37.27,b,18.0,51.1,a,35.0,29.46, ,34.0,36.92, ,25.0,-15.64,b,27.0,69.58,b,54.0,46.54,A,73.0,60.72,a,70.0,14.55,D
79,Simba,Bengal ,24,4.99,Orange,female,no,NO,Unknown,TOKYO,,SICK,2024-01-05,85.79,B,14.0,49.94, ,97.0,18.11,Unknown,62.0,72.37,B,94.0,16.82,C,55.0,23.61,A,63.0,63.3,C,84.0,56.03,B,69.0,65.45,C,90.0,49.79,D,54.0,9.22,D,13.0,73.22, 
80,Shadow, Siamese,6,4.83,Mixed,F,no,YES,No,Berlin,dry,Checkup Needed,Jan 5 2024,28.2,C,59.0,28.16,D,89.0,67.82,B,36.0,24.43,C,14.0,36.93,C,45.0,73.95,a,56.0,81.35,a,58.0,61.38,b,37.0,63.83,b,93.0,64.6,A,93.0,41.61,A,64.0,35.23,b
81,Shadow,SIAMESE,7,7.5,Gray,Male,No,Yes,No, london,Wet,,05/01/2024,87.35,Unknown,,55.79,C,22.0,91.33,b,32.0,17.43,C,96.0,63.75,D,,41.52,B,,69.77,D,52.0,52.83,B,35.0,9.2,b,47.0,16.0,C,6.0,52.2,D,38.0,62.76,C
82,Leo,Siamese,19,3.25,,Male,,Yes,Unknown,New York,wet,healthy,,60.41, ,77.0,62.02,Unknown,72.0,N/A,B,67.0,22.12,C,45.0,82.25,C,34.0,15.1,Unknown,28.0,,b,,77.98,D,2.0,23.85,D,72.0,43.13,a,61.0,8.95,D,0.0,43.19,D
83,Kitty,persian,22,5.5,Gray,Female,Yes,NO,Yes,TOKYO,Dry,SICK,,57.79,b,,67.95,Unknown,67.0,60.34,B,96.0,56.11,a,15.0,54.34,a,76.0,33.38,b,59.0,62.97,b,84.0,46.27,b,3.0,83.84,C,88.0,12.9, ,77.0,80.74, ,95.0,28.28,a
84,Simba,Unknown,5,4.22, WHITE,Unknown,N,Yes,Yes,,Dry,,Jan 5 2024,76.55,D,28.0,32.57,D,72.0,45.47,C,70.0,70.31,B,,,B,41.0,37.58,b,46.0,36.59,D,69.0,10.68,a,73.0,32.67,A,97.0,55.59,D,71.0,37.22,D,3.0,61.38,b
85,Lucy, Siamese,1,0.68,Orange,Female,No,YES,Unknown, london,Dry,Sick,05/01/2024,43.55,C,17.0,50.86,Unknown,25.0,24.43,D,31.0,67.09,B,65.0,60.71,a,77.0,39.72,b,30.0,54.74,B,51.0,37.06,D,,29.32,A,32.0,15.03,B,20.0,8.67,A,68.0,43.0,B
86,Oreo,Unknown,13,3.68,,Unknown,,,Yes,Sydney,Dry,Checkup Needed,05/01/2024,1.81,B,,19.74,D,37.0,39.78,D,64.0,,a,90.0,30.74,C,13.0,36.54,A,89.0,37.97, ,,48.42,A,70.0,42.61,A,12.0,58.89,B,,41.15,Unknown,11.0,57.4,D
87,Oliver,Unknown,3,5.92, WHITE,F,Y,YES,No,London,wet,,Jan 5 2024,70.13,b,17.0,73.79,b,45.0,55.82,Unknown,92.0,69.48,a,36.0,68.87,A,17.0,19.36,A,20.0,53.23,b,4.0,7.0, ,43.0,60.48,b,45.0,76.25,b,99.0,37.93,B,5.0,42.96,B
88,Lucy,Persian ,7,3.79,black ,female,Yes,YES,Yes,TOKYO,dry,Sick,Jan 5 2024,42.31, ,,63.84,B,69.0,37.56,D,30.0,34.95,A,10.0,81.81,b,,40.84,A,18.0,64.49, ,70.0,41.67, ,25.0,41.18,a,69.0,37.59,C,,76.46,A,24.0,77.68,A
89,Luna,British Shorthair ,20,1.44,Orange,F,No,NO,Unknown,New York,,Sick,2024-01-05,29.12,D,89.0,59.46,a,75.0,91.2, ,53.0,50.0,A,70.0,55.46, ,43.0,57.75, ,40.0,28.36,b,58.0,45.09, ,55.0,93.61,b,,48.93,C,72.0,57.42,B,93.0,86.69,A
90,Oreo,,24,3.52,Mixed,F,Y,YES,,Sydney,Wet,healthy,2024-01-05,79.05,D,78.0,41.61,A,70.0,114.84,C,83.0,13.31, ,14.0,69.03,a,89.0,92.06, ,73.0,27.22,B,,55.66,B,20.0,61.95,D,30.0,69.03,B,44.0,62.77,Unknown,14.0,8.31,B
91,Leo,Sphynx,19,1.94,White,F,yes,Yes,Yes,Toronto,Wet,healthy,,73.85,B,71.0,50.18,b,49.0,,D,66.0,41.4,D,93.0,44.42,C,63.0,60.1,A,47.0,71.74,D,69.0,34.26,Unknown,86.0,37.27,b,,11.42,C,,31.26,a,49.0,25.46,B
92,Bella,Bengal,9,6.86,,F,N,YES,Yes,London,,SICK,,25.17,B,15.0,53.22,D,,25.53, ,59.0,35.11,Unknown,53.0,72.59,B,16.0,50.15,C,99.0,65.88,D,57.0,29.73, ,49.0,20.38, ,92.0,83.96,Unknown,21.0,59.35,b,18.0,63.88,Unknown
93,Smokey,SPHYNX,1,2.71,Orange,male,Yes,No,,,,healthy,2024/01/05,30.55,b,0.0,49.56,D,51.0,37.05,A,62.0,71.62,B,15.0,65.64,a,23.0,39.87,Unknown,5.0,49.24,C,91.0,30.29,B,20.0,42.11,D,23.0,51.44,Unknown,30.0,unknown,Unknown,20.0,53.8,D
94,Shadow,british shorthair,16,3.19,,F,no,No,Unknown,Paris,Mixed,healthy,,48.52, ,75.0,41.05,D,68.0,108.65, ,85.0,46.42,b,39.0,53.37,A,48.0,64.12,a,68.0,35.21, ,,61.53,A,11.0,52.17,Unknown,16.0,29.63,b,56.0,58.89,b,43.0,49.8,A
95,Chloe,Persian ,1,5.26,,F,Y,,Yes,London,wet,SICK,,50.06,a,,64.2,D,83.0,58.32,Unknown,38.0,35.21,b,3.0,11.16,b,30.0,20.15,C,90.0,34.27,a,61.0,87.24,A,8.0,52.07,A,43.0,82.05, ,62.0,37.13,D,71.0,32.71,B
96,Loki,Scottish Fold,12,4.17,,Female,Yes,YES,Unknown,Berlin,,Sick,2024-01-05,32.47,a,,62.96, ,46.0,29.61, ,8.0,64.47, ,8.0,30.54,C,42.0,51.13, ,90.0,57.08,C,,48.92,D,21.0,38.58,Unknown,90.0,53.25,C,92.0,58.12,B,88.0,70.7,C
97,Lucy,Unknown,7,5.76, WHITE,M,,YES,Yes,TOKYO,,Checkup Needed,2024-01-05,58.51,B,10.0,26.82,b,60.0,74.31,b,46.0,33.39,a,57.0,73.31,a,15.0,79.59,b,75.0,41.38,A,,54.67,B,49.0,74.93,Unknown,44.0,34.82,D,64.0,86.58, ,68.0,51.3,a
98,Loki,british shorthair,15,6.38,Gray,F,yes,YES,,Sydney,wet,Healthy,2024-01-05,77.96,Unknown,44.0,42.37, ,54.0,14.98,C,38.0,37.35,Unknown,32.0,21.37, ,61.0,69.89,C,45.0,59.23,Unknown,39.0,104.37,C,72.0,74.14,B,9.0,34.46,a,24.0,55.76,C,89.0,66.4,a
99,Kitty,SPHYNX,13,4.0,,M,Y,YES,Unknown,,Wet,Checkup Needed,,26.82,A,52.0,28.02,b,67.0,unknown,B,75.0,87.62,C,63.0,23.37,A,35.0,63.79,C,88.0,75.48,b,88.0,65.85,D,94.0,36.91, ,15.0,108.08,b,10.0,16.52,b,,25.64,A
100,Loki,,20,4.64,black ,M,Yes,NO,Yes,Toronto,dry,Sick,2024-01-05,39.68,B,22.0,50.7,B,45.0,17.85,B,96.0,23.62,B,35.0,49.77,A,23.0,59.96, ,50.0,41.22, ,4.0,49.68,D,,57.56, ,72.0,74.66,D,78.0,43.86,C,2.0,11.43,Unknown
101,Loki,Unknown,13,5.9,black ,male,yes,NO,Unknown,Toronto,Dry,SICK,05/01/2024,72.13,a,0.0,27.69,b,75.0,62.42,Unknown,,31.06,a,3.0,47.79,a,66.0,20.03,b,46.0,30.44,Unknown,37.0,48.07, ,5.0,78.74,B,34.0,86.79,D,63.0,42.64,A,53.0,44.74,B
102,Leo,,7,3.21, WHITE,Unknown,,No,Unknown,Berlin,Mixed,Healthy,05/01/2024,29.19,B,52.0,19.51,C,84.0,49.34,A,44.0,94.63,D,92.0,43.35,a,94.0,71.9,Unknown,93.0,6.02,A,62.0,29.91,b,79.0,67.37,b,29.0,75.9,a,44.0,35.29, ,5.0,36.67,D
103,Smokey,,17,3.84,black ,Unknown,N,,No,TOKYO,Mixed,Healthy,,,B,74.0,42.61,b,89.0,46.86,Unknown,,58.36, ,31.0,47.43,Unknown,42.0,88.34,D,47.0,9.93, ,3.0,82.03, ,12.0,68.46,D,81.0,75.98,D,,54.26,a,46.0,64.57,b
104,Loki,,5,4.49,black ,female,Y,YES,Yes,London,dry,SICK,2024-01-05,54.02,a,35.0,47.55,a,74.0,35.28,D,76.0,89.72, ,,40.07, ,20.0,44.35, ,17.0,38.88,b,29.0,99.46,A,2.0,88.5,Unknown,70.0,28.12,a,5.0,63.6,b,44.0,34.7,B
105,Loki,MAINE COON,5,6.29,Gray,Female,Y,No,Unknown,,wet,Healthy,Jan 5 2024,68.08, ,37.0,99.71,A,1.0,61.19,D,85.0,58.45, ,83.0,42.48,Unknown,81.0,N/A,A,53.0,error,C,99.0,45.03,b,64.0,28.8,b,,71.6,Unknown,61.0,94.51,B,57.0,28.5,a
106,Nala,ABYSSINIAN,3,4.64, WHITE,female,Y,YES,No,TOKYO,Dry,SICK,,48.64,a,16.0,22.92,D,2.0,41.3,D,75.0,68.68,D,10.0,59.69,C,99.0,4.13,b,27.0,86.94,b,35.0,75.66,B,73.0,60.49, ,,78.14, ,,36.75,b,71.0,66.57,Unknown
107,Oreo,Siamese ,9,0.88,black ,M,Y,Yes,Yes,,Dry,Checkup Needed,05/01/2024,49.4,A,48.0,N/A,a,23.0,38.19,D,45.0,53.48,A,4.0,80.41, ,39.0,67.85,Unknown,78.0,50.77,b,55.0,22.15,B,56.0,99.88,Unknown,39.0,63.45,A,68.0,52.65,D,55.0,78.54,D
108,Loki,Unknown,10,7.5,White,,No,No,Yes,Berlin,Dry,SICK,2024-01-05,63.24,Unknown,41.0,45.05,B,,77.01, ,,21.48,Unknown,62.0,72.28,B,82.0,37.8,b,55.0,78.58,a,69.0,64.1, ,18.0,21.34,D,,41.84,b,63.0,64.92,D,57.0,29.13,A
109,Leo,Maine Coon,12,5.33,black ,male,No,,Yes,Sydney,Dry,Sick,2024-01-05,58.28,C,17.0,39.51,Unknown,47.0,70.37,A,77.0,52.57,C,57.0,42.84,C,28.0,57.7,b,55.0,73.36,a,,51.36,a,66.0,61.86,B,92.0,108.18,D,80.0,72.78,Unknown,4.0,74.31,A
110,Chloe,Unknown,12,3.92,Black,M,No,No,Unknown,Paris,wet,SICK,,57.29,D,,28.15, ,17.0,66.62,b,82.0,65.43,B,50.0,87.22, ,64.0,N/A,b,71.0,51.98,A,13.0,83.8,A,37.0,49.89,Unknown,96.0,84.5,Unknown,70.0,53.58,B,37.0,81.85,C
111,Simba,British Shorthair ,0,5.06,black ,male,no,Yes,Yes,Berlin,wet,healthy,Jan 5 2024,56.52,a,72.0,69.55,A,50.0,61.18,a,94.0,32.8, ,33.0,69.9,D,49.0,70.34, ,81.0,44.57,A,24.0,52.88,a,38.0,78.64,B,97.0,83.23,b,15.0,37.91,Unknown,4.0,60.07, 
112,Tiger,ABYSSINIAN,-1,4.96,Gray,M,N,No,, london,Dry,healthy,2024-01-05,54.74, ,94.0,18.35, ,63.0,60.36,D,30.0,22.18, ,48.0,23.04,a,78.0,36.79,D,82.0,57.59,C,19.0,38.02,D,,36.64,b,56.0,42.68,Unknown,4.0,72.16,C,2.0,61.02,C
113,Bella, Ragdoll,8,4.09,Black,Male,No,,Unknown,Berlin,Dry,Sick,,76.44,D,53.0,20.39, ,44.0,79.0,b,59.0,37.43, ,82.0,66.21,C,21.0,54.43, ,,77.41,a,49.0,72.91,A,29.0,52.31,A,74.0,49.38,b,9.0,69.65,A,11.0,58.87,B
114,Bella,sphynx,21,4.22,Gray,Male,Y,No,No,TOKYO,,Checkup Needed,05/01/2024,104.79,A,5.0,42.54,b,2.0,32.54,A,51.0,,b,2.0,29.0,C,46.0,60.73,C,11.0,25.31,a,82.0,43.83,A,61.0,74.14, ,50.0,50.08,b,81.0,54.54,Unknown,57.0,49.82,D
115,Luna,Unknown,3,5.3,White,female,Y,YES,,TOKYO,dry,Checkup Needed,,51.32,C,77.0,75.24,C,56.0,74.95,A,71.0,36.54, ,68.0,37.35,b,96.0,58.21,C,,24.44,B,47.0,error,A,20.0,52.3,Unknown,40.0,43.32,B,81.0,87.47,C,75.0,5.03,Unknown
116,Milo, Persian,12,4.88,White,F,N,NO,Yes, london,,Checkup Needed,,76.41,Unknown,39.0,61.65,A,62.0,39.38,A,96.0,30.07, ,76.0,21.0,C,46.0,35.37,A,19.0,46.12, ,,46.46,C,69.0,36.57,C,78.0,14.36,a,12.0,64.91, ,97.0,52.44,b
117,Bella,SIAMESE,-2,4.59,Gray,F,No,No,No,New York,Dry,Checkup Needed,,65.45, ,95.0,44.0,D,1.0,37.82,D,14.0,61.83,a,89.0,35.18,A,81.0,64.35,Unknown,26.0,26.58,C,16.0,68.04,C,9.0,50.67,A,44.0,36.94,D,16.0,14.38,D,36.0,28.43,A
118,Shadow,Persian ,17,5.77,White,Female,yes,No,Unknown,,wet,Checkup Needed,,46.59,b,51.0,54.58,B,91.0,68.38,a,87.0,89.14,D,45.0,26.52,a,38.0,27.49,A,14.0,48.27,Unknown,12.0,33.73,D,,83.19,C,,44.18,C,87.0,49.91,D,76.0,40.73,C
119,Leo,sphynx,5,3.27,,,Yes,Yes,Unknown,Tokyo,Dry,,Jan 5 2024,80.69,C,,27.3, ,74.0,30.42,Unknown,44.0,42.85,b,31.0,71.97,B,,38.1,Unknown,83.0,58.84,B,47.0,93.24,a,77.0,31.66,a,10.0,60.34,B,46.0,79.56,a,87.0,67.66,B
120,Luna,,13,4.95,Black,Male,yes,YES,,,Dry,Checkup Needed,,36.69,B,5.0,38.16,A,86.0,14.36,b,65.0,52.23,a,37.0,15.37,a,26.0,51.67,C,50.0,89.14,A,78.0,87.53,D,34.0,39.89,D,93.0,71.45,D,12.0,99.64,B,71.0,69.21,b
121,Bella,SCOTTISH FOLD,13,4.94,Gray,M,No,No,,Berlin,dry,healthy,05/01/2024,36.18, ,66.0,31.71,Unknown,88.0,44.2,Unknown,67.0,52.57,C,21.0,error,A,,45.16, ,8.0,49.35,b,,24.05,A,21.0,52.06,b,60.0,55.88,A,12.0,48.16, ,42.0,37.81, 
122,Oreo,Unknown,-1,1.88, WHITE,male,N,No,No,,Wet,Checkup Needed,2024-01-05,26.85,B,36.0,62.04,C,7.0,44.91,A,84.0,8.91,B,99.0,62.8,a,69.0,44.22, ,76.0,31.59, ,93.0,67.67,a,78.0,73.16, ,39.0,105.38,a,69.0,-11.82, ,74.0,38.49,Unknown
123,Luna,Ragdoll ,-2,4.43,Gray,,No,No,,,wet,SICK,,24.69,C,80.0,67.61,a,77.0,46.88,A,52.0,51.01,A,48.0,86.65,b,8.0,31.78,A,44.0,14.45,A,1.0,50.69,Unknown,17.0,39.52, ,50.0,51.96,B,,60.53,D,18.0,34.67,A
124,Milo,Unknown,6,6.06,Orange,female,Yes,NO,No,Sydney,Dry,Healthy,,41.66,B,92.0,55.23,b,47.0,46.21,A,47.0,42.23,B,70.0,54.39, ,,72.59,Unknown,2.0,26.11,C,67.0,45.14,Unknown,44.0,41.19,C,78.0,35.35,C,83.0,40.2,B,36.0,61.18,A
125,Oliver, Sphynx,15,3.59, WHITE,female,No,Yes,No, london,Mixed,Sick,2024-01-05,84.26,D,23.0,93.73,A,25.0,56.96, ,46.0,19.09,a,46.0,45.88,Unknown,41.0,49.65,C,,45.79,a,99.0,60.13,D,9.0,17.01, ,44.0,84.61,A,9.0,8.14,C,87.0,45.65, 
126,Loki,,21,4.69,Black,F,Yes,Yes,Yes,Berlin,Wet,Sick,Jan 5 2024,42.6,D,98.0,55.66,C,65.0,80.05,Unknown,3.0,61.15,D,26.0,80.53,b,26.0,41.5,D,25.0,46.12,B,,51.65,A,31.0,65.35,B,66.0,15.35,a,35.0,16.01, ,98.0,84.52,a
127,Oliver,Siamese,11,4.49,black ,Female,N,No,No,New York,,Sick,2024/01/05,46.87, ,47.0,20.11,A,39.0,55.87,B,13.0,91.58,b,49.0,67.9, ,,45.84, ,79.0,40.63,C,10.0,70.29,b,77.0,73.5,C,49.0,,b,87.0,42.83,b,,63.93,a
128,Luna,Unknown,21,5.31,White,Female,yes,Yes,No,New York,dry,Healthy,2024/01/05,92.31,A,14.0,43.38,C,53.0,79.41,B,98.0,55.92,D,15.0,83.84,D,20.0,43.67,a,43.0,11.76,C,90.0,66.17,B,6.0,20.32,Unknown,11.0,,b,,42.6,b,27.0,69.86,Unknown
129,Tiger,ragdoll,12,3.81,Mixed,M,Yes,NO,Yes,,Wet,healthy,2024-01-05,59.67,C,45.0,15.23,a,70.0,45.47,B,58.0,21.13,a,40.0,61.14,B,23.0,20.25,B,99.0,21.64, ,,70.73,Unknown,37.0,16.83,b,34.0,39.42,C,99.0,17.61,b,,21.53,a
130,Leo,bengal,20,3.05,White,,no,YES,Unknown,London,,SICK,2024-01-05,40.67,Unknown,62.0,68.4,A,50.0,35.51,D,,65.44,D,22.0,22.43,B,67.0,42.46,a,8.0,30.41,D,60.0,91.19,Unknown,,37.2,D,72.0,45.5,D,81.0,error,D,0.0,52.45,C
131,Oliver, Scottish Fold,-2,2.79,,,No,NO,Yes,Paris,,,2024/01/05,41.32,B,89.0,34.98,Unknown,28.0,39.57,b,47.0,error,B,26.0,74.84,C,33.0,5.37,b,77.0,70.39,C,43.0,67.19,a,27.0,39.1,C,79.0,3.95,B,99.0,33.42,Unknown,85.0,86.93,B
132,Chloe,British Shorthair,3,4.56, WHITE,M,no,NO,No,Tokyo,,healthy,,63.2,B,16.0,62.69,a,35.0,unknown,a,5.0,47.85,a,12.0,47.24,b,62.0,49.65,Unknown,30.0,30.52,B,48.0,36.24,C,47.0,55.78,B,13.0,47.99,C,37.0,46.19,C,8.0,80.67,D
133,Tiger,,19,5.77,Gray,Unknown,yes,YES,Unknown,,Wet,Sick,Jan 5 2024,N/A, ,78.0,35.35,C,35.0,67.97,A,85.0,33.43,a,3.0,43.93,Unknown,12.0,35.98,D,43.0,48.46, ,70.0,36.12,D,20.0,43.1,A,34.0,61.02,b,,42.23,A,93.0,63.84,B
134,Luna,,20,2.43,Mixed,F,no,YES,,Paris,wet,SICK,,29.23,Unknown,94.0,56.83,Unknown,88.0,41.86,a,11.0,34.95,b,3.0,41.06,Unknown,40.0,49.58,Unknown,9.0,-10.49, ,93.0,17.48,D,77.0,61.32,b,17.0,49.48,b,95.0,50.68,D,37.0,48.86,D
135,Simba,persian,3,3.1,black ,male,no,Yes,Unknown,Toronto,,,2024/01/05,, ,43.0,21.15,b,43.0,47.18,B,37.0,34.93,C,15.0,77.19,D,59.0,72.91,a,,79.51,D,29.0,58.36,C,18.0,45.51,D,46.0,87.43,C,9.0,unknown,B,79.0,64.86,Unknown
136,Bella,Scottish Fold,11,5.41,Gray,Female,N,No,Yes,Sydney,,,,39.56,b,71.0,55.87,b,84.0,29.59,B,68.0,51.81,a,6.0,60.39,a,44.0,64.85,A,36.0,39.07,D,76.0,51.89, ,34.0,42.59,b,86.0,50.34,A,18.0,55.02,A,62.0,70.75,D
137,Shadow,Unknown,1,2.71,Mixed,Female,Y,YES,,Toronto,Wet,SICK,05/01/2024,63.38,D,77.0,50.55, ,17.0,106.24,A,30.0,24.44,A,19.0,70.15,B,30.0,27.45,C,35.0,24.2,b,10.0,65.35,B,48.0,59.52,B,11.0,41.11,B,26.0,64.17,A,,39.19,D
138,Luna, Maine Coon,11,3.05,Orange,male,N,Yes,Yes,London,Wet,,2024-01-05,43.52,A,34.0,15.99,C,,35.38,a,22.0,35.77,B,,29.7,A,64.0,56.14,Unknown,26.0,70.33, ,50.0,64.77,C,13.0,38.99, ,20.0,32.37,C,36.0,57.73,Unknown,,41.84,b
139,Chloe, Abyssinian,1,4.76,Brown,Unknown,no,No,Yes, london,Mixed,Sick,05/01/2024,34.0,A,79.0,43.86,A,97.0,55.83,A,97.0,22.95,A,73.0,58.75,b,36.0,23.46,b,89.0,60.44,A,33.0,34.09,C,96.0,42.76,A,84.0,46.64,a,6.0,67.49,b,32.0,29.02,A
140,Oliver,Abyssinian ,6,4.64,Mixed,M,No,No,No,Berlin,Wet,Checkup Needed,,52.31,C,80.0,15.28,b,52.0,77.32,D,91.0,10.49, ,71.0,5.53,A,89.0,36.41,b,43.0,35.97,a,24.0,-1.81,B,51.0,66.59,b,72.0,69.52,B,16.0,41.6,D,9.0,54.49,D
141,Lucy,Persian,1,1.73,Brown,Female,,,Unknown,,,SICK,05/01/2024,76.26,a,59.0,84.37,C,73.0,38.74,A,14.0,49.0, ,53.0,57.07,a,32.0,59.06,Unknown,2.0,41.16,D,91.0,27.42,B,50.0,29.62,B,58.0,62.39,B,68.0,56.57,B,67.0,33.64,b
142,Chloe,SCOTTISH FOLD,7,5.67,Mixed,M,Yes,YES,Yes,Tokyo,dry,healthy,2024/01/05,82.26, ,59.0,14.2,a,82.0,93.41,B,58.0,37.26,B,29.0,81.01,A,71.0,39.95,a,26.0,24.41, ,40.0,78.32,Unknown,42.0,23.58, ,4.0,24.44,a,97.0,72.13,b,,63.35,D
143,Simba,,9,4.41,Gray,male,No,,, london,wet,Checkup Needed,05/01/2024,62.61, ,88.0,78.91,Unknown,2.0,0.51,D,22.0,66.81,B,60.0,38.57,B,66.0,41.12,Unknown,51.0,72.94,Unknown,29.0,70.24,b,31.0,39.52,C,27.0,unknown,D,41.0,50.22,Unknown,67.0,59.57, 
144,Lucy,Scottish Fold,1,2.61, WHITE,,,NO,,Paris,dry,Healthy,,18.09, ,47.0,82.86,D,99.0,48.56,Unknown,,39.73,b,24.0,50.38,a,,41.6, ,48.0,62.46,B,74.0,33.8,b,,51.44, ,98.0,53.44,a,26.0,19.63,a,48.0,50.06,B
145,Oliver,british shorthair,9,6.8,Mixed,Unknown,N,YES,No,Tokyo,Wet,Healthy,2024-01-05,39.14, ,54.0,20.66,a,32.0,35.69, ,18.0,84.21,B,13.0,81.22,a,50.0,91.05,A,58.0,60.17,A,2.0,41.44,A,57.0,61.62, ,34.0,56.82,B,41.0,75.08,B,82.0,error,B
146,Shadow,Unknown,9,4.45,Orange,female,yes,No,No,London,Dry,SICK,2024-01-05,62.89,b,60.0,30.64,C,37.0,7.22,a,63.0,47.62, ,73.0,62.89,A,37.0,87.92,Unknown,49.0,40.88,b,49.0,84.03,C,65.0,77.1,Unknown,80.0,45.31,b,29.0,49.62,A,41.0,67.26, 
147,Oliver,,17,2.41,Brown,F,Y,Yes,,New York,wet,Checkup Needed,2024/01/05,N/A,b,11.0,37.28,Unknown,75.0,20.59,B,23.0,60.83,Unknown,89.0,56.27,b,,71.61,D,,N/A,C,56.0,11.78,A,48.0,68.05, ,37.0,38.79,D,69.0,41.27,Unknown,,61.33,C
148,Oreo,Maine Coon,20,4.69,,M,Y,YES,Unknown,,,Healthy,05/01/2024,77.62,C,79.0,41.78,A,89.0,23.45,C,7.0,38.83,A,68.0,100.37,b,50.0,63.13,a,62.0,65.04,Unknown,68.0,104.63, ,12.0,66.7,D,79.0,26.69, ,63.0,62.68,B,93.0,83.01,b
149,Leo,Unknown,8,3.96,White,M,No,No,Unknown,New York,,,2024-01-05,81.99,C,32.0,78.76,C,5.0,51.64,b,18.0,53.58,A,55.0,47.78,b,98.0,64.27,a,84.0,26.07,a,45.0,38.05,A,28.0,85.2, ,21.0,46.1, ,,4.84,B,6.0,35.01,B
150,Oreo,BRITISH SHORTHAIR,8,4.98,Gray,F,Y,No,,Paris,dry,,,37.31,D,,38.71,C,0.0,42.79,Unknown,,60.19,A,38.0,59.16,A,16.0,-0.13, ,81.0,64.33,B,,86.31,D,29.0,25.93,D,45.0,62.94,D,29.0,92.94,a,43.0,41.05,D
151,Lucy,persian,2,3.62,Mixed,male,N,NO,Unknown,,dry,healthy,05/01/2024,49.58,Unknown,19.0,50.49,A,97.0,64.84,C,15.0,34.03,D,87.0,59.46,D,84.0,69.7, ,93.0,41.78,a,21.0,70.86,a,,46.78,A,25.0,28.66,a,85.0,35.75,A,16.0,29.69,D
152,Leo,Unknown,10,4.56,Black,M,no,No,Yes,Sydney,Wet,,05/01/2024,72.67,a,90.0,66.49,D,70.0,59.69,C,53.0,35.52,D,,37.31,b,41.0,16.38, ,96.0,44.74,Unknown,94.0,42.13,B,27.0,36.03,a,78.0,53.01,B,6.0,74.02,a,8.0,63.68,b
153,Oliver,,0,6.69,Orange,female,,No,Unknown,,,healthy,Jan 5 2024,43.4,B,39.0,26.02, ,32.0,17.07,b,83.0,82.65,D,39.0,47.09,a,34.0,85.67,D,66.0,62.4,B,89.0,69.69,B,63.0,33.9, ,5.0,95.55,a,62.0,44.85, ,43.0,46.47,Unknown
154,Oreo,Abyssinian ,3,2.84,Black,Female,No,No,Unknown,TOKYO,wet,Healthy,,45.3,b,28.0,51.49,A,42.0,39.65,b,38.0,46.38,C,78.0,42.88,b,19.0,73.75,b,28.0,62.27,B,33.0,61.07,D,13.0,82.32,b,32.0,60.99,A,53.0,29.64,C,14.0,14.46,C
155,Leo,siamese,13,4.62,White,M,No,No,Unknown,,Dry,SICK,Jan 5 2024,65.05,b,17.0,31.2,C,74.0,57.11, ,70.0,39.38,B,,49.07,b,13.0,43.3,b,7.0,84.43,B,,42.08,A,96.0,44.73,B,91.0,86.6,C,81.0,60.79,b,4.0,64.64,A
156,Loki,Siamese ,10,2.8,Brown,Unknown,No,NO,No,,Mixed,Checkup Needed,05/01/2024,53.39,a,48.0,47.42, ,12.0,41.84, ,,43.99,a,60.0,45.01,D,76.0,48.86,C,71.0,56.94,B,84.0,35.89,Unknown,68.0,25.54,a,54.0,65.22,Unknown,54.0,31.62,B,,72.07,C
157,Milo,,15,5.82,Brown,Unknown,yes,NO,,Berlin,wet,SICK,2024/01/05,44.21,C,4.0,31.71,Unknown,85.0,29.01,C,85.0,94.88,C,25.0,65.96,a,79.0,40.97,a,73.0,54.37,A,38.0,36.29,b,0.0,50.89, ,92.0,47.06,b,43.0,65.15, ,75.0,29.87, 
158,Oliver,SPHYNX,13,4.63,,F,No,YES,No,London,wet,,,N/A,C,12.0,31.31, ,97.0,48.49,b,76.0,38.44,A,27.0,76.85,C,52.0,68.93,B,18.0,58.91,A,67.0,52.54,b,72.0,78.92, ,82.0,23.09,B,78.0,11.56,C,11.0,20.61,B
159,Lucy,Maine Coon,22,3.28,White,,Yes,Yes,Unknown,,Wet,SICK,,32.34,A,75.0,31.9,b,90.0,59.46,b,2.0,23.19, ,66.0,54.24,A,48.0,48.4,Unknown,,33.62,A,23.0,37.11,C,10.0,44.34, ,99.0,54.42,B,0.0,63.72,a,58.0,64.76,D
160,Oreo,,7,4.4, WHITE,Female,no,No,No,Toronto,,healthy,Jan 5 2024,4.25,a,42.0,56.25,D,79.0,34.98,D,21.0,37.56,b,,30.86,B,,76.24,C,58.0,63.41,Unknown,31.0,40.15,B,42.0,38.96,D,98.0,15.26,C,13.0,10.02,A,13.0,41.98,Unknown
161,Shadow,Unknown,22,3.83,Gray,Female,no,Yes,Yes,Berlin,Mixed,,Jan 5 2024,56.98,B,17.0,39.21, ,16.0,16.53,B,15.0,69.09,D,72.0,76.61,B,59.0,74.35,b,41.0,37.64,a,10.0,45.13, ,75.0,86.45,B,63.0,17.59,Unknown,46.0,21.94,Unknown,76.0,47.45,Unknown
162,Chloe,Siamese,19,3.44, WHITE,female,,NO,No,Tokyo,Wet,healthy,05/01/2024,74.98, ,28.0,42.6, ,35.0,59.53,Unknown,22.0,95.11,D,95.0,42.64, ,85.0,29.26,B,44.0,59.29,B,,30.68,Unknown,0.0,60.51,Unknown,,58.17,D,42.0,38.66,C,78.0,69.77,B
163,Milo, Sphynx,6,3.54,Brown,male,,No,Yes,Tokyo,wet,Checkup Needed,2024-01-05,68.5,b,96.0,56.96,Unknown,74.0,25.42, ,,error,a,80.0,64.81,B,26.0,43.8,C,5.0,27.39,B,61.0,64.82,Unknown,71.0,49.82,Unknown,98.0,78.55,Unknown,53.0,66.52,a,18.0,51.18,C
164,Loki,,1,5.68,Orange,,N,NO,No,Berlin,Mixed,Sick,2024/01/05,46.14,b,12.0,74.13,b,23.0,19.25,A,25.0,35.36,D,36.0,45.74, ,72.0,82.37,C,60.0,44.29,C,,77.23,a,71.0,27.02, ,60.0,42.69, ,71.0,63.99,A,87.0,57.58,a
165,Chloe,sphynx,12,3.42,White,female,Yes,NO,No,Sydney,Mixed,Healthy,2024-01-05,82.86,b,8.0,81.72, ,3.0,55.63,A,59.0,22.25,b,34.0,23.66,C,3.0,39.22,Unknown,9.0,26.7, ,28.0,10.66,D,73.0,64.27,D,37.0,62.23,A,43.0,24.89, ,29.0,69.32,b
166,Kitty,,14,4.78,black ,F,Y,No,No,Sydney,Mixed,,,77.18,b,65.0,31.12,a,74.0,56.54,a,28.0,69.97,a,87.0,68.17,A,15.0,42.5,a,47.0,62.43,B,80.0,28.07,D,73.0,64.25,B,,77.08,b,69.0,69.18,Unknown,40.0,89.93,a
167,Lucy,Ragdoll,4,5.24,Black,M,yes,No,Yes,Sydney,dry,,2024/01/05,31.11,b,,-5.92,C,60.0,45.54,Unknown,65.0,51.82,A,38.0,40.13,Unknown,71.0,45.61,a,90.0,30.16,A,57.0,72.5,b,49.0,58.86,a,72.0,36.4,D,46.0,51.62,a,31.0,52.19,Unknown
168,Nala,MAINE COON,17,2.64,black ,Male,No,Yes,Yes,New York,Wet,healthy,05/01/2024,69.46, ,,20.57,Unknown,84.0,54.23,C,10.0,47.73,D,76.0,70.95,B,55.0,48.64,a,30.0,57.07,A,77.0,44.32,C,73.0,45.01,B,49.0,8.4,D,55.0,40.49,B,79.0,38.9, 
169,Lucy,Persian,-1,4.93,Mixed,male,,No,,Tokyo,,Checkup Needed,2024-01-05,25.89, ,3.0,61.44,B,94.0,34.82,b,,59.65,C,72.0,60.3, ,23.0,27.8,A,1.0,44.33,A,61.0,36.75,C,46.0,33.57,a,13.0,87.85,D,13.0,70.06,Unknown,,75.06,b
170,Oliver,persian,13,3.7,White,Male,yes,YES,No,London,Dry,Healthy,2024-01-05,53.57,B,81.0,58.27,B,,106.42,D,,23.43,b,21.0,60.8,A,31.0,36.16, ,,49.8,a,60.0,63.66,Unknown,78.0,43.3,C,16.0,52.85,b,93.0,26.64,b,23.0,51.93,D
171,Leo,Sphynx ,9,1.9, WHITE,F,No,No,No,London,Dry,Healthy,,30.1,C,66.0,48.17,a,,34.53,B,82.0,41.5, ,21.0,42.66,B,13.0,40.62, ,10.0,68.13,Unknown,86.0,18.94,C,59.0,85.53,A,20.0,71.15, ,,22.79,C,63.0,79.63,A
172,Luna,RAGDOLL,5,3.9,black ,,No,,Yes,TOKYO,Mixed,healthy,2024/01/05,36.91, ,89.0,45.64,b,16.0,43.44,D,73.0,98.02,B,11.0,unknown,B,49.0,39.43,D,,33.59, ,55.0,53.5,Unknown,21.0,57.09,Unknown,4.0,21.59,b,,82.29,a,44.0,69.14,B
173,Luna,,6,5.05, WHITE,M,,Yes,Unknown,London,,,2024-01-05,44.54, ,,36.48, ,89.0,53.03,B,21.0,42.44,B,27.0,unknown, ,,45.16,b,35.0,44.08,A,,63.71,A,70.0,79.4, ,92.0,54.14,a,69.0,29.79,b,,56.37,a
174,Kitty,Unknown,1,5.7,White,M,no,YES,Unknown,Paris,Dry,Healthy,,78.38,C,22.0,60.62,B,88.0,72.49,b,97.0,48.13,A,42.0,28.45,B,92.0,41.74,b,48.0,56.63, ,10.0,19.71,C,93.0,71.09,D,15.0,47.8,B,46.0,38.23,Unknown,88.0,78.09,A
175,Luna,Unknown,21,4.78,Orange,F,no,Yes,Yes,Toronto,dry,healthy,,25.41,a,25.0,57.0, ,93.0,71.23,C,8.0,49.31,B,80.0,68.73,D,80.0,59.91,C,62.0,60.73,Unknown,68.0,65.03,b,,93.1,b,72.0,7.03,B,30.0,52.3,B,92.0,27.86,Unknown
176,Kitty,BRITISH SHORTHAIR,9,3.78,Gray,male,Y,YES,, london,Mixed,Sick,2024/01/05,77.11,C,63.0,56.99,D,74.0,85.61,C,79.0,56.06,D,73.0,43.6,B,92.0,47.38,a,90.0,71.02,a,15.0,45.27,A,52.0,15.78,D,72.0,38.23,C,74.0,52.45,B,67.0,13.06, 
177,Leo,abyssinian,20,5.04, WHITE,Male,No,YES,Unknown,Toronto,Wet,SICK,,25.39,A,86.0,43.89,B,98.0,56.41,B,70.0,83.25,Unknown,52.0,43.64,C,68.0,14.72,B,15.0,N/A,Unknown,70.0,25.07,a,31.0,41.03,A,40.0,70.91,D,45.0,61.88,B,81.0,52.11,Unknown
178,Oreo, Bengal,5,2.91,black ,M,Y,,No, london,dry,Checkup Needed,Jan 5 2024,51.0,Unknown,37.0,61.91,Unknown,93.0,82.86,A,,41.02,B,90.0,21.53,A,83.0,95.79,A,74.0,43.66,A,38.0,40.13,b,28.0,7.46,Unknown,,19.17,Unknown,49.0,71.49,D,39.0,51.51,b
179,Chloe,Sphynx,7,5.82,Orange,male,N,No,,TOKYO,,Checkup Needed,,18.96,A,47.0,30.16,b,,56.82,A,22.0,36.89,a,5.0,90.92,Unknown,39.0,69.31,Unknown,0.0,82.65,Unknown,,33.44,D,51.0,91.32,A,4.0,35.56,Unknown,23.0,28.71,a,77.0,28.1,B
180,Leo,maine coon,20,1.92, WHITE,Male,Yes,Yes,No, london,,SICK,,64.33, ,10.0,65.68,a,0.0,59.48,D,2.0,44.15,A,13.0,37.72,B,8.0,,a,59.0,51.16,A,25.0,53.67, ,56.0,53.2,Unknown,76.0,89.91, ,59.0,54.43,A,93.0,87.14,D
181,Nala,SPHYNX,23,4.41, WHITE,,N,YES,,London,Dry,healthy,2024/01/05,47.13,a,16.0,30.24, ,32.0,51.01,D,29.0,26.82,Unknown,11.0,79.01, ,0.0,66.23,a,42.0,63.38,B,,40.84,Unknown,11.0,29.1,A,72.0,7.23,C,21.0,46.03,C,98.0,77.73,Unknown
182,Smokey,,11,2.86, WHITE,,N,No,Yes,Toronto,wet,Checkup Needed,Jan 5 2024,81.62,B,63.0,84.21,C,9.0,56.16,B,53.0,36.46, ,35.0,48.5,B,7.0,73.32,D,73.0,73.98,Unknown,18.0,55.43, ,,29.69,D,70.0,51.35,D,80.0,70.94, ,,N/A,b
183,Nala,Unknown,4,6.54, WHITE,Female,Yes,NO,Yes,Berlin,dry,Sick,Jan 5 2024,7.36,D,36.0,19.19,b,24.0,9.23,C,38.0,23.92,A,50.0,32.92,b,85.0,62.42,b,82.0,54.61,C,2.0,52.83,A,44.0,63.47,a,94.0,39.41,C,81.0,25.84,B,38.0,35.97,a
184,Tiger,SIAMESE,5,5.32,Orange,Unknown,no,Yes,Unknown,Berlin,Wet,Sick,05/01/2024,39.44,b,9.0,47.55,a,17.0,33.16,C,30.0,41.39, ,,51.07,C,,N/A,A,51.0,61.03,B,48.0,68.78,A,22.0,68.58,A,83.0,65.73,C,,35.86,A,39.0,57.88,a
185,Oreo,Persian,6,7.18,black ,,No,YES,,Sydney,,Checkup Needed,2024-01-05,71.56, ,,38.74, ,5.0,66.46,b,79.0,40.98,a,43.0,44.1,b,83.0,84.51,A,75.0,N/A,a,39.0,21.98,B,61.0,29.18,B,67.0,71.45,Unknown,10.0,51.55,A,92.0,61.37,B
186,Nala,sphynx,3,5.25, WHITE,Female,N,NO,No, london,Mixed,Sick,,66.39,D,45.0,51.35,A,60.0,38.36, ,2.0,94.01, ,40.0,56.36,b,8.0,51.78,C,62.0,31.85,a,57.0,23.79,B,59.0,56.3,b,91.0,46.82, ,95.0,68.02, ,75.0,47.28,A
187,Tiger,Maine Coon ,4,3.85,Brown,Male,No,YES,Unknown,Toronto,Wet,Healthy,2024-01-05,56.04,Unknown,,43.34,C,2.0,32.66,A,15.0,52.77,b,52.0,90.07,Unknown,11.0,63.58,C,10.0,67.84, ,82.0,7.92,C,14.0,65.74,Unknown,15.0,30.4, ,88.0,18.57,A,38.0,67.84,B
188,Oliver,SPHYNX,1,5.65, WHITE,,Yes,,Unknown,,wet,Checkup Needed,05/01/2024,66.36,B,35.0,31.96, ,57.0,59.1,A,,56.14, ,23.0,54.73, ,47.0,41.59,b,34.0,5.24,D,0.0,38.42,D,41.0,66.46,a,37.0,46.44,D,14.0,72.7, ,7.0,error, 
189,Leo,British Shorthair ,5,4.27,Brown,Unknown,Yes,,,Berlin,wet,,Jan 5 2024,43.78,A,52.0,50.84,b,57.0,32.33, ,81.0,23.55, ,,69.89,D,64.0,34.01,D,86.0,53.93,a,84.0,39.64,a,96.0,53.05, ,40.0,26.22,a,55.0,30.93,b,58.0,31.82,a
190,Oreo,MAINE COON,16,4.42,Black,female,Y,NO,Yes,New York,Mixed,Sick,Jan 5 2024,N/A, ,59.0,14.72,A,88.0,54.39,A,51.0,26.8, ,34.0,38.39,D,60.0,57.49,b,62.0,56.75,B,14.0,89.97,C,97.0,47.16,b,7.0,39.92,b,,53.59, ,66.0,74.09,Unknown
191,Oliver, Siamese,9,5.18,,M,,Yes,Unknown,Sydney,Mixed,healthy,,51.57,A,52.0,38.34,a,,46.18, ,82.0,109.23,b,5.0,80.13,b,65.0,75.31,Unknown,87.0,65.97,D,4.0,64.46,C,63.0,62.83,A,19.0,40.77,Unknown,36.0,62.44,A,,52.17,B
192,Lucy,Bengal,21,4.58,black ,male,no,YES,No, london,Mixed,Healthy,05/01/2024,64.98,a,29.0,42.15, ,48.0,54.92,A,13.0,81.66, ,42.0,30.35, ,7.0,13.39,B,10.0,46.28,C,19.0,41.31,b,53.0,76.64,a,21.0,52.42, ,99.0,74.76,D,72.0,45.16,A
193,Tiger,sphynx,22,6.94,black ,,no,,Unknown,Toronto,wet,SICK,,84.92,C,85.0,64.97,b,70.0,59.71,C,89.0,54.06, ,31.0,17.92,a,40.0,28.63,C,77.0,64.65,A,0.0,58.13, ,31.0,75.81,D,63.0,53.55,A,97.0,unknown,b,3.0,59.49,D
194,Luna,Unknown,16,4.05,Mixed,,Y,NO,,TOKYO,Wet,healthy,2024/01/05,22.41,Unknown,78.0,25.37,B,22.0,21.33,B,29.0,79.24,b,83.0,35.38,b,,89.73,B,74.0,55.35,Unknown,16.0,57.78,C,2.0,50.06,Unknown,,19.62,a,0.0,45.71,b,43.0,12.02, 
195,Nala,SIAMESE,17,4.09,Gray,Female,no,Yes,,TOKYO,wet,Sick,Jan 5 2024,40.2,b,70.0,27.39,C,4.0,error, ,33.0,24.92,A,37.0,55.26,A,25.0,84.98,A,41.0,51.09,D,,41.83,B,62.0,20.75,Unknown,89.0,70.7,C,40.0,41.4,D,92.0,71.46,D
196,Nala,,15,2.74,Black,F,N,,No,TOKYO,wet,SICK,Jan 5 2024,64.73,B,12.0,23.34,D,,50.76,B,59.0,13.61, ,46.0,50.16,B,18.0,7.37,b,12.0,42.47, ,14.0,16.94,D,,55.62,D,87.0,13.68,A,58.0,43.12,C,73.0,31.24,B
197,Leo,RAGDOLL,22,3.43,White,Unknown,No,,No,London,dry,Healthy,05/01/2024,46.3,C,92.0,75.72, ,54.0,21.14,b,35.0,30.67,B,66.0,45.76,Unknown,4.0,48.73,Unknown,5.0,80.43,A,47.0,63.76,C,,61.31,Unknown,76.0,71.99,A,10.0,36.23,a,11.0,error,D
198,Nala,British Shorthair,9,7.59, WHITE,M,yes,No,No,TOKYO,,healthy,05/01/2024,23.2,A,70.0,45.71,C,33.0,84.07,A,47.0,17.08,A,83.0,78.58,b,34.0,61.42, ,4.0,73.65,Unknown,50.0,61.77,B,8.0,72.11,b,33.0,75.34,A,22.0,69.2,Unknown,27.0,65.9,B
199,Chloe,Siamese ,-1,3.05,black ,,No,NO,Yes,Tokyo,,Sick,,52.41,A,28.0,50.55,b,,50.1,b,37.0,92.03,a,76.0,50.62,b,49.0,80.08,D,58.0,22.0,B,72.0,86.73,a,88.0,25.78,C,80.0,29.05,B,47.0,50.35,C,8.0,25.01,A
200,Oliver, Scottish Fold,14,6.93,Orange,,No,YES,,Sydney,Wet,Healthy,05/01/2024,53.43,A,53.0,42.2,Unknown,7.0,25.39,Unknown,81.0,58.45,Unknown,9.0,40.31,D,62.0,34.13,A,80.0,47.59,C,73.0,28.07,B,62.0,43.31,a,80.0,50.79,b,35.0,error,Unknown,15.0,28.39, 
201,Nala,,12,6.2,Mixed,,Y,,Unknown,TOKYO,Dry,SICK,,85.82,Unknown,99.0,40.6,D,49.0,31.09, ,50.0,19.92,C,60.0,42.59,C,44.0,53.61,b,18.0,55.03,a,84.0,32.46,a,28.0,69.03,b,60.0,43.51,B,82.0,41.13,Unknown,2.0,41.1,b
202,Loki,Ragdoll,8,4.25,Gray,F,Yes,NO,No, london,wet,Healthy,Jan 5 2024,53.59,Unknown,92.0,72.5,Unknown,19.0,80.5,D,85.0,,Unknown,52.0,47.17,D,18.0,53.5,C,90.0,79.41,D,,62.98,Unknown,,30.58,b,44.0,48.81,Unknown,38.0,46.66,B,74.0,50.76,b
203,Leo,Scottish Fold,8,5.6,Black,M,,,Unknown, london,wet,Checkup Needed,05/01/2024,54.08,D,94.0,68.58,Unknown,28.0,43.73,b,19.0,53.92,b,76.0,47.75,b,42.0,28.66,b,80.0,44.02,Unknown,70.0,57.93,C,89.0,40.2,C,3.0,N/A,B,47.0,27.73,Unknown,26.0,57.19,B
204,Smokey, Scottish Fold,14,2.32,White,Female,no,No,,TOKYO,dry,,2024/01/05,1.57,a,72.0,49.48,b,32.0,51.92, ,51.0,22.78,D,20.0,60.46,B,69.0,16.02,A,7.0,43.92,b,12.0,60.38,D,79.0,60.31,A,46.0,54.59, ,81.0,60.37,a,21.0,74.92,Unknown
205,Tiger,PERSIAN,13,5.06,Mixed,Female,Y,No,Yes,Toronto,Wet,SICK,Jan 5 2024,42.23,b,54.0,51.38,B,8.0,14.54,b,35.0,40.6,b,39.0,1.25,b,24.0,63.81,C,61.0,84.31,B,63.0,48.69,a,43.0,38.06,D,88.0,62.16,B,2.0,69.33,Unknown,,37.83,C
206,Oreo,Unknown,19,5.13,Gray,Female,Y,No,Yes,Berlin,wet,healthy,2024/01/05,48.64,B,59.0,35.74,C,68.0,42.45, ,75.0,25.44,Unknown,80.0,11.75,b,76.0,70.5, ,76.0,38.3,C,34.0,20.9,A,6.0,45.83,Unknown,,13.4, ,72.0,unknown,D,84.0,64.14,Unknown
207,Luna,maine coon,-1,3.29, WHITE,Female,N,Yes,No,Berlin,,,Jan 5 2024,35.56, ,32.0,62.36,b,6.0,58.78,B,56.0,79.34,a,6.0,52.9,Unknown,87.0,50.65,A,31.0,31.13,Unknown,54.0,49.06, ,27.0,71.89,B,15.0,56.79,B,80.0,7.95,B,58.0,41.81,b
208,Loki,,8,3.66,black ,female,Y,,,Tokyo,Mixed,healthy,,14.83,D,91.0,24.9,D,27.0,51.45,D,71.0,78.4,b,18.0,9.09, ,53.0,37.59,a,76.0,69.35,A,82.0,66.78, ,10.0,53.36,b,51.0,47.99,a,6.0,56.35,b,35.0,40.58,B
209,Leo,Siamese,19,7.74,Brown,Unknown,,Yes,Unknown,Toronto,Mixed,healthy,,42.18,D,21.0,70.57,Unknown,71.0,62.01,C,30.0,73.95,A,73.0,41.67,C,42.0,37.95, ,54.0,46.55,a,,55.85, ,87.0,83.82,Unknown,18.0,26.24,C,84.0,53.47,D,66.0,96.18,b
210,Tiger,siamese,-2,4.95,,,yes,YES,No,Berlin,Mixed,healthy,Jan 5 2024,66.85,Unknown,,46.94,a,53.0,37.08,b,5.0,40.15,b,3.0,83.0,A,57.0,65.45, ,89.0,59.49,Unknown,45.0,20.54,a,97.0,16.23,B,,48.93,a,62.0,82.39,b,88.0,62.88,a
211,Lucy,Bengal,17,2.65,Orange,Female,N,NO,No, london,Wet,,Jan 5 2024,47.06,Unknown,5.0,45.64,b,55.0,37.49,C,,75.53,B,84.0,51.97,Unknown,66.0,63.51,C,91.0,74.15,a,5.0,63.72,A,33.0,66.22,B,63.0,-1.42,a,18.0,-3.68,Unknown,46.0,41.68,B
212,Smokey,British Shorthair,22,3.73,black ,,Y,YES,Yes,,,SICK,2024-01-05,76.19, ,84.0,74.2,a,78.0,90.84,a,25.0,79.86,A,48.0,68.17,C,41.0,69.15,B,66.0,27.07,C,86.0,37.68, ,72.0,47.02,A,79.0,82.23,b,22.0,29.69,b,92.0,72.31,C
213,Kitty, Siamese,13,6.83,White,Male,no,Yes,Unknown,TOKYO,,,2024-01-05,50.27, ,,23.63,b,44.0,16.22, ,79.0,51.58,D,17.0,73.05,Unknown,14.0,34.02,a,,84.76,Unknown,,21.45,B,86.0,66.48, ,63.0,54.37,Unknown,86.0,66.58,Unknown,68.0,74.52,A
214,Tiger,Abyssinian ,14,5.14,Orange,male,Y,NO,Unknown,Tokyo,Dry,Healthy,2024-01-05,55.31, ,89.0,67.78,C,35.0,42.95, ,55.0,32.36, ,87.0,72.9,a,94.0,32.12,C,41.0,34.82,D,77.0,41.15,b,12.0,100.6, ,24.0,81.25,D,10.0,8.6,a,99.0,59.51, 
215,Shadow, Sphynx,6,5.7, WHITE,male,Yes,,Yes,New York,Dry,Checkup Needed,2024/01/05,22.07,b,87.0,67.66,B,14.0,80.83,B,,60.1,a,,32.57, ,21.0,30.98,a,11.0,42.71,Unknown,79.0,35.89,A,22.0,27.76,b,18.0,9.59,a,91.0,65.89,Unknown,32.0,27.5,B
216,Tiger,,7,5.15,black ,Unknown,No,No,No,,,Healthy,,5.95,C,64.0,33.23,a,89.0,58.06,B,63.0,18.77,B,80.0,55.92,Unknown,71.0,90.85,D,49.0,35.61,A,3.0,46.18,C,90.0,48.89,D,12.0,36.64,Unknown,83.0,101.23,a,20.0,35.59,A
217,Lucy, Bengal,18,4.53,Brown,F,,NO,, london,,,,42.3,b,82.0,39.75,b,65.0,30.23,A,66.0,71.3,b,60.0,48.27,C,67.0,66.88,B,,62.78,Unknown,81.0,36.17, ,43.0,30.34, ,28.0,54.93,a,,38.45,C,76.0,28.42, 
218,Nala,SIAMESE,20,1.9,Orange,male,no,Yes,No,Sydney,Mixed,Healthy,2024/01/05,46.04,B,48.0,34.86,D,44.0,30.3,Unknown,66.0,52.53,b,,35.86,C,41.0,56.3,Unknown,,48.4, ,54.0,68.94,b,,49.56,B,55.0,84.39, ,23.0,28.85,B,,73.92,a
219,Luna,BENGAL,9,1.46,Orange,F,Y,No,No,London,Mixed,healthy,,60.99, ,49.0,50.51, ,,73.53,C,19.0,53.15,a,67.0,49.88,C,43.0,90.11,a,55.0,27.18,a,4.0,66.09,Unknown,52.0,75.85,b,16.0,54.02,b,53.0,58.76,A,37.0,61.17,C
220,Nala, Maine Coon,23,4.3, WHITE,male,Yes,NO,Yes,Toronto,dry,healthy,,24.44,C,5.0,37.54,b,,3.63,a,79.0,43.05,b,,48.1, ,19.0,35.0, ,,55.61,D,40.0,35.58,D,92.0,18.48,B,93.0,39.05,Unknown,14.0,37.36,B,91.0,83.41,A
221,Tiger,BENGAL,-2,3.31,White,female,No,No,,Berlin,wet,Sick,,53.56, ,75.0,28.73,A,65.0,77.33,b,26.0,68.27,A,63.0,69.76,Unknown,64.0,37.5,a,69.0,50.41,C,95.0,37.85,b,62.0,55.81,D,66.0,28.43,C,29.0,63.57,Unknown,90.0,55.91, 
222,Bella,Siamese,15,5.1,Orange,,N,No,Unknown,,Wet,Healthy,,49.9,A,14.0,25.71,D,8.0,76.06,C,54.0,59.21,A,56.0,45.14,B,50.0,87.78,a,69.0,25.28,A,42.0,50.18,C,22.0,49.28,B,52.0,31.94,a,25.0,41.74,b,66.0,59.83,b
223,Oreo,Persian ,5,6.75, WHITE,Unknown,no,Yes,,,Mixed,Sick,,69.36,B,95.0,48.2,Unknown,,21.95,a,98.0,37.86,b,1.0,70.55,C,41.0,54.62,Unknown,90.0,37.56,b,56.0,71.82,Unknown,96.0,52.33,A,20.0,56.31, ,90.0,37.28,C,45.0,49.83,b
224,Shadow,,0,2.16,Black,male,no,Yes,Unknown,TOKYO,Dry,,,15.22,C,99.0,51.8,A,31.0,54.01,b,17.0,9.21,C,2.0,4.25,a,90.0,79.08,D,33.0,76.85,C,36.0,69.32,A,22.0,60.49,C,,17.69,b,6.0,65.61, ,,33.93,D
225,Luna,Bengal,4,7.28,Orange,Female,N,No,No,Tokyo,dry,Checkup Needed,05/01/2024,38.6,a,93.0,69.94,A,45.0,42.44, ,74.0,48.37,C,4.0,49.32,D,47.0,21.0,C,68.0,72.32,C,62.0,57.31,C,67.0,47.09,D,,69.01,C,29.0,30.8,C,82.0,86.21,A
226,Smokey, Scottish Fold,1,3.15, WHITE,F,no,NO,No,TOKYO,Wet,healthy,05/01/2024,16.51, ,87.0,33.8,b,31.0,56.92,b,46.0,27.8,D,92.0,55.0,D,,66.76, ,,77.6,C,24.0,24.92,D,1.0,35.71,b,64.0,76.52,B,32.0,92.13,Unknown,58.0,78.82,D
227,Shadow,sphynx,11,4.18, WHITE,male,no,,Yes,London,dry,Sick,05/01/2024,91.99,D,29.0,35.65,C,13.0,83.95, ,34.0,62.35,b,51.0,16.66,b,54.0,69.24, ,72.0,50.69,B,86.0,35.75,Unknown,59.0,69.5,Unknown,69.0,48.96,D,,69.41, ,49.0,42.07,A
228,Kitty,,18,3.86,Brown,,No,NO,Yes,,dry,SICK,,86.05,A,91.0,58.27,A,12.0,error,a,78.0,61.96,C,35.0,57.78,C,28.0,50.49,C,99.0,37.0,b,2.0,52.64,Unknown,,58.37,b,93.0,48.93,A,,27.35, ,45.0,64.53,B
229,Bella,Bengal ,18,5.6,Orange,Female,yes,YES,Unknown,London,dry,SICK,Jan 5 2024,unknown,A,96.0,54.23,A,19.0,58.93,Unknown,9.0,47.48,D,,61.05,b,50.0,87.13,A,82.0,56.65,a,19.0,55.56,C,36.0,46.71,Unknown,49.0,51.16,Unknown,27.0,19.75,Unknown,6.0,47.36,A
230,Tiger,Maine Coon,9,5.78,White,male,No,YES,No,Berlin,Mixed,SICK,05/01/2024,67.37,D,32.0,47.62,D,49.0,47.42,C,9.0,42.17,b,38.0,15.1, ,65.0,31.07,D,30.0,60.28,a,60.0,47.87,B,25.0,51.66,b,43.0,22.79,Unknown,84.0,55.99, ,45.0,31.99,B
231,Leo, Bengal,9,3.77,Mixed,F,no,Yes,No,London,dry,,,11.12,a,72.0,47.12, ,34.0,90.53, ,62.0,76.69,D,88.0,62.08,B,11.0,64.67,B,45.0,45.21,B,98.0,71.21,Unknown,96.0,106.02,D,12.0,34.5,D,7.0,44.01,Unknown,61.0,23.15,A
232,Milo,BRITISH SHORTHAIR,3,4.83, WHITE,Male,,,No,Paris,wet,SICK,2024-01-05,41.78,Unknown,28.0,40.51,b,81.0,50.93,C,10.0,75.91,a,6.0,85.02,b,,29.09,D,5.0,63.05,a,84.0,57.07, ,13.0,73.81,b,,20.92,B,77.0,26.75,B,86.0,38.73,B
233,Nala,,14,5.07,White,Female,Y,,Yes,Paris,Mixed,Healthy,,48.95,A,11.0,36.07,B,61.0,50.81,Unknown,97.0,72.19, ,51.0,39.68,Unknown,83.0,92.32,A,2.0,100.14, ,5.0,29.0,Unknown,60.0,60.8,C,97.0,44.58,D,,50.69,D,,28.19,A
234,Luna,Maine Coon,14,5.79,black ,M,Yes,,No,Sydney,Wet,Checkup Needed,2024-01-05,43.29,Unknown,79.0,22.19,Unknown,67.0,29.26,A,,-3.61,b,51.0,64.71,D,92.0,58.05,A,31.0,94.94,b,26.0,49.86,B,79.0,37.97,B,,47.37,A,45.0,36.96,C,89.0,67.8,C
235,Loki,scottish fold,11,3.42,,M,no,,Unknown,Toronto,Wet,Checkup Needed,2024/01/05,19.12,b,85.0,54.26,C,22.0,53.64,D,34.0,56.13,b,77.0,25.08, ,80.0,43.16,Unknown,35.0,11.21,b,43.0,34.62,Unknown,24.0,58.08,D,,52.48, ,15.0,45.39,B,78.0,55.8,a
236,Lucy,Unknown,6,6.01,Black,M,yes,Yes,,Paris,Dry,SICK,2024/01/05,49.28,A,79.0,27.43,Unknown,16.0,73.12,C,,41.56,C,13.0,51.02,C,97.0,74.2,a,42.0,88.83,B,63.0,41.53,C,,55.46,C,51.0,66.59, ,60.0,38.11,a,13.0,81.49,B
237,Lucy,British Shorthair ,4,5.73, WHITE,male,N,No,,Tokyo,Wet,healthy,Jan 5 2024,63.58,C,17.0,19.72,a,11.0,32.52,D,,31.2,Unknown,88.0,47.29, ,90.0,49.3, ,9.0,44.73,B,14.0,64.59,Unknown,33.0,76.29, ,,17.45,B,27.0,32.97,Unknown,54.0,81.73,B
238,Shadow,Unknown,10,2.69,,female,N,No,Yes,Berlin,Mixed,SICK,2024/01/05,63.46, ,71.0,34.5,C,2.0,46.57,Unknown,31.0,32.65,a,95.0,32.42,D,21.0,32.58,A,94.0,62.16,C,92.0,41.08, ,69.0,38.03,D,97.0,unknown,Unknown,18.0,68.89,Unknown,93.0,67.53,B
239,Kitty,,20,4.89,,Unknown,Y,NO,No,Tokyo,wet,Healthy,Jan 5 2024,17.58,b,16.0,40.6,A,80.0,60.11,a,73.0,79.14,a,74.0,19.01,a,88.0,51.39,Unknown,18.0,65.07,b,54.0,42.53,D,47.0,57.51,C,55.0,85.95,A,93.0,52.5,A,63.0,18.56,D
240,Bella, Scottish Fold,8,8.79,Gray,,Yes,NO,Yes,New York,Wet,,2024/01/05,44.14,Unknown,14.0,60.15,C,23.0,33.28,a,83.0,13.94,Unknown,42.0,52.27, ,48.0,41.46,C,18.0,70.75, ,52.0,59.49, ,51.0,57.7, ,27.0,81.71,B,85.0,63.82,b,20.0,62.78,A
241,Tiger,Bengal ,2,3.7, WHITE,Male,yes,Yes,,Sydney,Mixed,Healthy,2024/01/05,1.41,Unknown,12.0,14.94,C,58.0,45.94,b,53.0,67.67,a,20.0,45.07,Unknown,90.0,30.01,b,85.0,70.67,Unknown,90.0,83.91,D,20.0,60.48,D,61.0,72.37, ,19.0,65.91, ,27.0,44.44,Unknown
242,Simba,Bengal,6,3.54,White,M,N,,Yes,Berlin,wet,Sick,2024/01/05,28.37,a,35.0,39.09,Unknown,76.0,17.25,b,78.0,11.64,a,16.0,49.59,A,,33.17,a,5.0,57.33,b,72.0,51.28,Unknown,46.0,53.02,a,57.0,48.19,D,52.0,60.67,Unknown,53.0,73.07,b
243,Nala,Unknown,7,1.2,Mixed,Unknown,No,,Yes,Tokyo,Mixed,Sick,Jan 5 2024,47.75,Unknown,,68.0,b,84.0,45.46,a,84.0,57.23,b,2.0,80.61,Unknown,95.0,24.78,D,15.0,22.52,b,87.0,61.19,B,0.0,44.04,Unknown,92.0,39.35,A,,60.36,D,34.0,53.85,a
244,Nala,,13,6.32,Brown,Female,No,YES,Yes,Paris,,SICK,2024-01-05,15.94,Unknown,27.0,25.09,b,95.0,52.59,D,39.0,13.81,Unknown,96.0,28.02,C,34.0,41.09,C,,42.17,b,30.0,62.72,Unknown,49.0,30.62,Unknown,44.0,51.41,C,84.0,31.1,D,,66.98,Unknown
245,Shadow,Ragdoll,-2,4.59,black ,M,Y,NO,,Tokyo,Mixed,Healthy,,59.61,A,64.0,27.99,A,33.0,34.76,A,20.0,56.31,C,31.0,57.25,A,94.0,49.38,a,45.0,-0.16,C,,35.73, ,77.0,52.96,b,73.0,48.68,a,,48.03,D,3.0,27.27,B
246,Oliver,abyssinian,5,5.3,Brown,F,Yes,No,No,Paris,Dry,SICK,2024-01-05,16.44,b,1.0,28.93, ,45.0,26.08,A,3.0,27.91,B,24.0,34.22,A,31.0,56.71,a,,76.36,B,97.0,49.67,a,99.0,38.41, ,93.0,83.01,b,16.0,15.4,b,74.0,52.48,C
247,Nala,Sphynx ,3,5.4,Gray,Unknown,no,NO,Yes,New York,Wet,Sick,Jan 5 2024,58.2,D,11.0,27.15,C,44.0,31.08, ,65.0,44.65,a,44.0,79.8,Unknown,83.0,61.68,Unknown,59.0,93.37,C,20.0,48.33, ,,72.12,b,29.0,59.03,D,21.0,48.57,a,97.0,48.51,B
248,Kitty,,4,4.36,Black,M,Y,,Unknown,Berlin,Mixed,Checkup Needed,Jan 5 2024,68.82,b,53.0,54.55,Unknown,81.0,56.82,D,7.0,58.99,C,78.0,44.95,a,,57.87,b,48.0,20.43,a,30.0,64.96,a,62.0,36.68,Unknown,22.0,23.11,C,64.0,68.63,C,28.0,26.68,B
249,Lucy,British Shorthair ,17,4.12,Mixed,M,N,,No,London,wet,Sick,2024-01-05,71.23,B,50.0,34.49,B,44.0,24.63, ,94.0,84.41,A,28.0,62.14, ,,30.72,a,14.0,50.38,B,48.0,66.51,B,51.0,60.5,B,65.0,30.62,A,62.0,55.05,A,63.0,96.6,C
250,Kitty,Unknown,24,3.82,Mixed,Female,N,Yes,Unknown,Sydney,,,,21.93,B,68.0,58.82, ,,55.73, ,,46.91,D,98.0,70.86,C,92.0,32.21,b,12.0,57.6,b,98.0,79.01,Unknown,56.0,63.09,D,0.0,54.61,C,30.0,30.34,D,3.0,33.41,Unknown
251,Tiger,Scottish Fold,13,5.9,Brown,,,No,Yes,Tokyo,Dry,Sick,2024/01/05,45.14,A,2.0,21.85,B,62.0,70.43,a,18.0,63.46,b,78.0,47.75,D,7.0,52.1,C,52.0,61.41,D,17.0,51.12,b,39.0,47.97,C,59.0,39.29,D,22.0,69.72,Unknown,62.0,55.44,D
252,Shadow,Siamese ,23,3.89,Gray,female,Yes,NO,No,Paris,Dry,healthy,,68.59,B,3.0,57.34,B,80.0,48.02,a,44.0,18.57,A,,41.3,b,81.0,25.28, ,69.0,14.83,Unknown,67.0,72.27,D,80.0,84.04,Unknown,93.0,61.19,b,,64.43,A,22.0,62.14,a
253,Milo,Persian,10,3.36,black ,M,Yes,NO,Yes,London,,,2024/01/05,28.82,b,86.0,59.2, ,6.0,93.24,a,51.0,31.32, ,60.0,65.69,B,21.0,13.28,A,30.0,53.05,D,54.0,20.96,B,96.0,52.67, ,71.0,32.21,B,93.0,49.76,a,70.0,105.88,D
254,Kitty,bengal,-2,6.06,Black,,N,No,No,Toronto,Wet,Checkup Needed,Jan 5 2024,72.91,b,55.0,52.23,C,,62.32,b,22.0,51.3,b,2.0,63.25,Unknown,5.0,84.1,D,56.0,52.22,B,3.0,57.09,B,3.0,42.97,a,,N/A,a,17.0,57.59,C,1.0,N/A,a
255,Smokey,PERSIAN,18,7.75,,Male,N,No,Yes,New York,dry,SICK,,58.8,C,82.0,53.89, ,69.0,67.83,A,55.0,31.49,C,43.0,51.43,D,,60.43,B,22.0,54.89,C,7.0,59.37,a,15.0,64.3,D,54.0,44.47,Unknown,99.0,90.62,a,25.0,-4.81,A
256,Nala,,16,4.36, WHITE,female,Y,No,Yes,,Wet,,,9.75, ,19.0,23.23,a,65.0,41.12,C,46.0,48.67,B,66.0,45.93,b,29.0,59.15, ,,41.23,b,11.0,28.06,b,91.0,74.63,b,33.0,67.53,a,90.0,48.9,C,49.0,47.68, 
257,Tiger,SCOTTISH FOLD,15,3.82,Brown,Male,Y,NO,Unknown,Berlin,Wet,Sick,,46.94,C,4.0,58.59,C,14.0,45.68,b,58.0,27.62,B,90.0,50.51,D,85.0,45.27, ,57.0,43.88,Unknown,23.0,85.22,a,97.0,31.48,a,39.0,68.82,C,85.0,51.59,Unknown,99.0,73.6,A
258,Nala,,24,4.2,Orange,Female,,,Unknown,New York,Mixed,Sick,,45.2,Unknown,21.0,40.39,D,,75.34,Unknown,26.0,10.27,Unknown,22.0,74.91,B,48.0,30.35,C,75.0,-12.44,B,64.0,39.47,b,33.0,50.73,Unknown,42.0,54.41,b,,35.51,C,53.0,31.88,A
259,Leo,,5,4.33,black ,Male,Y,NO,No,Toronto,wet,healthy,Jan 5 2024,51.05,b,63.0,39.67,C,85.0,93.4,a,57.0,21.21,Unknown,95.0,53.13,a,7.0,87.57,b,72.0,7.0,B,,57.24,Unknown,65.0,26.59,a,65.0,54.59,a,26.0,82.98,Unknown,97.0,42.21,Unknown
260,Oliver,SCOTTISH FOLD,-1,1.96,Orange,F,Y,Yes,Yes, london,Dry,Sick,,63.19,a,24.0,42.18,Unknown,2.0,7.78,Unknown,,36.81,a,99.0,41.83,B,90.0,17.23,B,70.0,66.83,B,52.0,83.93, ,94.0,84.02,a,5.0,28.55,B,,52.09,A,42.0,40.1,D
261,Leo, Abyssinian,10,3.29,Black,Unknown,no,No,No,Toronto,wet,Checkup Needed,2024/01/05,62.71,A,,47.9,C,65.0,47.42,C,58.0,30.59,a,34.0,67.03,b,94.0,39.52,A,37.0,60.59,Unknown,41.0,29.54,C,24.0,55.27,C,9.0,45.89,Unknown,53.0,33.4,B,15.0,99.26,a
262,Chloe,Abyssinian ,14,1.9,,male,N,No,,New York,dry,SICK,,77.7,D,70.0,14.86,a,,30.23,C,21.0,80.36,C,,58.53,Unknown,21.0,103.6,C,21.0,17.66,D,26.0,66.75,A,90.0,100.81,B,53.0,31.87,A,89.0,69.22,b,93.0,73.38,D
263,Smokey,Persian ,16,5.99,Gray,M,N,No,,Tokyo,,,05/01/2024,unknown,b,86.0,74.38,a,76.0,23.67,b,59.0,30.14,D,7.0,50.86,a,45.0,97.58,A,67.0,57.18,Unknown,25.0,75.59,Unknown,49.0,49.39,D,40.0,25.07,b,90.0,86.94,Unknown,42.0,53.76,A
264,Kitty,Unknown,5,2.62,Black,Male,,NO,,Berlin,Dry,SICK,2024-01-05,51.51,C,72.0,49.11,b,26.0,78.76,b,14.0,46.99,A,94.0,53.47,D,3.0,30.97,D,95.0,37.56,b,32.0,17.23, ,87.0,59.78,A,25.0,72.97,a,,61.44,A,54.0,54.48,a
265,Leo,,6,3.8, WHITE,Female,Y,YES,Yes,London,Dry,,2024/01/05,39.95, ,20.0,69.76,a,51.0,56.17,A,76.0,8.98,b,57.0,10.52,C,88.0,39.79,Unknown,61.0,39.04, ,49.0,69.87,B,26.0,64.75,Unknown,57.0,34.78,B,,41.68,C,99.0,60.48,D
266,Kitty,Unknown,24,5.84,Black,Female,No,No,Yes,New York,,,,68.29,C,76.0,47.83,D,39.0,69.07,B,93.0,87.16,C,62.0,62.01,b,33.0,56.61,B,94.0,35.99,a,9.0,60.3,C,84.0,42.34,a,45.0,54.6,C,35.0,38.35,C,79.0,68.7,b
267,Oreo,,6,3.91,White,M,Y,Yes,No,Toronto,Wet,Checkup Needed,2024-01-05,45.27,a,18.0,39.31,b,66.0,53.97, ,14.0,19.85,b,68.0,28.28,D,,47.57,b,21.0,66.96,D,55.0,74.92,Unknown,58.0,85.11,b,33.0,71.39,A,16.0,78.72,D,6.0,66.77,Unknown
268,Tiger,BENGAL,14,7.7, WHITE,,Y,YES,,Sydney,,Checkup Needed,Jan 5 2024,44.54, ,84.0,48.95,Unknown,95.0,62.49,b,72.0,37.52,a,26.0,42.0,a,35.0,40.34,C,54.0,43.62,b,19.0,69.11,D,43.0,54.55, ,47.0,45.6,D,97.0,53.56,Unknown,76.0,30.09,a
269,Bella,Abyssinian ,12,4.32,Mixed,M,No,No,No,Sydney,Mixed,,2024/01/05,58.96,C,31.0,84.72,B,23.0,N/A,B,0.0,50.51,a,67.0,58.05,Unknown,63.0,78.02,b,12.0,84.79,Unknown,97.0,94.1,Unknown,64.0,33.02,D,,53.72,a,5.0,33.55,B,97.0,47.37,D
270,Simba,,20,3.63,White,male,no,YES,Yes,Tokyo,,Checkup Needed,05/01/2024,33.09,B,3.0,64.89,C,22.0,39.33,A,52.0,47.16,b,70.0,41.34,Unknown,99.0,41.14,D,84.0,62.59,a,80.0,72.24, ,88.0,46.34,C,52.0,76.73,a,33.0,53.91,A,54.0,16.78,a
271,Lucy,,12,3.41,,Unknown,Y,Yes,Yes,,dry,Sick,05/01/2024,45.3,a,34.0,35.49,Unknown,53.0,59.46,Unknown,78.0,22.65,D,5.0,N/A,D,67.0,66.79,D,32.0,41.57,Unknown,59.0,39.19,D,,34.02,Unknown,43.0,39.41,C,70.0,34.73,Unknown,73.0,52.8,a
272,Luna,British Shorthair ,19,6.28, WHITE,M,Yes,NO,No,Tokyo,wet,Checkup Needed,Jan 5 2024,12.26,B,3.0,34.82,C,98.0,62.15,Unknown,19.0,-1.52,b,12.0,49.08,b,83.0,57.9,A,52.0,35.9,D,41.0,48.92,Unknown,29.0,33.24,D,3.0,24.85,a,81.0,71.23, ,33.0,58.41,a
273,Lucy,,18,3.7, WHITE,F,no,Yes,Unknown,London,Mixed,Healthy,Jan 5 2024,41.2,A,31.0,36.53,D,76.0,40.27,B,72.0,82.68,b,,58.62,b,68.0,40.07,b,67.0,65.13, ,51.0,40.16,A,,8.61,C,83.0,62.94,C,98.0,44.46,A,24.0,60.49,C
274,Nala,Unknown,5,14.28,Gray,M,N,NO,Yes,TOKYO,wet,healthy,,31.97,a,64.0,56.42,D,95.0,44.67,a,11.0,62.23,B,29.0,66.38,B,55.0,47.84, ,54.0,55.06,C,34.0,-4.91,A,43.0,39.37, ,7.0,70.3,b,46.0,60.95,a,38.0,91.48,b
275,Loki,Unknown,2,2.96,black ,Unknown,Y,No,No,Toronto,Mixed,,Jan 5 2024,50.23,C,78.0,38.24,Unknown,55.0,54.65,a,,21.41,b,61.0,93.54,A,2.0,62.68,a,92.0,11.94,a,27.0,56.76,D,,45.07,B,5.0,54.81,C,12.0,56.82,C,,61.16,a
276,Chloe,MAINE COON,14,2.3, WHITE,Unknown,N,,Unknown,Sydney,,,,42.44,D,56.0,25.24,C,94.0,62.91,A,32.0,71.89,a,91.0,60.75,C,29.0,52.49,D,91.0,51.58,B,60.0,24.81,Unknown,26.0,22.74,b,52.0,48.23, ,48.0,48.26,A,,63.42,B
277,Kitty,Abyssinian ,4,4.24,Gray,M,N,NO,,Paris,dry,Checkup Needed,Jan 5 2024,41.69,D,86.0,74.42, ,,error, ,0.0,52.56,a,99.0,31.63,D,3.0,50.19,B,58.0,24.03,C,,54.09,B,4.0,35.9,A,98.0,75.09,Unknown,52.0,52.01,a,37.0,53.96,B
278,Lucy,SPHYNX,8,5.64,Orange,,,YES,,Berlin,Mixed,SICK,,29.57,B,14.0,70.01,B,31.0,63.32,C,57.0,76.26,C,79.0,76.83,Unknown,,,a,35.0,44.36,B,50.0,62.86, ,95.0,17.72,D,49.0,26.17, ,63.0,47.72,D,31.0,39.92,D
279,Bella, Siamese,18,3.47,,Unknown,Y,Yes,No,Paris,Dry,Sick,05/01/2024,40.81,a,35.0,54.23,a,42.0,59.16,b,11.0,56.74,Unknown,92.0,33.71,a,,51.7,b,56.0,90.69,D,46.0,52.2,a,46.0,76.4,b,90.0,34.86,D,0.0,48.11,A,91.0,80.44,D
280,Tiger,,4,5.22,Brown,female,,YES,Yes, london,dry,Healthy,05/01/2024,55.37,A,14.0,22.6,Unknown,94.0,error,B,19.0,72.79, ,26.0,41.64,A,70.0,51.17,b,43.0,45.73,b,,83.76,a,10.0,57.4,A,13.0,31.75,D,44.0,,b,40.0,52.33,B
281,Smokey,,2,3.6,black ,male,Yes,Yes,No,Sydney,wet,,,36.62,b,84.0,42.44,b,98.0,46.73,B,15.0,94.93, ,99.0,31.29,D,54.0,63.34,Unknown,59.0,70.97,B,15.0,53.56,b,46.0,51.51,C,18.0,51.7,C,98.0,22.96, ,20.0,56.83,C
282,Nala, British Shorthair,14,9.33,Gray,,yes,NO,, london,Wet,healthy,2024/01/05,64.18,C,52.0,30.05,B,11.0,47.0,D,39.0,6.07, ,36.0,72.46,D,89.0,24.18,D,95.0,69.07,D,46.0,17.89,C,5.0,49.73,C,20.0,31.37,b,24.0,55.51,C,14.0,39.66,Unknown
283,Oliver,British Shorthair,0,7.05, WHITE,M,N,No,Unknown,Toronto,Mixed,healthy,05/01/2024,57.46,A,99.0,59.79,A,,36.87,Unknown,9.0,21.35,b,29.0,77.37,C,,77.75,Unknown,,77.48,b,84.0,63.69,a,43.0,30.1, ,76.0,92.53,b,98.0,60.59, ,41.0,16.17,Unknown
284,Lucy,Unknown,13,5.79,Brown,male,yes,Yes,No,Toronto,dry,SICK,05/01/2024,81.14,D,41.0,40.53,A,80.0,error,A,90.0,73.21,a,33.0,25.07,D,2.0,17.9, ,73.0,31.8,b,91.0,62.05,B,62.0,63.55, ,28.0,40.6,C,18.0,13.53,D,6.0,54.19,D
285,Leo,maine coon,22,3.92,,Female,no,Yes,,London,dry,healthy,2024-01-05,45.38,C,17.0,46.88,a,96.0,45.37, ,65.0,32.21,a,23.0,60.97,b,36.0,56.14,Unknown,71.0,30.31,a,48.0,13.23,B,14.0,19.61,D,,42.48,Unknown,72.0,18.08,B,13.0,53.39, 
286,Shadow,Unknown,13,5.27,White,male,No,Yes,Unknown, london,wet,Checkup Needed,,49.62, ,46.0,55.59,b,31.0,55.59,D,55.0,41.53,a,72.0,56.31,a,89.0,62.08,b,31.0,31.1,B,55.0,80.12,D,34.0,26.14,D,89.0,75.41, ,79.0,71.41,D,69.0,27.33,b
287,Simba,Ragdoll,12,3.65,White,male,no,,No,London,Mixed,healthy,2024-01-05,47.52,D,40.0,50.23,Unknown,57.0,57.38,A,56.0,21.76,Unknown,91.0,104.44,A,16.0,38.62,A,9.0,66.41,D,39.0,47.84,b,38.0,70.96,b,30.0,54.59,C,68.0,53.04,a,95.0,59.17,b
288,Bella, Persian,13,4.27,White,M,yes,No,,Berlin,Wet,Checkup Needed,2024-01-05,42.69,A,19.0,21.24,b,90.0,51.9,Unknown,2.0,86.65,b,92.0,58.57,b,55.0,63.36,B,,35.82,a,90.0,48.74,B,12.0,71.05,D,51.0,20.65,B,41.0,57.06,a,48.0,56.89,a
289,Leo,british shorthair,5,5.41,black ,M,Yes,YES,,Tokyo,dry,healthy,,48.13,b,89.0,41.56,a,22.0,63.29,C,,23.49,D,1.0,17.93, ,27.0,81.53,C,84.0,78.59,C,62.0,38.43,C,2.0,44.98,D,0.0,22.2,b,77.0,89.33,Unknown,,36.13,a
290,Oreo,,13,4.76,Gray,M,yes,NO,Unknown,,dry,Checkup Needed,,39.62, ,45.0,51.44,Unknown,85.0,20.45,C,65.0,58.42,B,30.0,44.48,A,24.0,59.9,A,63.0,56.16,a,41.0,44.77,C,45.0,44.58, ,79.0,37.99,B,52.0,73.67,C,86.0,56.2, 
291,Loki,Unknown,22,5.04,Black,Female,,No,,Toronto,Dry,healthy,2024-01-05,64.56, ,,34.63,A,,84.21,b,3.0,25.73,Unknown,,80.74,D,92.0,51.97,D,27.0,41.38,C,1.0,62.28,D,80.0,32.0,C,93.0,22.75,C,78.0,60.2,D,19.0,45.4,D
292,Bella,,12,4.38,Mixed,F,No,NO,Yes,Tokyo,wet,,2024-01-05,41.27,Unknown,47.0,72.88,Unknown,74.0,54.77,Unknown,87.0,69.8,Unknown,99.0,56.81,C,51.0,12.27, ,93.0,81.66, ,59.0,54.13, ,56.0,28.54,a,43.0,19.53, ,45.0,20.12,D,18.0,67.98,b
293,Tiger, Ragdoll,8,2.5,Orange,Female,no,Yes,,Toronto,dry,SICK,05/01/2024,24.64,C,,58.63,Unknown,53.0,28.26,D,15.0,35.28,b,88.0,67.88,b,56.0,10.99,b,85.0,64.13,Unknown,30.0,47.96, ,,33.34,a,64.0,27.57,b,,3.68,D,1.0,45.19,B
294,Leo,Persian ,20,5.18,Mixed,Male,Y,Yes,Yes,London,,Healthy,2024/01/05,51.27, ,31.0,55.69, ,30.0,30.94,b,22.0,26.13,A,20.0,54.47, ,94.0,45.12,a,18.0,35.07,a,0.0,56.55,A,53.0,63.63,C,18.0,20.61,B,56.0,46.03,a,97.0,68.51, 
295,Leo, Scottish Fold,2,7.78,Brown,female,no,YES,,,Dry,,,1.47,C,97.0,83.97,B,96.0,42.58,D,4.0,-6.25,C,25.0,24.33,b,56.0,15.64,A,98.0,35.99,Unknown,57.0,64.39,A,65.0,27.98,A,83.0,55.75, ,96.0,42.51,C,54.0,76.42,a
296,Simba,Scottish Fold,18,5.19,Black,Female,yes,YES,Unknown,Sydney,dry,Checkup Needed,Jan 5 2024,90.93,a,35.0,78.77,B,38.0,29.67,C,46.0,51.29,B,90.0,61.87,b,71.0,45.45,C,72.0,48.12, ,55.0,23.44,Unknown,46.0,39.68,B,31.0,81.95,A,97.0,56.02, ,72.0,60.52,Unknown
297,Shadow, Siamese,7,6.26,Brown,F,N,NO,,Sydney,dry,Healthy,,50.96,B,54.0,-6.47,C,42.0,69.27,a,58.0,37.43,b,36.0,32.53,D,91.0,48.05, ,91.0,61.35,a,65.0,47.41,C,44.0,10.11, ,62.0,55.74,Unknown,90.0,32.47, ,71.0,64.75,b
298,Shadow,Maine Coon,6,6.61,Mixed,Male,No,Yes,No,TOKYO,Mixed,SICK,2024-01-05,82.13,B,54.0,error, ,14.0,error,B,90.0,34.95,a,,46.92,B,33.0,23.53, ,69.0,39.77,Unknown,10.0,47.82,B,52.0,60.95,B,28.0,56.4,D,89.0,34.88,Unknown,38.0,69.9,Unknown
299,Shadow,Persian ,18,3.68,Gray,M,,NO,Unknown,TOKYO,wet,,,38.02, ,19.0,56.85,C,21.0,32.23,C,27.0,78.65,Unknown,35.0,84.68,A,15.0,44.55,a,84.0,39.83,B,3.0,51.67,C,31.0,54.32,b,38.0,60.77,B,50.0,31.11,C,29.0,32.8,C
300,Simba,Unknown,9,3.62,Brown,,Yes,,No,London,wet,SICK,05/01/2024,21.62,A,24.0,43.85,A,50.0,16.75,D,,42.52,B,29.0,44.04,a,,58.69,b,4.0,77.47,Unknown,15.0,58.82, ,93.0,62.24,D,50.0,55.22,D,,75.81,A,,62.62,D
301,Leo,Ragdoll,19,5.71,Mixed,Unknown,,,Yes,Sydney,,Sick,2024/01/05,74.97,C,26.0,70.1,b,,42.47,b,1.0,39.1,Unknown,66.0,63.86,A,51.0,38.74,b,4.0,55.89,Unknown,33.0,54.76, ,56.0,83.94,Unknown,81.0,39.38,B,83.0,56.85,B,77.0,68.8,A
302,Oreo,Unknown,1,3.16,black ,Female,Yes,,Yes,New York,wet,,05/01/2024,34.87,C,69.0,45.59,A,6.0,80.57,A,63.0,44.24,D,68.0,38.72, ,,5.31,a,24.0,80.02,b,54.0,86.87,A,57.0,68.58,A,30.0,55.89,a,,61.7, ,45.0,55.14,b
303,Chloe,ragdoll,18,7.61,Gray,male,No,,Unknown,Paris,dry,SICK,2024-01-05,49.66,a,8.0,82.91,B,71.0,54.41,A,14.0,54.02,b,77.0,27.03,Unknown,68.0,80.32,C,,29.81,a,17.0,47.46,Unknown,56.0,N/A, ,88.0,39.34,b,81.0,91.25, ,58.0,49.37, 
304,Oliver,,10,4.49,Black,M,N,Yes,Yes,TOKYO,,,,66.29,C,34.0,59.92, ,63.0,35.77,Unknown,93.0,33.06, ,76.0,64.17,D,34.0,56.44,B,42.0,53.95,b,15.0,22.66, ,56.0,89.24, ,50.0,67.02,a,14.0,83.18,B,64.0,42.06,D
305,Smokey,Scottish Fold,24,4.94,Black,female,no,,Unknown,Berlin,dry,Checkup Needed,,9.47,b,88.0,21.51,Unknown,97.0,35.61,C,73.0,45.23,b,4.0,64.31,C,,27.88,b,10.0,8.06,D,13.0,52.06, ,82.0,63.83,b,63.0,94.01,b,0.0,26.17,A,3.0,25.08,B
306,Leo,Persian ,0,6.55,black ,female,,YES,No, london,wet,SICK,,56.85,Unknown,2.0,55.02,B,87.0,93.8,a,,49.71,C,63.0,52.17,C,61.0,59.93, ,81.0,47.41,a,,60.05,C,62.0,39.71,B,4.0,error,b,48.0,69.53,D,90.0,27.61,D
307,Shadow,Scottish Fold ,0,0.87,Brown,F,No,YES,No,New York,Dry,,Jan 5 2024,53.8,A,21.0,42.16,C,9.0,48.89,a,56.0,40.04, ,22.0,24.8,B,81.0,41.56,C,99.0,64.97, ,,59.15,b,49.0,76.93,Unknown,89.0,34.66, ,16.0,21.02,A,38.0,77.89,Unknown
308,Chloe,Unknown,21,3.43,,male,Yes,NO,Yes,London,Dry,Checkup Needed,Jan 5 2024,55.04,b,66.0,26.57,a,36.0,57.49, ,87.0,66.38,D,94.0,46.56,a,70.0,36.92,A,81.0,35.05,D,59.0,37.91,B,41.0,47.97,Unknown,7.0,37.89,D,59.0,44.1,D,90.0,37.68,b
309,Lucy,Unknown,11,2.73,Brown,Male,No,YES,,London,Wet,,,12.89,D,4.0,48.47,b,46.0,48.74,a,87.0,40.15,Unknown,62.0,47.39,b,81.0,82.09,b,50.0,36.24,B,0.0,45.01,Unknown,57.0,82.2,a,19.0,46.26,b,12.0,36.91,a,89.0,70.96, 
310,Tiger,,23,4.68,,Male,Yes,YES,,TOKYO,,healthy,,76.3,Unknown,52.0,33.71,a,68.0,51.86, ,61.0,67.49,C,,16.78,a,6.0,43.44,a,59.0,11.58, ,29.0,95.06,B,59.0,41.87,a,36.0,88.83,a,94.0,66.79,b,53.0,58.91,Unknown
311,Simba, Maine Coon,19,5.21,Brown,Male,Y,No,Yes,Sydney,,healthy,2024/01/05,54.36,A,,18.79,b,64.0,31.23,C,14.0,29.33,D,91.0,47.82,C,65.0,59.02, ,94.0,35.84, ,35.0,53.99,b,97.0,54.91,b,47.0,106.36,D,3.0,64.27,D,26.0,40.87,b
312,Simba,Unknown,16,5.19,Black,female,N,YES,Unknown,Toronto,Dry,healthy,,39.24,A,65.0,64.95, ,93.0,46.79, ,,37.86,C,32.0,32.85,a,47.0,48.94,Unknown,94.0,59.62, ,33.0,51.38,D,27.0,28.71, ,1.0,37.35,A,56.0,-1.71,a,1.0,49.33,a
313,Tiger,Siamese ,13,3.91,Brown,Female,no,No,No,London,dry,Sick,,63.26, ,,16.38, ,29.0,48.05,C,,48.07,D,93.0,74.57, ,54.0,43.82,C,79.0,70.54,C,71.0,35.34,D,50.0,36.35,a,83.0,47.35,B,67.0,44.32,a,4.0,25.66,a
314,Bella,Bengal,-1,5.1,Black,Male,No,NO,No,Berlin,Wet,,,28.68,Unknown,,17.33,b,79.0,36.55,A,,49.47,a,64.0,38.17,B,18.0,72.11,Unknown,3.0,60.76,b,49.0,46.03,Unknown,,68.75,b,33.0,54.53,C,84.0,40.85,C,82.0,35.32,D
315,Milo, British Shorthair,2,5.92,Brown,,Y,No,No,TOKYO,dry,Sick,,59.4,B,86.0,56.32,Unknown,87.0,31.57, ,33.0,77.92,a,62.0,33.29,B,9.0,48.22,D,97.0,32.71, ,12.0,75.6,b,32.0,40.06,D,62.0,53.09,a,50.0,19.18,a,85.0,31.77,a
316,Smokey,,2,4.21,Mixed,Female,no,No,Unknown,London,,,05/01/2024,49.71,b,50.0,21.11,b,15.0,57.37, ,35.0,62.85,A,45.0,33.01,b,70.0,79.56,D,93.0,58.23,B,,64.82,A,84.0,22.09, ,48.0,21.69, ,84.0,32.41,A,84.0,33.47,B
317,Oliver, Bengal,15,3.45,Orange,M,,NO,No,Berlin,Mixed,Checkup Needed,2024-01-05,73.23,Unknown,27.0,59.33,b,30.0,48.57,A,57.0,52.41,A,12.0,83.78, ,12.0,71.33,D,99.0,50.07,Unknown,98.0,15.57,C,78.0,34.14,b,44.0,28.28,B,8.0,26.67,a,83.0,69.1,D
318,Oliver,,22,6.49, WHITE,female,Yes,Yes,Yes,London,Dry,SICK,,71.36,B,79.0,32.95,a,,74.26,D,51.0,58.6,B,39.0,69.64,Unknown,,65.3,Unknown,11.0,44.28,b,56.0,44.48,Unknown,27.0,57.73,D,76.0,86.33, ,27.0,54.44,a,41.0,61.82,b
319,Nala,Siamese,23,5.81, WHITE,F,No,No,Yes,Berlin,wet,Checkup Needed,2024-01-05,86.96,C,,47.36,B,41.0,59.28,Unknown,86.0,59.3,C,67.0,35.76,b,15.0,65.07,b,60.0,51.88,D,10.0,48.81,A,12.0,39.84,a,18.0,12.05,D,,22.91,Unknown,58.0,59.75,a
320,Milo, Persian,9,5.88,Gray,Unknown,N,YES,Yes,New York,,,,61.26,A,66.0,40.86,B,9.0,28.0,Unknown,8.0,26.44, ,7.0,48.81,B,73.0,40.99,A,55.0,33.14,C,,27.43, ,,52.34,C,45.0,69.19,b,0.0,44.52,C,64.0,88.11,B
321,Bella,Sphynx,10,5.57,Gray,male,no,NO,No,TOKYO,wet,Healthy,2024/01/05,26.42,Unknown,,17.69,C,68.0,35.88,B,90.0,48.48,C,54.0,72.98, ,95.0,52.83,Unknown,,71.62, ,,39.43,C,55.0,4.71,C,53.0,59.77,a,70.0,69.66, ,49.0,33.84,B
322,Nala,Unknown,0,3.98, WHITE,female,Yes,Yes,Unknown,London,Mixed,healthy,2024-01-05,6.6,C,87.0,-7.92,a,,94.98,B,32.0,21.02,a,,47.35, ,1.0,27.69,Unknown,60.0,47.04,C,40.0,21.88,a,73.0,75.96,b,19.0,57.52,Unknown,32.0,27.11,Unknown,98.0,49.64,B
323,Loki,bengal,19,3.96,Gray,male,,Yes,No,,Mixed,,Jan 5 2024,32.12,Unknown,49.0,61.96,C,22.0,46.52,C,87.0,40.03,Unknown,62.0,35.47,a,52.0,5.11,b,21.0,40.75,b,,32.48,A,40.0,48.55,b,34.0,74.34,B,77.0,70.02, ,,59.75,A
324,Luna,,22,3.05,Mixed,,yes,NO,No,,dry,healthy,05/01/2024,15.82,a,18.0,57.6,D,,31.76,C,50.0,81.67,D,74.0,37.22, ,92.0,67.65,Unknown,77.0,63.5,D,4.0,47.36,b,48.0,77.44, ,11.0,37.97,C,79.0,35.09,Unknown,81.0,37.22,Unknown
325,Lucy,Unknown,16,3.98,Black,Unknown,Y,Yes,,Paris,wet,Checkup Needed,,31.8, ,19.0,78.18,A,,34.69,C,96.0,55.05,b,58.0,-5.45,a,81.0,76.88, ,54.0,10.62,Unknown,60.0,44.8, ,,30.98,a,49.0,51.3,Unknown,19.0,43.69,b,98.0,54.14,C
326,Oliver, Abyssinian,7,7.87,black ,female,no,NO,Unknown,Paris,Wet,healthy,05/01/2024,31.67,B,74.0,30.71,b,,53.67,C,68.0,29.11,a,25.0,28.64, ,71.0,24.18, ,74.0,22.93,A,11.0,35.64,b,46.0,73.27,C,99.0,35.18,Unknown,,37.78,D,4.0,38.83,C
327,Bella,ABYSSINIAN,2,4.66,black ,Male,No,No,Yes,Berlin,,healthy,2024/01/05,50.17,A,31.0,50.71,a,2.0,27.58,Unknown,84.0,74.65,A,58.0,78.42, ,56.0,47.96,b,27.0,48.84,A,,43.67,b,74.0,1.84, ,43.0,80.09, ,80.0,48.33,Unknown,82.0,45.34,b
328,Oreo,siamese,9,4.25,,Unknown,Y,NO,, london,Dry,SICK,05/01/2024,79.05,C,,24.4,B,74.0,34.98,A,86.0,2.18,C,94.0,39.9,D,,57.27,C,12.0,75.94,b,38.0,72.27, ,28.0,44.38,C,40.0,69.82, ,8.0,54.05, ,7.0,41.81,D
329,Bella,British Shorthair ,7,3.63,Brown,,yes,Yes,Yes,London,,,05/01/2024,55.21,C,0.0,1.9,C,8.0,32.55,D,85.0,59.69,A,71.0,70.06,a,,66.46,b,78.0,94.89,C,62.0,32.83,A,13.0,20.5,D,51.0,59.26,b,28.0,29.6,a,56.0,45.51,C
330,Oreo,British Shorthair,4,5.76,Black,male,N,,,Tokyo,wet,SICK,,50.35,a,2.0,56.84,C,66.0,40.48, ,69.0,48.15,Unknown,22.0,15.29,A,64.0,46.01,A,51.0,73.15,B,8.0,65.45,Unknown,91.0,34.08,a,87.0,66.18,C,92.0,28.73,A,,40.63,A
331,Luna, Siamese,15,3.92,White,Unknown,Yes,YES,Unknown,Sydney,,Sick,2024-01-05,75.54,C,65.0,69.79,Unknown,64.0,46.29,Unknown,87.0,44.52, ,97.0,N/A,D,63.0,16.27,B,5.0,80.64,D,55.0,74.89,A,70.0,83.63,C,41.0,64.54,D,24.0,42.17,Unknown,52.0,60.51,Unknown
332,Oreo,Siamese,24,12.48,White,Female,N,No,Unknown,Berlin,wet,,,29.72,A,71.0,62.98,C,26.0,56.48,A,81.0,53.67,D,19.0,76.25, ,,51.79,C,,66.05, ,25.0,73.48,C,10.0,53.16, ,6.0,54.07,A,4.0,49.4,A,37.0,48.24,Unknown
333,Nala,,16,4.77,Gray,male,no,,Unknown,TOKYO,Dry,SICK,2024/01/05,56.36,A,79.0,4.99, ,11.0,29.76,D,,24.09,B,61.0,102.57,A,64.0,54.5,B,61.0,23.97,Unknown,26.0,55.11,a,49.0,59.81,D,29.0,93.12,a,97.0,,A,75.0,2.77,C
334,Tiger,Unknown,13,0.78,Gray,male,Y,,,Tokyo,Dry,SICK,,55.59, ,,75.57,B,82.0,41.17,Unknown,85.0,78.04,B,1.0,32.29,a,92.0,38.55,C,27.0,-5.6,Unknown,22.0,68.88,a,69.0,unknown,C,10.0,79.63,B,,73.42,Unknown,98.0,13.89,A
335,Milo,,10,4.45,Gray,F,Yes,NO,Unknown,TOKYO,Dry,SICK,05/01/2024,73.69, ,23.0,18.07,b,42.0,68.11, ,93.0,52.83,b,53.0,74.72,C,46.0,53.64,A,81.0,88.17, ,18.0,61.84,b,79.0,53.83,Unknown,58.0,52.4,C,14.0,55.48,a,65.0,34.34,C
336,Milo, Scottish Fold,4,2.28,Orange,male,yes,YES,, london,,Sick,,64.42,b,70.0,63.87,B,64.0,78.5, ,6.0,57.4,B,55.0,72.6,C,39.0,59.11, ,,19.78,Unknown,19.0,21.3,B,15.0,66.39,D,71.0,105.1,A,27.0,45.3, ,48.0,58.82,Unknown
337,Luna,British Shorthair,16,4.75,Mixed,Unknown,,NO,Unknown,Tokyo,dry,SICK,,17.86,C,34.0,-0.2,b,89.0,86.22,b,91.0,46.2,A,95.0,34.3,D,47.0,79.21, ,91.0,65.16, ,37.0,72.96,A,17.0,38.85,a,38.0,65.9,Unknown,72.0,78.38,A,67.0,39.18,D
338,Leo,,14,4.7,Gray,F,N,No,Yes,Paris,Mixed,Checkup Needed,05/01/2024,45.86,b,33.0,45.02,D,17.0,27.38,B,10.0,38.63,D,46.0,20.84,a,60.0,49.33, ,24.0,30.02,Unknown,31.0,43.37,B,85.0,46.74, ,29.0,45.07,B,89.0,43.11,a,87.0,N/A,B
339,Nala,Unknown,9,2.65,black ,Unknown,No,Yes,Unknown, london,wet,SICK,,67.69,C,8.0,69.36, ,55.0,66.39,Unknown,90.0,44.57,A,36.0,10.55,a,24.0,,B,82.0,101.33,D,12.0,65.99,B,43.0,55.19,D,,64.33, ,51.0,35.1,D,,25.96,A
340,Lucy,Sphynx,-2,5.96,Mixed,Unknown,No,No,,TOKYO,,Healthy,,48.01,D,20.0,34.08,Unknown,14.0,30.15,B,84.0,50.67,A,48.0,42.86,C,56.0,51.53,B,39.0,53.17,Unknown,31.0,50.47,A,41.0,40.24,D,51.0,47.58,C,57.0,60.02,D,,62.78,B
341,Nala,Ragdoll,4,4.18,Gray,M,Y,,Yes,,Dry,Healthy,,47.97,b,56.0,28.84,a,40.0,6.12,Unknown,81.0,78.13,B,53.0,81.52,b,69.0,63.81,A,94.0,59.22,C,12.0,38.86,A,98.0,19.27,B,54.0,72.53, ,31.0,53.78,A,7.0,28.43,C
342,Loki,SIAMESE,23,6.03,Gray,female,yes,No,Yes,Tokyo,Mixed,Sick,2024-01-05,61.28,b,83.0,21.75,A,92.0,69.2,a,2.0,30.54,Unknown,16.0,62.26,Unknown,,14.86,A,65.0,25.37,A,,49.93,a,18.0,67.84,B,47.0,52.37,D,76.0,64.53,B,77.0,66.4, 
343,Loki,PERSIAN,4,3.74,White,Unknown,no,YES,,New York,Dry,SICK,,53.21,C,46.0,84.92, ,,35.61,C,19.0,77.27,Unknown,,32.52,C,68.0,78.63,a,75.0,54.72,A,92.0,40.44,Unknown,48.0,53.05,b,32.0,59.02,b,35.0,57.84,C,31.0,N/A,a
344,Luna,ragdoll,0,3.94,Brown,Unknown,no,NO,Yes,London,Wet,Sick,2024/01/05,66.67,D,87.0,31.39,a,,67.36,C,,64.57,b,,86.49,A,14.0,62.51,D,88.0,54.19,B,25.0,50.39,b,93.0,55.33,D,2.0,35.92,C,97.0,32.6, ,83.0,12.81,a
345,Shadow,,17,2.36,Gray,Unknown,,,No,Tokyo,Mixed,Checkup Needed,,57.07,a,,81.12,C,2.0,39.76,b,92.0,38.59, ,39.0,40.69,b,62.0,38.96,A,12.0,53.62,Unknown,89.0,,C,14.0,12.3,D,44.0,70.71, ,10.0,51.97,A,0.0,34.5,D
346,Leo,,10,4.71,White,female,N,Yes,No,Paris,Mixed,,2024/01/05,32.98,b,47.0,80.42, ,90.0,46.86,a,66.0,56.33, ,64.0,24.77,A,84.0,12.77,D,96.0,59.77,b,,45.89, ,60.0,57.21,B,99.0,11.21,C,,52.17,D,20.0,75.64,A
347,Simba,Ragdoll,16,4.1,Brown,,Y,Yes,Unknown,Berlin,Dry,SICK,2024-01-05,27.84,B,34.0,42.28,A,,42.03,D,16.0,58.7,Unknown,30.0,41.83,a,17.0,31.98,b,,45.5,B,18.0,53.26,Unknown,44.0,28.68,D,39.0,56.53,D,86.0,49.2,Unknown,12.0,37.46,C
348,Smokey,maine coon,-2,4.98,Gray,Female,Yes,Yes,No, london,Dry,Healthy,Jan 5 2024,41.0,A,91.0,31.48,b,,52.84,D,41.0,61.86, ,12.0,56.59,D,50.0,18.93,D,,53.82,D,98.0,17.4,a,59.0,114.91, ,29.0,47.67,D,30.0,16.72,Unknown,,77.55,C
349,Leo,persian,7,3.41,Brown,Male,No,YES,No,Toronto,Wet,healthy,,54.97, ,18.0,52.22,a,29.0,32.23,B,16.0,59.1,Unknown,40.0,72.73,A,45.0,13.36,B,84.0,80.15,b,79.0,34.71,D,62.0,55.09,b,51.0,44.75,b,87.0,unknown,B,9.0,39.05, 
350,Oliver,Unknown,20,5.27,,,No,No,,London,dry,healthy,,64.35,Unknown,56.0,31.29,C,13.0,90.1,Unknown,50.0,60.31,B,,81.58,D,88.0,25.98, ,23.0,31.94,B,91.0,51.15,A,80.0,48.52,Unknown,67.0,44.96,Unknown,1.0,57.82,Unknown,41.0,49.37,Unknown
351,Oreo,PERSIAN,15,4.77,,Male,no,YES,Yes, london,Wet,,2024-01-05,67.54,C,39.0,76.5,C,30.0,67.51,a,36.0,52.7,Unknown,88.0,18.62,a,48.0,32.2,b,69.0,64.51,C,60.0,43.13,a,21.0,71.18, ,38.0,50.81, ,83.0,58.66,b,,39.73,D
352,Tiger,Unknown,8,5.23,Black,F,Yes,Yes,No,Paris,Wet,Sick,2024/01/05,59.04,Unknown,98.0,42.91,a,70.0,13.08,a,80.0,41.19,b,40.0,N/A,C,30.0,30.24,D,9.0,37.05,A,78.0,83.47,A,51.0,59.19,D,12.0,48.62,b,99.0,54.52,a,4.0,37.18, 
353,Milo,Persian ,2,5.23,Gray,F,,YES,Yes,Berlin,Mixed,Sick,2024-01-05,63.17,b,48.0,45.81,D,57.0,51.58,A,32.0,59.76,a,95.0,33.65,A,72.0,41.16,Unknown,47.0,39.65,A,92.0,29.07,Unknown,70.0,25.71,b,90.0,29.11,C,72.0,29.07,D,58.0,54.73,C
354,Milo,,2,4.37,White,F,no,YES,Yes,,Dry,Healthy,05/01/2024,41.76,C,74.0,25.29,Unknown,8.0,56.57,Unknown,75.0,48.37,D,90.0,50.9,b,84.0,88.2,A,35.0,37.23,A,91.0,27.71,b,51.0,67.04,C,25.0,6.67,A,69.0,73.04,D,78.0,22.91,C
355,Oliver,maine coon,16,0.97,White,,,No,Yes,New York,Dry,Sick,05/01/2024,49.66,Unknown,16.0,70.38,D,80.0,52.04,B,74.0,80.0,A,83.0,45.99,D,63.0,70.94, ,3.0,59.37,B,73.0,65.83,A,89.0,53.84,C,30.0,18.91,B,50.0,33.26,D,3.0,77.37,D
356,Milo,Scottish Fold,3,5.23,Mixed,M,yes,No,,New York,Mixed,healthy,,50.3,Unknown,29.0,62.74,A,28.0,53.12,D,3.0,92.07,C,94.0,47.59,b,,23.19,B,,45.57,b,48.0,67.4,D,23.0,36.07,a,37.0,33.0,b,15.0,57.2,b,16.0,21.27,b
357,Tiger,SCOTTISH FOLD,12,5.26,Gray,Female,no,NO,No,Toronto,wet,Checkup Needed,,55.77,B,75.0,-1.33,Unknown,78.0,47.31,Unknown,3.0,76.45,b,86.0,93.52,B,61.0,15.52,A,99.0,error,D,54.0,50.28,D,16.0,68.71,D,28.0,43.91,b,51.0,60.58, ,66.0,24.42,C
358,Loki,sphynx,8,3.34, WHITE,Male,Yes,YES,Unknown, london,wet,,2024-01-05,71.35,a,45.0,43.72, ,15.0,61.17,a,86.0,47.27,Unknown,,78.19,A,89.0,43.48,D,11.0,2.98,b,48.0,42.75,a,57.0,78.25, ,,31.55,a,,100.27,b,24.0,37.08,A
359,Tiger,persian,16,2.43,Black,Female,No,No,No,Sydney,,healthy,,23.27,C,63.0,31.33,A,58.0,65.04,C,83.0,81.72,A,40.0,84.28,a,76.0,57.07,a,44.0,17.32,b,62.0,43.03,b,,88.07,C,77.0,44.19,B,81.0,52.2,a,68.0,28.0,A
360,Oliver,RAGDOLL,17,5.22,Gray,M,No,NO,,Berlin,dry,Sick,,45.57,b,58.0,43.91, ,,57.16,b,62.0,36.84,C,94.0,52.59,A,46.0,42.88,C,16.0,48.41, ,94.0,40.78,b,44.0,26.85,B,10.0,61.87,b,64.0,61.81, ,65.0,44.6,C
361,Bella,SCOTTISH FOLD,0,3.3,black ,male,Y,,Unknown, london,wet,healthy,2024-01-05,64.74,Unknown,27.0,40.21,C,68.0,56.86,D,95.0,58.48,a,47.0,49.52,a,,46.54,C,17.0,72.7,B,28.0,100.52,Unknown,48.0,74.48,a,78.0,51.29,Unknown,63.0,63.07,b,53.0,32.95, 
362,Bella,Sphynx ,1,3.43,White,M,no,YES,, london,wet,healthy,2024/01/05,37.8,Unknown,78.0,28.63,b,23.0,48.36, ,0.0,84.8,D,70.0,53.96,D,7.0,54.11,a,2.0,50.59,C,32.0,44.56,Unknown,37.0,22.95,a,54.0,57.18,Unknown,53.0,71.64,D,,77.67,a
363,Smokey,ragdoll,6,3.55,black ,female,Yes,No,,TOKYO,wet,,2024/01/05,92.83,C,79.0,57.38, ,59.0,39.34,b,,65.53,C,82.0,38.14,D,94.0,17.51,a,,46.86,b,42.0,63.08,Unknown,,77.35,Unknown,21.0,31.3,a,90.0,51.01,A,,30.36,b
364,Smokey,Siamese,24,4.49,black ,Female,Y,NO,No,London,Dry,Sick,,75.22,C,68.0,54.51, ,34.0,34.22,C,43.0,14.71,b,,37.04, ,28.0,43.06,C,62.0,61.03,A,68.0,50.07,C,,50.06,b,81.0,53.94, ,53.0,62.88, ,85.0,30.47,Unknown
365,Bella,Abyssinian ,16,6.01,Orange,Female,N,YES,,Berlin,dry,,2024/01/05,115.02,a,39.0,47.98, ,19.0,79.62,A,12.0,26.68,A,3.0,54.22,b,82.0,62.32, ,36.0,24.63,B,10.0,32.3,b,80.0,47.67,b,,49.11,Unknown,74.0,7.68,Unknown,44.0,69.78,b
366,Tiger,sphynx,2,3.15,Orange,female,No,No,No,Sydney,wet,,,41.51,b,97.0,51.72,b,33.0,42.0,A,,56.85,D,43.0,50.52,C,35.0,58.48,B,50.0,68.42,b,20.0,70.92, ,24.0,51.27,C,79.0,46.59,a,10.0,43.12,b,,31.1,b
367,Oliver,british shorthair,5,6.24,,Male,No,Yes,Unknown,Toronto,dry,healthy,Jan 5 2024,47.59,A,42.0,59.09,a,,66.02,B,37.0,73.54,A,24.0,34.57, ,48.0,56.78,a,30.0,48.89,a,35.0,51.52,a,1.0,47.47,A,85.0,81.75,B,66.0,55.71,b,69.0,23.42,a
368,Lucy,,8,5.16,White,M,N,,No,New York,Mixed,Healthy,,84.67,D,5.0,63.31,D,28.0,59.85,A,72.0,48.12,a,48.0,58.26,b,74.0,29.88,Unknown,89.0,30.54,C,5.0,48.35,a,19.0,63.01,B,63.0,93.52,D,19.0,74.23,b,27.0,-12.24,B
369,Bella,BENGAL,1,1.92,Black,Unknown,yes,,,,wet,healthy,05/01/2024,43.68,B,59.0,27.57,C,,35.02,C,84.0,55.69,b,8.0,58.46,C,,47.95,D,59.0,64.44,D,64.0,88.5,D,85.0,58.14,a,53.0,64.49,a,92.0,6.84, ,96.0,28.33,A
370,Simba,abyssinian,13,7.41,Black,M,,,Yes,Paris,Mixed,,05/01/2024,15.39, ,46.0,43.13, ,8.0,59.16,D,2.0,9.52,B,45.0,46.21,C,49.0,9.0,b,75.0,60.53,D,40.0,37.97,C,96.0,70.87,B,75.0,42.09,b,73.0,43.39,b,19.0,54.41,D
371,Simba,,12,2.65,White,Female,,Yes,No,Sydney,wet,SICK,2024-01-05,unknown,B,44.0,57.3,C,28.0,79.36,C,79.0,44.0,B,61.0,45.05,C,6.0,error, ,10.0,8.0,B,57.0,42.88,C,59.0,20.51, ,46.0,30.3,Unknown,63.0,53.23,a,8.0,54.6,a
372,Lucy,MAINE COON,11,5.66,Brown,Male,,,Unknown,Toronto,Mixed,healthy,,45.62, ,54.0,47.77,b,13.0,44.66,Unknown,,56.31,A,31.0,38.73,a,27.0,52.37,C,87.0,49.38,a,12.0,35.24,B,16.0,52.77,a,9.0,43.29,D,62.0,85.83,D,,45.85,C
373,Kitty, Ragdoll,1,3.14,Black,Male,No,,,London,,Healthy,,111.45,Unknown,,67.24,Unknown,76.0,116.55,A,,43.05,D,66.0,20.31,A,31.0,36.18,B,,89.15,D,10.0,59.08,B,65.0,53.58,A,50.0,71.69,C,,65.88,A,77.0,18.28,D
374,Oreo,,24,4.61,Orange,male,no,,Unknown,Tokyo,,Healthy,2024/01/05,47.79, ,2.0,64.75,B,1.0,62.57,B,75.0,46.19,b,17.0,39.07,b,27.0,26.36,D,98.0,74.46,a,96.0,36.12,b,91.0,50.22,b,84.0,34.48,A,23.0,40.85,C,10.0,62.18, 
375,Milo,Maine Coon ,1,3.33,black ,female,Yes,,Unknown,Berlin,Dry,Healthy,,36.95,a,61.0,64.59,a,,36.17,a,62.0,52.13,A,4.0,82.67,D,,42.15, ,,error,a,44.0,44.61, ,20.0,54.92,Unknown,90.0,57.99,C,92.0,51.14,A,67.0,24.84,Unknown
376,Kitty, Persian,4,6.39,Black,Female,yes,No,Yes,Toronto,Wet,Sick,2024/01/05,62.76,C,88.0,82.36,C,59.0,83.76,A,17.0,82.09,a,50.0,41.87, ,59.0,40.8,Unknown,,13.77,B,,45.75,b,34.0,27.98,A,69.0,44.94,D,80.0,40.14,C,6.0,26.57, 
377,Simba,Unknown,0,3.99,White,Unknown,Y,Yes,Unknown,Paris,wet,,,54.84, ,51.0,49.86,a,32.0,2.72,A,,32.7,Unknown,,63.44,C,,70.16,A,19.0,21.06,A,7.0,59.54,A,25.0,39.4,b,,87.41,Unknown,,60.09,B,1.0,28.72,A
378,Oliver,siamese,3,4.0,Mixed,male,Y,YES,,,wet,SICK,Jan 5 2024,52.16,b,78.0,29.92,B,38.0,N/A, ,,81.37,A,41.0,46.02,D,75.0,48.58,D,,49.68,a,63.0,60.16,D,38.0,17.77,C,67.0,40.7,b,19.0,31.79,B,33.0,59.68,a
379,Smokey,BRITISH SHORTHAIR,22,4.33,,F,Y,YES,No, london,Mixed,Sick,2024/01/05,75.94, ,4.0,79.1,a,28.0,21.04,a,8.0,62.06,D,2.0,48.49,B,,24.95,B,98.0,59.03,C,13.0,72.56,a,42.0,11.88,a,5.0,46.43,a,,45.34,a,68.0,36.33,Unknown
380,Lucy, Abyssinian,21,7.14,Mixed,Female,no,No,Yes,Tokyo,Wet,,2024-01-05,30.87,D,53.0,30.03,B,84.0,75.31,b,26.0,52.92,B,71.0,1.45,D,,81.96,C,79.0,55.0,D,95.0,77.33,Unknown,,-1.31,Unknown,51.0,69.78,Unknown,82.0,29.21,Unknown,29.0,49.71,B
381,Leo,Maine Coon ,1,3.18,Black,female,N,Yes,Unknown,Toronto,Mixed,Sick,,65.06,b,92.0,40.89,Unknown,11.0,error,B,86.0,54.5,Unknown,20.0,29.86,Unknown,55.0,26.3, ,99.0,62.49,Unknown,89.0,32.04,A,55.0,50.99,D,96.0,58.08,b,18.0,38.48,C,,14.73,A
382,Milo,BRITISH SHORTHAIR,1,2.14,,female,,NO,Yes,,Wet,healthy,,107.86,A,41.0,33.14,D,57.0,61.23,A,22.0,59.58,a,21.0,55.88,D,14.0,61.41,D,75.0,81.91, ,4.0,55.48,D,5.0,70.31,C,61.0,51.95,b,84.0,55.32,C,67.0,30.15,a
383,Shadow,Ragdoll,5,4.14, WHITE,,No,Yes,No,,Wet,SICK,,16.5, ,7.0,18.19,a,11.0,22.01,A,50.0,72.25,C,23.0,12.16,Unknown,17.0,41.89,Unknown,0.0,88.29,A,36.0,46.73,Unknown,27.0,45.36,D,18.0,48.3,A,77.0,74.85,Unknown,,57.63,a
384,Tiger, Bengal,16,4.52,Brown,Female,Y,NO,No,Sydney,Mixed,SICK,Jan 5 2024,29.68,B,83.0,52.38,a,31.0,53.78, ,89.0,67.3,a,32.0,50.78,C,13.0,30.01,B,18.0,74.29,C,58.0,29.15, ,57.0,44.93,C,0.0,60.89,A,9.0,34.47,B,,17.46,D
385,Oreo,Unknown,0,4.97,Brown,female,No,YES,,New York,dry,SICK,Jan 5 2024,73.82,C,96.0,48.43, ,77.0,79.53,B,70.0,unknown,A,94.0,111.3,C,36.0,10.19,B,5.0,64.89,a,26.0,30.49,B,71.0,10.33, ,20.0,74.66,B,54.0,69.82,A,18.0,69.77,a
386,Bella,Abyssinian,14,3.56,Mixed,,yes,NO,Unknown, london,Dry,,2024-01-05,56.95,A,80.0,51.15, ,68.0,80.23,A,45.0,26.3,a,50.0,45.96,Unknown,13.0,71.39,B,54.0,25.01,b,83.0,85.93,Unknown,41.0,25.75,D,80.0,89.94,C,98.0,37.96,b,,80.96,b
387,Shadow, British Shorthair,5,5.45,Brown,male,yes,Yes,,Toronto,Wet,SICK,05/01/2024,18.94, ,21.0,14.76,C,,70.94,b,,56.52,A,51.0,14.0,D,75.0,71.8,A,84.0,62.26,a,35.0,80.78,Unknown,12.0,33.0,a,32.0,54.2,A,10.0,39.93,A,82.0,39.52,B
388,Shadow, Persian,8,4.39,Brown,,yes,Yes,Unknown,Sydney,Dry,Sick,2024-01-05,60.56,A,49.0,74.8,D,56.0,43.49,A,82.0,33.98,Unknown,18.0,53.82,A,91.0,20.99,A,33.0,37.95,A,55.0,44.65,D,73.0,53.33,b,2.0,46.22,A,20.0,41.53,a,94.0,44.33,B
389,Oliver, Ragdoll,11,4.13,Orange,F,Y,,Yes,,wet,Healthy,2024-01-05,38.78,C,41.0,74.13,A,85.0,39.31,B,54.0,92.14,Unknown,26.0,54.51,C,83.0,35.26,Unknown,98.0,34.8,B,35.0,56.63,b,95.0,38.84,A,28.0,50.13,C,45.0,31.55,C,9.0,44.5,b
390,Luna,BENGAL,14,5.18,,female,yes,Yes,,New York,,Healthy,Jan 5 2024,20.72,D,15.0,70.48,D,,22.24, ,,56.33,D,39.0,21.27,A,27.0,67.89,a,5.0,53.34,D,8.0,45.21,a,28.0,35.88,D,46.0,103.13,Unknown,20.0,21.33,b,38.0,56.36,a
391,Lucy, Sphynx,23,5.57,White,male,no,Yes,Yes,Berlin,Mixed,Sick,,81.69,D,99.0,38.38,Unknown,99.0,42.92,b,73.0,59.41,C,32.0,84.46,C,,42.33,A,18.0,47.07,Unknown,80.0,45.34,a,9.0,37.3,a,27.0,,b,40.0,90.58,C,24.0,24.48,b
392,Shadow,siamese,3,4.19,Orange,Female,,,No,Berlin,Wet,Checkup Needed,,83.57,Unknown,40.0,21.57,D,21.0,30.54,C,16.0,44.42,a,22.0,28.98,A,35.0,98.4,D,14.0,48.25,a,,42.84, ,39.0,54.09,a,67.0,37.44,C,47.0,67.67,a,93.0,67.62,a
393,Smokey,SIAMESE,18,1.71,Black,M,No,YES,Unknown,TOKYO,Wet,,Jan 5 2024,46.73,Unknown,26.0,50.2,D,,45.38,C,88.0,31.67,b,12.0,42.57,D,86.0,75.84,Unknown,56.0,42.13,b,8.0,49.81,a,33.0,54.57,a,83.0,41.86,a,40.0,9.77, ,23.0,41.58, 
394,Lucy,Siamese ,6,6.2, WHITE,,yes,,Yes,Sydney,dry,Sick,2024-01-05,47.77,A,2.0,80.04,b,3.0,65.14,a,96.0,75.52,a,34.0,54.99,a,2.0,60.3,Unknown,43.0,53.39,C,,24.7,Unknown,71.0,27.4,a,66.0,38.47,D,43.0,18.87,Unknown,64.0,54.59, 
395,Milo,,20,2.82,White,Male,no,,Yes,TOKYO,wet,,,52.66,A,30.0,43.83,C,52.0,65.2,a,,30.0,D,40.0,53.26,B,72.0,33.53,Unknown,48.0,59.84,C,54.0,45.23,C,75.0,64.35,a,22.0,66.4,A,71.0,26.72,Unknown,13.0,62.71,B
396,Shadow, Scottish Fold,18,5.59,Mixed,Unknown,N,YES,Yes,Berlin,Dry,healthy,,58.86,C,4.0,59.48,A,74.0,28.67,C,35.0,104.56,Unknown,7.0,61.47,A,97.0,27.59,D,0.0,79.67,a,43.0,52.17,b,4.0,72.34,A,87.0,36.73,B,77.0,N/A,Unknown,44.0,65.66, 
397,Chloe,,9,4.03,Orange,female,yes,YES,No,London,Wet,Checkup Needed,05/01/2024,51.28,C,58.0,22.66,A,42.0,50.2,b,54.0,31.7,C,37.0,57.6, ,42.0,68.85,a,69.0,59.19,D,26.0,43.16,D,23.0,71.54,b,25.0,41.1,C,,55.26, ,9.0,29.14,D
398,Luna, British Shorthair,-1,6.38,Black,Unknown,Yes,NO,,,wet,SICK,2024-01-05,22.11,a,49.0,43.5,C,19.0,69.27,C,68.0,73.34,B,78.0,63.53,A,10.0,81.7,b,25.0,71.62,b,7.0,53.72,Unknown,22.0,unknown,C,,78.3,D,25.0,45.99,D,,49.42,D
399,Kitty,maine coon,4,4.3,Brown,,Y,YES,Unknown,Sydney,Mixed,,,80.07,C,99.0,35.03,D,36.0,35.26,B,44.0,56.51, ,53.0,93.88,a,59.0,60.12,D,83.0,48.81,a,36.0,67.0,b,1.0,24.09,D,44.0,44.28,B,21.0,53.18,C,48.0,68.93,C
400,Luna,SCOTTISH FOLD,3,7.38,Brown,male,Y,Yes,Unknown,Paris,Wet,SICK,2024/01/05,17.05,C,48.0,21.75,Unknown,21.0,46.48, ,73.0,40.31,B,14.0,23.13,D,63.0,63.85,B,3.0,57.0,A,30.0,53.83,A,16.0,39.4,C,8.0,83.85,Unknown,15.0,46.19,C,39.0,51.24, 
401,Chloe,abyssinian,6,3.93,,Unknown,no,,,London,Wet,Healthy,,74.93,C,20.0,34.15,b,,30.97, ,37.0,53.64,b,98.0,13.2,D,36.0,77.68,B,6.0,66.66, ,49.0,34.2,B,14.0,38.5,B,86.0,51.96,C,6.0,95.73,b,0.0,32.48,A
402,Loki, Ragdoll,8,3.85,Mixed,Male,,No,Unknown,TOKYO,Mixed,,2024/01/05,37.13,Unknown,16.0,55.61, ,14.0,25.05,A,12.0,17.52,C,24.0,40.05,A,53.0,47.89,Unknown,67.0,50.7,b,13.0,63.49,C,17.0,61.93,D,38.0,83.05,D,43.0,76.55,B,,33.49,B
403,Oreo, Siamese,5,3.44,Brown,Male,,NO,Yes,Berlin,dry,healthy,2024/01/05,28.59,b,54.0,41.93, ,18.0,51.58,a,47.0,27.29,a,,55.1,b,55.0,43.68,b,13.0,43.39,C,,6.77,A,73.0,104.44,Unknown,35.0,36.94,D,87.0,36.52,b,97.0,47.39,B
404,Nala,BENGAL,2,3.38,Gray,female,Yes,YES,,Berlin,Mixed,Checkup Needed,05/01/2024,50.35,D,18.0,38.32,A,8.0,55.59,D,34.0,28.54,Unknown,84.0,41.3,b,53.0,46.16,b,88.0,40.43,B,72.0,70.82,B,89.0,63.7,C,68.0,46.37,C,73.0,43.73, ,57.0,25.14, 
405,Loki,,16,5.2, WHITE,F,no,YES,No,Paris,wet,Checkup Needed,2024-01-05,46.15,D,65.0,61.79,B,24.0,63.78,a,92.0,23.51,Unknown,16.0,85.25,Unknown,,52.91,A,88.0,68.17,D,29.0,74.77,a,83.0,66.96,B,12.0,33.5,C,78.0,43.24,Unknown,,51.1,B
406,Leo,Scottish Fold ,13,3.24,Brown,Male,Y,,Unknown,Sydney,,SICK,,58.05, ,78.0,41.87,B,12.0,41.06,Unknown,67.0,90.33,A,36.0,55.02,B,81.0,37.97,Unknown,77.0,34.85,B,46.0,34.95,B,66.0,90.13,B,73.0,37.73,Unknown,,93.31,D,25.0,50.27, 
407,Leo,Scottish Fold,0,3.46,Orange,male,yes,NO,No,Paris,,Checkup Needed,05/01/2024,68.84,Unknown,34.0,59.25,A,,77.41,A,15.0,50.9,a,55.0,90.51,B,88.0,69.07,B,42.0,40.32,a,96.0,52.41,Unknown,58.0,,Unknown,47.0,65.17,D,1.0,47.05,D,48.0,65.73,D
408,Nala,BENGAL,7,3.39, WHITE,Female,Y,Yes,Unknown, london,Wet,Sick,Jan 5 2024,57.49,Unknown,50.0,49.39,b,29.0,48.94,A,78.0,35.21,B,16.0,79.26,a,98.0,55.28,D,,10.97,a,50.0,43.46, ,19.0,68.9,B,52.0,24.81,C,17.0,22.7,b,44.0,27.36,A
409,Nala,,-2,3.86,black ,Female,no,YES,No,Sydney,Wet,SICK,Jan 5 2024,57.38,A,11.0,48.97,A,96.0,73.96,b,32.0,34.48,A,,45.79,B,40.0,34.34,B,35.0,47.03,Unknown,76.0,31.87,C,60.0,66.09,B,4.0,44.0,A,43.0,30.03,b,8.0,53.87,C
410,Lucy,Sphynx ,15,2.59,Gray,female,N,No,Yes, london,,healthy,05/01/2024,62.64,b,31.0,46.28,B,93.0,77.57,a,,45.5,D,14.0,53.69,b,78.0,49.11,C,15.0,69.68,a,47.0,12.95, ,28.0,43.22, ,24.0,84.86,D,81.0,40.34,a,77.0,50.77,A
411,Tiger, Maine Coon,18,4.32, WHITE,male,N,NO,No,New York,dry,,Jan 5 2024,43.42,B,92.0,72.04,a,14.0,42.77,D,86.0,36.93, ,1.0,33.12,a,73.0,46.55, ,54.0,81.97,B,82.0,18.31,A,99.0,45.14,b,59.0,72.98,D,,58.91, ,36.0,57.14,a
412,Lucy,Scottish Fold,23,5.12,Black,Unknown,,YES,No,Paris,Mixed,Healthy,2024/01/05,78.43,a,67.0,88.45,B,26.0,55.25,A,65.0,72.9,C,55.0,47.85,a,82.0,61.99, ,15.0,37.17,D,40.0,69.8,A,79.0,62.47,Unknown,47.0,40.42,b,25.0,42.31,B,78.0,54.56,Unknown
413,Oreo,,2,3.9, WHITE,F,No,No,Yes,Tokyo,,Checkup Needed,2024-01-05,72.6,D,84.0,40.83,b,46.0,54.09,B,22.0,40.81,b,,77.77,C,57.0,64.58,a,3.0,49.99,B,17.0,66.68,A,72.0,74.3,B,37.0,24.24,A,19.0,42.15,a,35.0,53.48,D
414,Simba,Bengal ,17,4.22,Black,female,Y,,Yes,TOKYO,Wet,healthy,05/01/2024,50.17,D,8.0,39.42, ,81.0,30.66,B,71.0,3.77,C,85.0,63.72,b,83.0,47.61,a,12.0,39.87,A,,48.55,Unknown,,53.13,A,51.0,27.96,a,45.0,89.6,Unknown,65.0,unknown, 
415,Luna,BRITISH SHORTHAIR,-2,2.66,,Female,no,YES,,Toronto,Mixed,Healthy,05/01/2024,61.49,b,,2.11,A,,61.01,Unknown,,91.19,b,43.0,35.57,b,70.0,57.89,a,72.0,40.73,A,,41.48,C,44.0,42.69,a,26.0,48.76,A,28.0,51.1,b,63.0,30.84,D
416,Leo,Persian,19,3.49,White,Unknown,N,NO,Unknown,Berlin,dry,healthy,,61.72,D,,42.82, ,86.0,unknown,Unknown,75.0,55.47,Unknown,30.0,64.02,A,78.0,75.41,C,55.0,84.63,A,42.0,57.71,Unknown,45.0,52.21,b,,75.67,Unknown,7.0,6.72,A,97.0,25.48,Unknown
417,Nala,Unknown,24,3.87,Black,female,N,NO,No,London,,,,16.04,Unknown,94.0,27.34,C,98.0,61.92,a,67.0,25.72,A,86.0,54.17,B,71.0,N/A, ,29.0,48.8,b,47.0,52.37,D,24.0,69.86,C,23.0,5.07,B,20.0,62.35,A,98.0,47.67,B
418,Simba,Persian,22,4.93,Brown,male,N,Yes,No,Berlin,wet,Healthy,,53.18,C,78.0,67.33,D,57.0,52.21,C,21.0,36.35,b,28.0,39.32,Unknown,88.0,45.81,A,,73.79,a,41.0,55.65,D,15.0,61.37,B,31.0,39.65,Unknown,53.0,23.56,B,50.0,55.2,a
419,Simba, Sphynx,22,3.84,Brown,female,,No,Unknown,Sydney,Wet,healthy,2024/01/05,59.93,b,83.0,62.78,C,60.0,104.91,B,24.0,83.1,D,36.0,12.19,C,,61.67,Unknown,4.0,65.79,B,50.0,error,D,,31.12,a,42.0,N/A,B,71.0,29.11,B,17.0,41.81,a
420,Tiger,Abyssinian ,11,3.43,Brown,,no,NO,No,Berlin,dry,SICK,,73.46,D,40.0,40.58,b,,41.77,B,95.0,85.09,C,10.0,45.6,B,50.0,29.73,Unknown,30.0,52.36,Unknown,75.0,67.81,C,6.0,71.85,A,38.0,10.17,A,,44.55,D,,86.29, 
421,Chloe, British Shorthair,21,5.67,black ,Unknown,No,Yes,,Berlin,,Sick,2024-01-05,90.82,D,61.0,51.45,b,28.0,55.31,D,94.0,39.13,A,35.0,86.64,B,99.0,40.63,D,68.0,70.73, ,17.0,19.86,D,,18.02,Unknown,67.0,33.14,C,48.0,10.67,B,30.0,56.43,b
422,Milo,Unknown,16,3.79,,M,Y,,,Paris,Wet,Checkup Needed,2024/01/05,79.33,Unknown,44.0,25.35,a,33.0,53.26,Unknown,86.0,60.29,A,31.0,61.97,B,32.0,13.0,B,,88.33,D,40.0,46.01,D,85.0,9.19, ,0.0,44.83,A,21.0,25.37,C,68.0,58.88,D
423,Nala,SPHYNX,3,5.06,,F,yes,NO,Yes,,Dry,Sick,2024/01/05,63.56,B,85.0,69.36,C,36.0,56.61,b,26.0,57.25,B,35.0,60.1, ,42.0,unknown,Unknown,72.0,49.33,A,72.0,59.35,b,,67.9,B,79.0,39.91,D,52.0,38.4,B,98.0,67.19,b
424,Loki,,-1,6.56,Brown,male,N,No,Yes,New York,Mixed,Healthy,2024-01-05,18.0,b,8.0,58.79,a,50.0,10.57,C,95.0,73.18,b,,48.91, ,39.0,43.46,b,84.0,50.22,C,,18.57,B,26.0,56.71,Unknown,0.0,39.23,C,35.0,54.12,b,4.0,28.18, 
425,Simba,Bengal ,19,3.01,Black,M,Yes,No,No,Paris,Dry,Healthy,05/01/2024,48.2,C,59.0,64.49,b,80.0,31.52, ,72.0,68.81,b,19.0,38.43,D,60.0,53.5,a,90.0,66.36,Unknown,70.0,47.98, ,50.0,32.34,C,83.0,70.96,a,91.0,42.43,C,23.0,78.9, 
426,Luna,Siamese,0,2.76, WHITE,M,N,No,Yes, london,wet,SICK,2024-01-05,62.26,Unknown,1.0,55.19,A,33.0,42.16,b,51.0,38.77,Unknown,57.0,44.05,A,45.0,69.75,D,52.0,45.15,D,18.0,75.58, ,99.0,30.41, ,41.0,41.74,b,52.0,60.84,a,23.0,57.25,A
427,Lucy,,-1,6.78,,Unknown,Y,YES,Yes,Berlin,Wet,SICK,05/01/2024,74.29,D,26.0,44.18,B,15.0,35.2,b,13.0,33.92,C,19.0,47.41,A,34.0,23.8,D,31.0,30.52,C,46.0,40.99,A,85.0,83.65,C,72.0,40.48,A,92.0,61.35,D,49.0,29.47,a
428,Smokey,SPHYNX,11,5.38,Brown,F,no,,Yes,Sydney,Wet,SICK,,62.1,B,4.0,61.57,C,95.0,36.14,b,86.0,35.55,b,24.0,-13.35,C,46.0,75.14, ,90.0,1.05,A,32.0,48.05,A,77.0,29.79,A,,73.38,C,17.0,54.93,A,88.0,58.01,A
429,Loki,ABYSSINIAN,0,4.8,black ,female,yes,Yes,Yes,TOKYO,Mixed,Healthy,2024-01-05,50.51,C,13.0,62.31,B,48.0,39.12, ,39.0,39.18,Unknown,84.0,58.87,Unknown,93.0,33.93,A,95.0,47.69,Unknown,79.0,unknown, ,14.0,24.1,A,57.0,78.28,A,11.0,39.72,D,23.0,59.08,D
430,Shadow,Siamese ,12,0.89,black ,female,Yes,,Yes,Toronto,Mixed,Checkup Needed,,11.04, ,,56.01,D,4.0,85.97,Unknown,38.0,54.08,D,49.0,33.96,A,76.0,28.71,D,55.0,52.61,A,97.0,88.65, ,,51.21, ,99.0,50.67,Unknown,82.0,85.51,A,,45.26,A
431,Luna,,8,4.96,Brown,female,Y,Yes,Unknown,Toronto,,SICK,,51.36,D,57.0,error,C,24.0,53.06,a,60.0,78.95,B,38.0,63.46,C,83.0,27.89,b,37.0,36.1,b,16.0,30.57, ,,42.46,b,26.0,53.92,B,20.0,75.19,C,,62.49,D
432,Chloe,Maine Coon,7,5.7,black ,Unknown,Yes,NO,No,,dry,,,45.43,Unknown,63.0,55.91,B,46.0,49.29,B,4.0,77.33,D,11.0,21.16,a,,35.64,b,38.0,47.4,a,0.0,79.39,A,,62.12,D,54.0,unknown,a,41.0,12.94,A,61.0,43.65,B
433,Oreo,,20,3.34,,male,,YES,Yes,Berlin,,,2024/01/05,62.51, ,86.0,47.36,D,90.0,46.63,Unknown,46.0,49.24,C,,81.97,b,,30.57,D,61.0,22.03,D,50.0,26.73,b,81.0,76.79,a,,56.87,C,76.0,N/A,D,50.0,unknown,b
434,Kitty,SPHYNX,5,4.6,Brown,Unknown,N,NO,Unknown,London,Wet,SICK,,-0.46,D,31.0,60.11, ,,63.7,A,79.0,59.62,D,59.0,65.0,A,23.0,49.54,A,81.0,87.26,C,,25.67,A,16.0,59.01,A,36.0,30.8,B,82.0,76.11,a,68.0,17.28,Unknown
435,Smokey,abyssinian,10,3.78,Gray,M,Y,No,,Toronto,Dry,Healthy,Jan 5 2024,72.93,Unknown,7.0,27.46,a,23.0,78.3,B,2.0,39.02,A,78.0,9.47, ,71.0,66.18,a,35.0,57.67,D,86.0,22.04,D,80.0,58.65,b,79.0,42.13,b,17.0,36.67,b,16.0,18.94,D
436,Loki,Unknown,2,3.72,Orange,female,Y,Yes,Unknown,Berlin,,Sick,2024/01/05,52.59,C,37.0,40.06,a,,48.92,b,48.0,52.27,D,43.0,45.84,Unknown,30.0,40.22,A,58.0,18.92,C,58.0,75.27,D,83.0,40.93, ,93.0,62.49,D,86.0,-10.92,b,98.0,71.27,B
437,Oliver,Bengal ,4,3.23,White,male,no,,Yes,Berlin,dry,SICK,Jan 5 2024,62.99,b,21.0,47.92,B,63.0,53.4, ,50.0,20.9,a,48.0,39.22,a,41.0,47.78, ,55.0,61.3,C,24.0,73.86,Unknown,19.0,42.06,a,94.0,N/A,a,25.0,71.42,D,69.0,32.01,a
438,Loki, Siamese,15,4.9,Orange,Male,Y,Yes,,TOKYO,Dry,SICK,2024-01-05,55.87, ,58.0,51.63,Unknown,,63.91,Unknown,18.0,3.18,A,55.0,48.95,D,11.0,12.05,a,48.0,63.61,a,93.0,55.26,a,81.0,36.81,A,,45.84,Unknown,53.0,48.26,C,86.0,49.65,A
439,Kitty, Abyssinian,19,4.39, WHITE,F,,Yes,Unknown,Berlin,wet,Checkup Needed,05/01/2024,71.16,b,62.0,39.56,a,37.0,16.67,C,62.0,52.33, ,5.0,80.63,Unknown,30.0,37.28,A,3.0,41.54,a,4.0,36.87,D,56.0,0.09,Unknown,99.0,53.19,a,86.0,34.93,A,73.0,44.31,Unknown
440,Leo,SPHYNX,21,4.12,black ,F,yes,No,,TOKYO,Dry,,,55.3,A,63.0,28.76,A,13.0,67.74,A,85.0,78.05,C,33.0,65.05,Unknown,74.0,82.59,B,,41.34,A,56.0,47.99,Unknown,44.0,85.01,D,89.0,50.43,b,99.0,42.07,a,45.0,39.67,Unknown
441,Chloe,SCOTTISH FOLD,3,5.96,Mixed,Male,yes,No,,Paris,,,2024/01/05,38.29,B,9.0,47.39,C,95.0,48.39,B,36.0,73.27, ,63.0,24.04, ,77.0,65.7,C,41.0,57.84, ,81.0,77.64,a,,77.03,b,27.0,43.88,b,,52.1,D,95.0,20.35,C
442,Leo,maine coon,18,6.15,Mixed,M,N,YES,No,Tokyo,Mixed,SICK,Jan 5 2024,49.31,a,28.0,51.89,b,,67.17,D,62.0,60.85, ,13.0,40.27,b,51.0,60.81,C,84.0,58.57,a,38.0,74.83,b,,37.84, ,64.0,43.81,A,48.0,53.24,b,,46.34,D
443,Simba,Unknown,11,5.49,,female,Y,YES,No,,Mixed,healthy,Jan 5 2024,93.08, ,64.0,36.14, ,42.0,47.9,D,11.0,69.53, ,21.0,10.63,Unknown,50.0,56.99,b,35.0,55.38, ,5.0,,Unknown,,29.5, ,65.0,26.72, ,45.0,error,A,37.0,45.44,a
444,Nala, Siamese,11,5.97, WHITE,,N,Yes,Yes,,Dry,healthy,,37.03,a,,60.82,Unknown,32.0,90.01,A,50.0,34.34,Unknown,31.0,27.81, ,,66.67,a,,, ,55.0,80.58,C,72.0,46.02,b,33.0,41.59,b,80.0,66.21,b,52.0,53.2,B
445,Tiger,British Shorthair ,6,4.06,,male,No,NO,,Paris,wet,SICK,Jan 5 2024,69.89,A,19.0,76.32,Unknown,48.0,28.29,C,50.0,47.63,b,10.0,23.06,D,46.0,47.86,B,80.0,63.51,D,9.0,71.4,D,50.0,92.79,A,73.0,30.82,b,58.0,68.81,Unknown,12.0,51.18,D
446,Tiger,scottish fold,16,8.12,,Male,Y,Yes,,,wet,healthy,,62.13,B,91.0,64.59,b,,52.88,a,27.0,52.81,a,47.0,52.42, ,8.0,36.49,A,,55.88,a,17.0,73.54,C,65.0,13.49,B,19.0,error,Unknown,78.0,48.72,B,65.0,53.43,A
447,Bella,Unknown,7,4.99,Brown,male,yes,Yes,No,Paris,Wet,Healthy,2024/01/05,22.9,b,17.0,59.61, ,,43.46,D,82.0,59.91,Unknown,93.0,41.97,B,40.0,68.45,C,94.0,38.65, ,17.0,9.96,D,28.0,75.8,B,,51.18, ,20.0,45.48,b,,20.38,a
448,Luna,SPHYNX,20,2.41,Black,female,N,Yes,,Toronto,,SICK,,24.73,B,63.0,60.72,B,65.0,70.62,D,23.0,28.63,A,93.0,43.79,a,53.0,33.03, ,3.0,77.69,D,50.0,49.04,b,,30.59,C,,67.43,D,80.0,29.29,D,82.0,53.87,a
449,Nala,Unknown,-1,3.17,Orange,F,no,No,Unknown,Berlin,Dry,healthy,05/01/2024,63.41,D,35.0,57.64, ,61.0,42.29,b,88.0,31.65,A,1.0,39.31,A,53.0,83.44,b,,42.24,D,18.0,26.76,A,28.0,37.39,D,52.0,32.55,C,77.0,62.83,b,10.0,25.19,a
450,Bella,british shorthair,6,4.98,Brown,,Y,,No,TOKYO,wet,SICK,2024/01/05,25.91,C,14.0,61.8,A,22.0,64.72,Unknown,97.0,unknown,B,60.0,55.64,B,53.0,56.65,b,58.0,67.07,A,97.0,54.66,B,80.0,43.41,A,76.0,71.29,A,83.0,91.69,Unknown,58.0,57.76,D
451,Lucy, Scottish Fold,24,3.16, WHITE,Unknown,no,NO,Unknown,New York,Dry,Healthy,2024/01/05,43.16,A,59.0,44.57,B,81.0,61.42,b,38.0,,D,93.0,46.36,b,46.0,53.76,A,46.0,30.14,Unknown,53.0,54.56,b,45.0,23.29,C,85.0,67.13,b,96.0,62.28,a,39.0,24.46,Unknown
452,Loki,ABYSSINIAN,5,4.72,Gray,female,N,Yes,Yes,Toronto,dry,Checkup Needed,,33.33,b,29.0,27.62,A,74.0,27.3,D,,73.26,A,78.0,47.34,a,20.0,48.7,a,94.0,35.69, ,13.0,88.53,D,43.0,56.24,a,10.0,50.74,D,55.0,53.13,a,82.0,62.68, 
453,Simba,Unknown,10,2.68,Gray,male,Yes,No,,Sydney,dry,Checkup Needed,Jan 5 2024,32.95,B,89.0,47.03, ,4.0,59.11,D,,86.98, ,8.0,55.78,C,,27.42,D,19.0,65.71,Unknown,67.0,71.21,Unknown,73.0,75.25,b,34.0,43.82,a,4.0,73.34,C,,38.36,C
454,Smokey, Persian,7,4.75,,male,,No,Yes,TOKYO,wet,Healthy,,27.45,b,83.0,52.2, ,99.0,20.8,Unknown,62.0,40.93,a,69.0,45.69,C,18.0,47.63,D,94.0,56.63,b,86.0,82.11,B,,42.95, ,46.0,42.99,a,98.0,36.3, ,56.0,49.93,Unknown
455,Tiger,sphynx,15,4.79,black ,,No,YES,Unknown,New York,wet,Sick,,32.18,A,8.0,57.82,a,81.0,59.04,Unknown,73.0,71.47, ,38.0,40.52,A,5.0,51.44,D,54.0,44.06,B,56.0,56.7,B,16.0,51.01, ,,71.21,A,28.0,54.01,D,88.0,52.38,D
456,Chloe,Scottish Fold,15,5.7,Orange,male,,,Unknown, london,wet,Healthy,2024/01/05,11.82,b,29.0,46.44,A,,66.31, ,56.0,52.87,a,91.0,41.55,B,41.0,39.18,Unknown,14.0,65.63,C,22.0,49.15,D,4.0,81.48,D,42.0,72.42,Unknown,69.0,46.18,A,99.0,37.71,B
457,Chloe,Bengal,15,4.27,black ,Male,,,Yes,TOKYO,Mixed,Sick,,63.86,B,97.0,69.09,A,10.0,59.31,Unknown,68.0,78.23,a,97.0,43.21,b,43.0,24.97,a,83.0,83.24,Unknown,81.0,62.62, ,19.0,68.33, ,,45.11,A,5.0,36.63,C,67.0,55.61,a
458,Loki, Ragdoll,23,4.37,Black,Male,,No,No,Berlin,Mixed,Checkup Needed,,74.18,D,29.0,52.82,B,76.0,59.3, ,84.0,46.87,b,8.0,70.82,D,41.0,38.75,D,70.0,37.52,a,3.0,36.98,A,60.0,43.31, ,29.0,72.32,a,45.0,91.48,b,15.0,78.84,A
459,Oreo,British Shorthair,21,2.77,White,Unknown,Yes,Yes,Yes,London,Dry,,Jan 5 2024,40.87,Unknown,77.0,39.45, ,87.0,60.91,Unknown,32.0,56.58,C,43.0,60.16,D,13.0,29.72,A,77.0,55.18, ,32.0,74.52,a,91.0,44.76, ,75.0,error,Unknown,52.0,15.08,B,24.0,29.08,D
460,Milo,Abyssinian,23,4.68,White,male,Y,No,,,wet,Healthy,05/01/2024,-5.45,B,68.0,75.58,b,88.0,89.33,Unknown,38.0,79.73,C,59.0,94.38,A,15.0,77.78, ,41.0,55.32,b,,56.84,a,39.0,25.34,C,15.0,56.71,B,14.0,58.21,C,24.0,51.35,A
461,Lucy,Unknown,6,4.47,Black,Male,Y,YES,Unknown, london,wet,,,17.33,C,57.0,57.18,A,98.0,52.66,Unknown,53.0,76.41,A,55.0,52.12,C,,62.76,b,94.0,47.95,D,45.0,76.04,a,48.0,19.09,a,48.0,71.19,Unknown,51.0,57.69,A,13.0,-7.02,B
462,Leo,British Shorthair,23,6.8,Mixed,female,,,No,Sydney,wet,Checkup Needed,2024-01-05,72.21, ,42.0,86.81, ,65.0,46.02,D,39.0,54.09,a,64.0,78.55,C,76.0,52.11,a,50.0,58.33,C,78.0,76.88, ,4.0,93.99,a,,45.1,D,13.0,50.56,C,29.0,11.58,B
463,Leo,Ragdoll,17,3.45,Orange,Unknown,,No,Unknown,New York,Dry,SICK,,35.54,a,76.0,55.97,B,63.0,39.65,a,63.0,22.98,D,88.0,21.94, ,,62.1, ,76.0,73.57,A,49.0,47.67,D,28.0,62.04,B,52.0,43.73,B,13.0,75.98,a,,37.53, 
464,Shadow,Siamese ,8,6.77,black ,female,Y,,Unknown,London,Mixed,Sick,05/01/2024,46.75,Unknown,,30.47,C,79.0,65.92, ,16.0,59.75,Unknown,,27.33,a,61.0,30.51,B,,18.13,b,25.0,3.59,D,99.0,42.02, ,72.0,39.41,a,,42.3,b,84.0,44.21,B
465,Oliver,PERSIAN,24,6.07,Black,,Yes,,,Sydney,wet,healthy,2024/01/05,33.14,C,46.0,35.88,Unknown,,33.83, ,12.0,97.41, ,71.0,58.23,a,99.0,72.75,a,38.0,48.56,B,49.0,53.9,B,37.0,61.42,b,94.0,82.54,b,95.0,73.72,D,48.0,27.6,B
466,Bella,Unknown,11,6.22,Gray,Male,Yes,YES,No,New York,wet,healthy,05/01/2024,29.08,D,36.0,58.76,B,5.0,39.47,D,55.0,56.34,a,17.0,24.48,a,38.0,30.08,Unknown,35.0,22.81, ,8.0,43.46,C,18.0,41.58,A,80.0,30.49,C,90.0,47.11,A,54.0,65.75,A
467,Oliver,bengal,19,6.26,black ,Unknown,no,Yes,Yes,TOKYO,dry,SICK,2024-01-05,21.07,b,33.0,16.29, ,99.0,80.85,C,47.0,29.3, ,87.0,14.15,D,67.0,34.3, ,33.0,47.63,b,13.0,37.86,D,29.0,49.9,C,40.0,84.48,Unknown,4.0,52.91,C,38.0,47.53,B
468,Leo,sphynx,-1,4.81,black ,Female,Yes,NO,No,New York,Mixed,SICK,05/01/2024,50.56,C,47.0,84.78,b,52.0,56.1,b,17.0,-6.84,D,71.0,30.27,b,76.0,25.19,B,67.0,79.65,b,79.0,58.85,B,31.0,49.33,Unknown,89.0,14.42,b,45.0,59.19,a,43.0,32.38,C
469,Oreo, Siamese,11,7.01,Orange,M,no,Yes,Yes, london,Dry,Checkup Needed,05/01/2024,54.18,A,54.0,64.95,C,72.0,80.65,a,67.0,55.77, ,15.0,50.52,Unknown,68.0,81.9,b,,50.46,D,28.0,39.55,D,96.0,18.48,b,,60.69,Unknown,6.0,66.71,b,10.0,59.2,b
470,Bella,Unknown,-1,7.15,Mixed,,No,Yes,Unknown,,Dry,healthy,2024/01/05,57.3, ,74.0,73.66,C,22.0,64.98,a,89.0,error,A,84.0,55.97,b,70.0,35.23,C,32.0,45.57, ,28.0,55.62,a,94.0,7.53, ,45.0,68.52,B,17.0,N/A,a,24.0,35.05,Unknown
471,Chloe, Ragdoll,-2,5.15, WHITE,Male,no,No,Unknown,TOKYO,wet,Checkup Needed,,error,a,12.0,22.36,D,99.0,35.23,Unknown,75.0,44.52,A,13.0,28.23,D,22.0,62.39,C,17.0,40.16,a,5.0,94.16, ,87.0,58.26,Unknown,94.0,79.78,B,,59.49,Unknown,56.0,54.0,D
472,Lucy,MAINE COON,9,4.21,Gray,F,Yes,Yes,Yes,London,wet,Healthy,05/01/2024,27.84,A,4.0,75.43, ,87.0,69.21,a,12.0,77.49,Unknown,30.0,53.08,B,31.0,29.78,A,56.0,75.13,a,61.0,37.93,B,0.0,26.15,Unknown,3.0,57.15, ,17.0,70.84,a,43.0,47.24,D
473,Simba,Unknown,21,0.85,White,,No,YES,Yes,,Wet,Checkup Needed,2024/01/05,103.9,C,19.0,51.9, ,69.0,32.23,D,66.0,20.67, ,57.0,65.37,Unknown,,62.52,a,,65.16,a,78.0,62.19,B,99.0,58.09, ,53.0,77.47,A,,2.75,b,16.0,77.04,D
474,Smokey,british shorthair,4,5.08,Black,Male,,,,Toronto,Dry,Sick,2024-01-05,60.42, ,11.0,38.93, ,89.0,5.24,B,3.0,32.36,Unknown,6.0,52.81,Unknown,42.0,22.9,b,86.0,14.46,C,2.0,27.88,D,15.0,42.15,C,87.0,27.19,B,45.0,40.91,D,63.0,51.65,C
475,Smokey,Unknown,0,2.77,White,,No,YES,No,London,dry,Checkup Needed,2024-01-05,85.12,a,76.0,41.85,Unknown,15.0,34.6,A,67.0,N/A, ,32.0,15.81, ,37.0,67.38,D,72.0,42.37,A,92.0,40.85,b,23.0,68.26,Unknown,12.0,42.62,Unknown,94.0,32.68,C,89.0,58.93,a
476,Oliver,Maine Coon ,12,4.7,Black,male,Y,YES,, london,dry,Healthy,2024/01/05,58.41,b,5.0,54.52,a,88.0,23.1,A,55.0,74.8,C,58.0,67.04,A,42.0,51.04,a,24.0,60.05,a,,74.27,a,37.0,25.91,D,33.0,88.14,D,61.0,66.97, ,78.0,72.47,A
477,Tiger,ragdoll,24,3.16,Mixed,male,yes,No,Unknown,Sydney,,healthy,2024/01/05,81.39,Unknown,66.0,42.45, ,28.0,65.37,b,62.0,47.51,D,57.0,56.71,C,1.0,100.68,b,56.0,45.7,Unknown,76.0,67.81,C,4.0,N/A,B,31.0,24.43,C,3.0,80.07,D,23.0,31.44,D
478,Simba,bengal,4,2.87,White,F,no,YES,Yes,Toronto,dry,,2024/01/05,80.22,B,63.0,74.53,C,40.0,64.42, ,17.0,30.18,B,69.0,70.18,Unknown,35.0,8.41,Unknown,11.0,33.82,A,80.0,53.95,b,15.0,72.93,Unknown,25.0,24.11,Unknown,58.0,29.22,B,92.0,70.53,b
479,Milo,SCOTTISH FOLD,2,7.39, WHITE,,Yes,Yes,,Tokyo,Dry,Sick,05/01/2024,44.18,C,4.0,32.66,C,11.0,42.87,D,86.0,46.29,B,50.0,69.66,B,71.0,10.28,b,17.0,42.18,a,,70.32, ,41.0,29.18,A,87.0,51.5,B,22.0,31.39, ,95.0,92.55, 
480,Kitty, British Shorthair,15,4.72,Brown,F,Yes,No,Yes,New York,,Sick,,62.42,b,35.0,68.53,A,28.0,55.9,a,84.0,48.56,a,58.0,error,a,31.0,55.84,Unknown,24.0,33.67, ,18.0,63.89,D,,N/A,b,91.0,83.5,Unknown,4.0,20.7,a,79.0,50.96, 
481,Chloe, Scottish Fold,14,3.43,Black,Male,Yes,No,,Toronto,wet,Healthy,,34.02,A,10.0,67.68,D,54.0,28.42, ,94.0,68.07,C,18.0,55.5,a,7.0,37.29,Unknown,90.0,33.17,A,,46.78,D,37.0,46.87,B,65.0,46.87,C,49.0,95.4,Unknown,43.0,43.26,D
482,Bella,,10,3.88,Brown,Female,Yes,NO,Unknown, london,Mixed,Sick,2024/01/05,91.99,C,92.0,45.65,D,74.0,37.61, ,40.0,63.2,Unknown,44.0,39.32,B,12.0,unknown,Unknown,90.0,51.13,a,3.0,57.16, ,63.0,54.2,C,38.0,46.58,a,66.0,57.61,b,,67.14,B
483,Luna, Bengal,18,6.2,Brown,female,Yes,NO,No, london,,,,54.32,A,73.0,58.15, ,51.0,67.27,A,8.0,34.68,C,62.0,60.67,a,81.0,70.75,B,23.0,53.51,b,11.0,54.43,A,62.0,58.85, ,60.0,20.48, ,13.0,82.99,A,39.0,17.21,b
484,Oreo,Bengal ,13,4.78, WHITE,Male,Yes,NO,Unknown,,Mixed,Checkup Needed,05/01/2024,62.31,b,,105.71,a,86.0,33.05,D,92.0,44.81,C,19.0,61.32,B,13.0,61.82,B,22.0,37.5,D,52.0,36.93,b,23.0,63.42,D,,38.08, ,77.0,51.51,A,,91.92,A
485,Lucy, Persian,18,3.37,Gray,Female,no,NO,,,,,,40.14,B,16.0,37.14,D,88.0,33.12,B,52.0,54.51,B,11.0,52.27,a,71.0,unknown,D,71.0,53.87,Unknown,56.0,59.94,b,1.0,50.02,A,,54.65,C,79.0,13.62,Unknown,,73.98,Unknown
486,Luna,persian,5,4.0200000000000005, WHITE,Unknown,Yes,,Unknown,,Dry,,05/01/2024,72.29,D,66.0,10.47, ,38.0,73.79,C,2.0,32.61,b,45.0,38.34,b,18.0,61.43, ,89.0,14.24,a,,26.85,b,89.0,77.67,D,23.0,46.61,B,32.0,42.84,D,43.0,41.83,Unknown
487,Chloe,,14,5.84,Orange,M,yes,No,Unknown,Paris,Wet,healthy,05/01/2024,59.36,b,36.0,30.68,Unknown,19.0,76.21,a,30.0,43.65,a,56.0,46.48,b,1.0,53.43,Unknown,26.0,56.32,D,20.0,67.94,B,55.0,7.71,D,75.0,37.5, ,21.0,73.46,A,90.0,32.54, 
488,Smokey,MAINE COON,14,3.59,Mixed,female,yes,Yes,,Sydney,Dry,Sick,,47.38,Unknown,38.0,71.23,B,13.0,35.35,Unknown,96.0,24.26, ,74.0,3.4, ,77.0,45.37,B,97.0,36.23,C,75.0,69.98,Unknown,9.0,58.39,D,46.0,58.0,Unknown,88.0,93.08,A,64.0,49.67,A
489,Leo,Unknown,21,6.62,Mixed,Female,N,NO,Yes,TOKYO,,,2024-01-05,61.5,D,19.0,95.55,b,24.0,52.01, ,10.0,43.57,C,58.0,76.29,B,12.0,29.72, ,46.0,47.23,Unknown,15.0,27.08,Unknown,15.0,38.05,a,7.0,72.45,D,79.0,63.52,b,80.0,35.52,b
490,Chloe,maine coon,23,4.85,Gray,F,Yes,Yes,,Paris,,SICK,2024-01-05,55.14,C,23.0,55.3,a,78.0,72.91,b,51.0,78.83, ,24.0,80.19,D,,48.21,b,22.0,52.45,a,86.0,57.5,B,77.0,34.42,C,72.0,N/A, ,94.0,27.82,Unknown,55.0,84.87,b
491,Milo,Sphynx ,-2,3.58,black ,female,Y,YES,No,TOKYO,Wet,healthy,2024-01-05,77.88,B,32.0,44.35,Unknown,60.0,48.27,b,11.0,27.12,a,38.0,27.03,b,,58.37,Unknown,69.0,45.78,b,83.0,76.57,C,,26.33,A,24.0,43.54,Unknown,26.0,33.56, ,34.0,71.1,D
492,Chloe,Unknown,4,6.19,Brown,F,Y,NO,Unknown,Paris,dry,SICK,,43.97,A,85.0,54.28,A,49.0,42.3,A,20.0,19.13,A,0.0,30.21,B,85.0,45.07,C,11.0,54.9,C,5.0,54.95,A,61.0,41.04,C,89.0,49.94,C,10.0,45.46,Unknown,64.0,50.43,A
493,Shadow,,7,5.88,Mixed,,yes,NO,Yes,Berlin,Dry,SICK,Jan 5 2024,-0.8,b,,33.05,B,81.0,33.33,B,42.0,39.63,b,81.0,25.4,a,76.0,30.22, ,16.0,61.75,C,15.0,49.69,b,73.0,38.15,a,53.0,44.01, ,27.0,74.42,b,67.0,23.98,A
494,Smokey,,13,6.04,Brown,Unknown,N,No,Unknown, london,dry,Sick,,55.85,a,6.0,3.33,D,49.0,47.37,C,44.0,24.81,A,24.0,59.21,C,59.0,49.29,Unknown,77.0,32.11,Unknown,48.0,44.45,b,85.0,38.8,b,,62.13,b,11.0,34.25,C,68.0,37.22,C
495,Tiger, Ragdoll,2,7.18,Gray,female,Y,NO,,,Dry,SICK,05/01/2024,82.56, ,94.0,47.82,A,29.0,69.35,B,14.0,57.38,C,34.0,35.74,A,11.0,43.66,b,93.0,38.79,Unknown,99.0,56.43,Unknown,30.0,44.19,D,24.0,57.88,Unknown,12.0,61.16,C,10.0,42.5,B
496,Shadow,Scottish Fold,4,5.47,,female,N,No,Yes,Sydney,Mixed,healthy,2024-01-05,39.25, ,3.0,25.26,D,33.0,48.0,A,2.0,62.62,b,39.0,68.6,B,15.0,79.3, ,92.0,31.34,D,23.0,60.29,Unknown,7.0,48.52,D,43.0,50.13,C,62.0,46.23,B,50.0,78.64, 
497,Kitty,Unknown,8,4.44, WHITE,Unknown,yes,No,Yes,Paris,dry,Checkup Needed,Jan 5 2024,91.36,D,18.0,29.76,D,34.0,120.6,C,46.0,67.28,A,89.0,52.96,C,54.0,89.32, ,40.0,28.73,A,75.0,29.48,A,3.0,40.4,A,75.0,69.49,a,89.0,44.99,Unknown,24.0,N/A,a
498,Kitty,Unknown,21,6.97,Mixed,Female,Y,NO,Unknown,Toronto,dry,Checkup Needed,2024-01-05,34.12,A,72.0,35.79,B,81.0,58.89,b,37.0,16.38,b,34.0,37.82,A,99.0,45.2,C,,44.29,Unknown,8.0,40.59,Unknown,,28.95,C,,38.88,B,,error,a,24.0,49.01,A
499,Simba,British Shorthair ,13,6.36,,,Yes,Yes,,New York,wet,healthy,,61.52, ,72.0,60.76,b,30.0,45.15,a,66.0,25.38,B,44.0,32.27, ,71.0,65.08,C,,56.08,Unknown,54.0,41.3, ,9.0,34.4, ,73.0,-19.1,A,14.0,61.55,B,57.0,61.91,Unknown
500,Nala, Scottish Fold,4,3.51,Orange,,Y,Yes,Yes,Sydney,dry,,,47.41,D,11.0,42.3,D,76.0,26.99,Unknown,61.0,51.13,B,52.0,49.41,a,90.0,62.93, ,,2.69,A,88.0,37.91,D,81.0,56.0,b,92.0,47.18,Unknown,41.0,71.22,B,94.0,33.46,A
501,Tiger,Unknown,4,6.72,Orange,Male,N,YES,,London,,Sick,Jan 5 2024,14.97,B,15.0,51.16,B,12.0,38.57,B,28.0,75.46,B,55.0,9.19,D,27.0,50.63,D,43.0,35.09,D,16.0,69.82,C,20.0,43.42,D,89.0,44.08, ,72.0,35.74,A,42.0,108.82,D
502,Nala,scottish fold,20,2.32,,,Y,,Unknown,Berlin,dry,Checkup Needed,,51.77,D,98.0,43.81,C,9.0,70.06,A,73.0,48.16,D,8.0,40.23,C,48.0,-31.59,A,31.0,61.05,A,,35.53,b,64.0,68.23,Unknown,15.0,26.4,b,,62.82,a,,39.04, 
503,Simba,RAGDOLL,14,4.96, WHITE,female,no,Yes,No,New York,wet,Checkup Needed,,63.58,a,54.0,65.54, ,26.0,40.79,Unknown,86.0,38.79,B,4.0,29.51,D,58.0,64.12,a,,75.02,a,12.0,74.25,A,48.0,52.78,B,,37.77,b,48.0,50.42,a,51.0,11.9,D
504,Luna,Persian,5,6.56,White,Male,no,Yes,, london,Dry,healthy,,72.87,C,10.0,66.79, ,48.0,67.01,C,95.0,7.09,b,20.0,54.87,Unknown,74.0,33.4,a,72.0,68.39,A,23.0,34.86,a,31.0,72.33,B,,56.2,A,71.0,89.3,D,63.0,92.41,D
505,Nala,persian,3,4.61,Black,female,Y,NO,Yes,Berlin,Wet,SICK,,36.31,D,54.0,33.88,A,21.0,49.45,A,,63.85,A,,25.37, ,9.0,68.69,b,57.0,51.3,Unknown,94.0,18.57,D,41.0,80.14,C,56.0,61.36,B,16.0,62.77,Unknown,24.0,38.34,C
506,Kitty,Ragdoll,16,5.48,black ,female,No,NO,,,Wet,,2024-01-05,88.99,b,17.0,35.09,a,47.0,32.86,D,46.0,50.45, ,,43.85, ,76.0,48.64,A,58.0,27.67,Unknown,24.0,34.16,C,99.0,60.65,A,61.0,61.09,C,96.0,27.7,C,51.0,55.33,C
507,Nala,Unknown,0,5.82,Gray,M,,NO,Yes, london,Wet,,Jan 5 2024,22.73,Unknown,24.0,18.2,C,70.0,50.91, ,71.0,32.36,Unknown,26.0,29.52, ,87.0,42.3,A,34.0,50.08,a,76.0,74.46,b,68.0,58.55, ,81.0,14.7,A,61.0,92.73,A,69.0,57.25,B
508,Shadow,persian,11,3.34,White,male,Yes,Yes,Unknown,London,,healthy,,44.56, ,57.0,45.2,A,55.0,74.61,b,85.0,71.62,A,45.0,58.42,a,73.0,110.45,B,96.0,48.41,C,35.0,32.92,D,82.0,72.9,D,1.0,41.62,b,65.0,42.97,b,97.0,72.96,A
509,Nala,,18,6.06,black ,Female,,Yes,Yes,TOKYO,,Sick,05/01/2024,43.64,b,23.0,48.34,C,15.0,41.04, ,,45.83,B,93.0,52.55, ,87.0,97.54,Unknown,28.0,20.94, ,99.0,120.0,C,87.0,64.35, ,77.0,66.16,b,71.0,37.98,b,,23.29,B
510,Leo,Unknown,12,5.27,,,N,YES,,Berlin,Dry,healthy,,71.18,D,30.0,64.69,Unknown,23.0,27.02,Unknown,21.0,43.15, ,70.0,33.07,A,21.0,68.46,Unknown,,97.54,D,1.0,73.54,a,46.0,74.67, ,37.0,43.85, ,22.0,61.7,B,46.0,46.89,A
511,Kitty,Bengal ,-2,3.65,,Unknown,yes,No,,Paris,Wet,Checkup Needed,,63.77,a,73.0,51.96,C,16.0,32.07,A,66.0,69.61, ,,35.21,B,,49.76,a,15.0,61.64,B,42.0,65.24,B,34.0,62.34,Unknown,26.0,62.96,B,52.0,46.53,C,80.0,44.35,a
512,Milo,British Shorthair ,18,7.46,,Unknown,no,Yes,No, london,Mixed,healthy,Jan 5 2024,25.12,D,54.0,46.14,Unknown,43.0,59.38, ,52.0,32.56,B,98.0,51.52,C,68.0,66.12,Unknown,38.0,13.42,a,29.0,54.69,D,34.0,39.79,B,34.0,51.62, ,47.0,89.14,b,52.0,,a
513,Simba, Bengal,21,4.3,black ,male,No,Yes,,Tokyo,Dry,,,41.11,b,61.0,23.95,D,51.0,81.13,C,61.0,57.2, ,32.0,57.31,D,93.0,49.95, ,8.0,5.61,Unknown,23.0,80.42,C,7.0,40.23,A,82.0,25.48,D,,23.78,b,65.0,58.59,A
514,Loki,BENGAL,17,4.4,White,Male,No,NO,No,,dry,SICK,,57.27, ,95.0,48.65,D,,50.25,Unknown,26.0,51.01,b,78.0,52.7,Unknown,43.0,51.77,Unknown,46.0,30.59, ,39.0,5.35,D,,55.22,b,79.0,36.81,B,18.0,15.1,A,94.0,38.3,b
515,Shadow,Siamese ,10,4.17,Gray,Male,Y,NO,Unknown,Paris,Mixed,Healthy,2024/01/05,49.55,C,99.0,91.88,D,1.0,52.81,B,73.0,38.82, ,83.0,49.67,D,,50.36, ,,65.44,A,73.0,36.22,a,68.0,22.22, ,60.0,78.41,b,8.0,15.66,a,64.0,49.76,A
516,Oliver,,10,4.36,Mixed,Female,,,Yes, london,wet,healthy,,17.35, ,,30.13,D,32.0,83.31, ,45.0,34.25, ,55.0,93.25,C,8.0,58.27,b,87.0,50.7,D,10.0,30.53,C,29.0,45.8, ,83.0,27.43,A,,62.11,B,0.0,74.97,b
517,Smokey,RAGDOLL,22,2.31, WHITE,Female,yes,,Unknown, london,wet,Healthy,Jan 5 2024,46.54,D,12.0,96.82,Unknown,48.0,18.49,a,40.0,43.12,Unknown,6.0,82.45,Unknown,32.0,29.17, ,76.0,42.72,B,37.0,37.44,D,31.0,53.71,a,65.0,62.0,Unknown,78.0,61.28,D,80.0,71.35,b
518,Luna, Abyssinian,20,3.94,White,,No,NO,No,London,Mixed,SICK,2024-01-05,31.55,a,9.0,29.56,a,35.0,60.63,Unknown,24.0,75.21, ,36.0,31.39,B,78.0,58.91,C,,50.96,D,92.0,67.15, ,44.0,32.79,D,46.0,50.13, ,48.0,20.66,B,61.0,6.3,a
519,Nala,RAGDOLL,20,3.03,black ,Female,no,No,,London,dry,SICK,Jan 5 2024,84.33,a,90.0,42.69,B,75.0,47.9,Unknown,3.0,37.66, ,2.0,68.58,a,78.0,70.69,D,50.0,20.42,Unknown,24.0,29.25,B,89.0,43.45,a,20.0,49.37,C,63.0,25.09,C,90.0,54.32,B
520,Oliver,Persian ,10,5.57,Gray,Female,N,,No,Berlin,,Checkup Needed,05/01/2024,25.07,b,35.0,53.02,B,46.0,66.21,B,48.0,20.48,D,9.0,57.44,A,47.0,75.28,b,64.0,43.14,Unknown,5.0,67.68,D,,55.97, ,80.0,70.89,b,70.0,51.26,A,83.0,59.89,A
521,Tiger,persian,3,1.92,Orange,female,Y,,No,Sydney,Mixed,Checkup Needed,2024/01/05,54.35,B,63.0,51.69,B,77.0,78.43,b,92.0,66.71,Unknown,,52.32,C,75.0,53.5,A,78.0,14.18,C,93.0,109.7,Unknown,23.0,49.42,A,76.0,58.86, ,,20.39,C,64.0,33.76, 
522,Simba,Ragdoll,0,7.69,Gray,Unknown,yes,,Yes,,Wet,Healthy,05/01/2024,N/A,C,7.0,32.17,A,55.0,31.61,D,21.0,50.19,Unknown,49.0,48.82,D,46.0,41.13,C,64.0,37.01,Unknown,71.0,60.26,Unknown,53.0,31.83,B,83.0,36.63,A,99.0,18.72,A,48.0,77.04,C
523,Nala,,20,5.26,black ,F,No,,,Paris,,Checkup Needed,,11.91,A,99.0,20.87,Unknown,75.0,28.4,C,44.0,55.02,Unknown,21.0,unknown,C,,58.16,Unknown,89.0,69.03,D,1.0,43.85,A,0.0,57.13,b,43.0,61.63,A,20.0,38.94,a,2.0,85.03,C
524,Loki,ABYSSINIAN,4,6.33,Gray,M,yes,NO,,Toronto,Wet,Checkup Needed,2024/01/05,60.08,B,30.0,28.07, ,81.0,59.98, ,72.0,53.89,C,20.0,16.64,Unknown,34.0,55.84,B,33.0,66.13,C,93.0,62.28,a,,38.29,C,81.0,59.76,B,0.0,35.89,D,4.0,78.03,A
525,Loki,,19,5.96, WHITE,Male,N,,Unknown,Paris,,Sick,,34.32,A,48.0,22.69,b,44.0,41.6,b,48.0,61.07,C,48.0,59.38,A,89.0,58.36,b,,53.37,D,17.0,48.08,a,,65.24,b,,94.41, ,60.0,58.3,C,85.0,45.53,B
526,Smokey,BENGAL,14,4.44,Orange,,N,No,,,Wet,healthy,2024-01-05,42.8, ,27.0,47.89,Unknown,,37.62,a,66.0,58.01,D,9.0,86.94,A,42.0,43.86,b,16.0,94.49,Unknown,83.0,55.45,C,68.0,26.01,C,53.0,66.53,b,85.0,50.03, ,49.0,51.77,A
527,Milo,SPHYNX,0,3.5,White,F,N,,Unknown,Berlin,,Sick,2024/01/05,45.83,D,99.0,45.79,A,46.0,87.85,a,,70.44, ,43.0,9.33,b,80.0,50.44,A,23.0,62.2,D,45.0,29.02,D,31.0,41.25,b,48.0,58.25,Unknown,88.0,57.81, ,9.0,27.68,b
528,Simba,,-1,4.24,Black,Female,Yes,YES,Yes,London,Dry,Checkup Needed,,74.6,a,,62.33,B,24.0,71.24, ,26.0,76.95,C,,55.9,Unknown,68.0,47.65,a,32.0,42.51,C,32.0,92.22,B,,48.26,Unknown,,30.66,D,60.0,81.87,B,56.0,25.72,C
529,Oreo,BRITISH SHORTHAIR,20,3.58,black ,F,Y,Yes,Unknown, london,dry,healthy,,49.96,a,64.0,36.26,Unknown,5.0,7.6,b,94.0,46.23,a,66.0,38.71,b,,55.87,b,29.0,46.81,D,96.0,49.9, ,70.0,33.26,B,34.0,42.05,a,32.0,36.55,D,81.0,108.49,a
530,Kitty,SCOTTISH FOLD,11,4.44,,M,No,YES,No,,Wet,Sick,2024/01/05,65.94,C,,10.39,D,45.0,73.14,a,31.0,59.43, ,89.0,25.33,b,26.0,84.54,b,13.0,71.61,Unknown,63.0,52.3,B,75.0,55.64,b,15.0,52.39, ,,45.82,Unknown,50.0,-1.03,Unknown
531,Shadow,Bengal,12,4.56,black ,Male,,YES,Yes,Berlin,wet,healthy,2024-01-05,51.72,Unknown,14.0,58.94,A,53.0,34.11,A,,56.61,a,63.0,62.57,C,76.0,44.47,a,13.0,27.69,D,30.0,51.53,b,28.0,76.29,C,,45.79,A,81.0,38.5, ,98.0,55.99,D
532,Loki,Sphynx ,15,24.18,Brown,M,N,YES,Yes,Sydney,Wet,Sick,Jan 5 2024,56.83, ,99.0,28.24,C,28.0,33.18,A,,48.93,a,17.0,42.91,Unknown,70.0,54.22,C,82.0,68.64,a,19.0,82.22,b,,26.95,A,10.0,98.78,Unknown,58.0,50.59,Unknown,12.0,61.32,a
533,Milo,Siamese,18,5.3,White,Male,,NO,No,Berlin,wet,SICK,Jan 5 2024,55.25,B,7.0,48.18,b,31.0,25.84,a,58.0,57.75,A,73.0,35.79, ,,60.47,a,68.0,56.96,D,33.0,21.82,D,97.0,46.75,A,2.0,47.36,a,21.0,73.35,A,84.0,44.44,b
534,Bella, Scottish Fold,0,2.61, WHITE,Male,No,No,Unknown,TOKYO,,healthy,2024-01-05,85.43,Unknown,35.0,31.88,A,47.0,89.43,B,,76.76,b,70.0,41.61,b,79.0,unknown,Unknown,26.0,73.17,D,78.0,59.18, ,,98.93,Unknown,49.0,49.17,D,78.0,10.64,C,85.0,32.63,D
535,Shadow,Scottish Fold,9,3.23,black ,Unknown,No,NO,Unknown,Tokyo,,SICK,2024/01/05,15.61, ,23.0,56.08,D,19.0,43.14,D,83.0,39.43,B,9.0,35.06,b,29.0,58.58,a,97.0,19.64,Unknown,72.0,23.86,C,59.0,45.74,A,34.0,44.46,Unknown,8.0,45.58,a,98.0,54.34,b
536,Simba, British Shorthair,11,3.93,Mixed,F,Yes,NO,,Toronto,dry,Checkup Needed,Jan 5 2024,error,D,1.0,24.68, ,,51.02,C,56.0,74.12,B,,unknown,C,89.0,82.24,a,36.0,19.54, ,23.0,43.31,b,15.0,,Unknown,43.0,44.32,Unknown,74.0,49.64,A,37.0,36.68,D
537,Lucy, Scottish Fold,15,4.31,Gray,Male,Y,NO,Yes, london,Wet,Checkup Needed,,56.84,B,21.0,27.0,C,44.0,34.88,A,44.0,45.21,b,74.0,69.54,a,18.0,48.82,A,35.0,82.37,a,62.0,52.62,Unknown,72.0,72.46,D,69.0,36.23,Unknown,10.0,37.77,D,65.0,23.63,D
538,Tiger,Siamese,19,4.13,Brown,,Y,NO,No,Paris,Wet,healthy,,38.58,D,77.0,62.86,b,15.0,7.2,b,22.0,99.37,D,12.0,71.55,Unknown,85.0,51.38,a,54.0,61.06,A,83.0,26.29, ,24.0,20.06, ,31.0,21.41,D,39.0,79.74,A,41.0,24.18,C
539,Milo,siamese,0,3.24,Gray,F,no,,Unknown,Tokyo,Wet,healthy,,87.91,b,38.0,78.66,Unknown,11.0,84.82,A,36.0,63.26, ,91.0,62.52,C,76.0,60.5,B,82.0,69.04,a,23.0,44.3,D,56.0,22.61,D,98.0,54.71, ,88.0,46.07,D,98.0,50.86,b
540,Leo,,11,2.94,,male,no,No,Unknown,Toronto,Mixed,healthy,2024-01-05,34.79,Unknown,29.0,62.83,Unknown,41.0,73.16,b,76.0,67.46,D,75.0,66.29,b,16.0,40.74,C,26.0,55.88, ,49.0,8.57,Unknown,92.0,101.81,Unknown,,48.11,a,51.0,39.95,a,49.0,38.18,b
541,Bella, Maine Coon,-1,6.2,,female,N,Yes,Yes,London,Mixed,Checkup Needed,05/01/2024,83.96,C,35.0,83.36,b,2.0,40.68,B,9.0,44.31,C,,54.97,b,6.0,79.79,a,7.0,36.11,A,,70.4,Unknown,95.0,32.99,a,49.0,46.44,C,58.0,31.19,b,94.0,52.26,D
542,Simba, Bengal,3,3.7,black ,male,N,NO,Unknown,TOKYO,,healthy,2024-01-05,37.74,Unknown,48.0,25.07,D,30.0,61.73,A,67.0,32.34,C,14.0,18.89,B,64.0,49.32,B,37.0,39.31,B,86.0,55.19,a,19.0,49.69,a,12.0,33.57,B,60.0,24.11,Unknown,,38.37,D
543,Leo,,13,4.24,Brown,male,N,NO,Unknown,Tokyo,Wet,Sick,05/01/2024,58.22, ,43.0,35.2,C,68.0,45.67,b,84.0,101.59,D,42.0,55.84,b,,21.57,Unknown,96.0,76.54,A,51.0,71.79,b,83.0,51.42,D,18.0,44.83,A,86.0,52.86,B,,59.19,A
544,Kitty,British Shorthair ,16,3.72,White,M,,No,Unknown,,Mixed,Checkup Needed,2024/01/05,27.19,Unknown,38.0,-1.46,A,57.0,19.04,Unknown,31.0,15.57,B,56.0,33.15,b,38.0,68.97,a,72.0,30.15,Unknown,24.0,39.49,Unknown,39.0,48.22,B,75.0,12.12,b,,23.41,A,33.0,47.32,Unknown
545,Kitty,British Shorthair,4,4.4, WHITE,,Y,NO,Yes,London,dry,Checkup Needed,05/01/2024,44.99,B,90.0,74.66,B,4.0,97.11,A,,65.56,b,20.0,26.76,C,13.0,50.53,a,89.0,90.28,a,,60.89,A,7.0,69.77,B,60.0,56.7,C,42.0,67.76,b,73.0,30.06,A
546,Simba,maine coon,4,2.76,Mixed,,yes,YES,No,TOKYO,,Checkup Needed,,5.66, ,13.0,75.6,a,67.0,83.85,b,34.0,56.41,Unknown,39.0,49.03,D,,69.85,a,0.0,36.76,D,53.0,61.63,C,32.0,20.99, ,96.0,28.65,a,39.0,49.51, ,64.0,64.51,a
547,Shadow,scottish fold,24,6.77,Mixed,male,Y,NO,Unknown,London,,Healthy,,44.52,C,27.0,42.92,D,14.0,32.92,A,2.0,50.69,Unknown,69.0,66.47,A,41.0,48.62,D,66.0,68.92,B,63.0,59.02,a,9.0,89.78,D,32.0,53.77,A,97.0,81.3,Unknown,49.0,55.48,C
548,Milo,,16,4.34,Gray,female,no,Yes,Unknown,Sydney,Wet,Checkup Needed,05/01/2024,N/A,C,29.0,56.5,Unknown,70.0,89.03,Unknown,33.0,70.0,B,47.0,33.01,A,54.0,58.4,Unknown,22.0,72.41,a,10.0,91.23,A,92.0,50.9,A,11.0,75.61,C,34.0,39.85,Unknown,83.0,42.84, 
549,Shadow,SPHYNX,14,5.9,Black,M,No,YES,No,TOKYO,dry,SICK,Jan 5 2024,62.8,a,7.0,58.2,D,55.0,78.56,D,66.0,45.54,C,46.0,83.25,D,52.0,32.95,C,97.0,33.36, ,96.0,70.1,b,,54.05, ,48.0,unknown,Unknown,21.0,61.44, ,39.0,38.69,Unknown
550,Kitty, Ragdoll,2,3.16,Orange,male,no,YES,Yes,Toronto,Dry,Checkup Needed,,26.56,b,84.0,54.29,a,13.0,52.96, ,14.0,10.96,A,90.0,39.54,b,47.0,57.29,Unknown,31.0,56.34,C,58.0,70.79, ,97.0,43.99,B,11.0,39.16,B,27.0,105.01,A,41.0,41.42,B
551,Luna,Siamese ,3,4.43, WHITE,Female,Y,Yes,Unknown,London,Wet,healthy,,55.68, ,,38.5,D,2.0,1.23,C,89.0,80.16,b,18.0,78.25,a,45.0,55.91,D,17.0,66.38,a,91.0,54.64,A,93.0,48.27,A,69.0,69.54,C,87.0,17.66,a,84.0,40.03,A
552,Leo,Sphynx ,5,3.1,White,female,Yes,,Yes,TOKYO,wet,SICK,2024/01/05,34.01,Unknown,96.0,23.63,C,7.0,76.5,a,67.0,14.52,Unknown,23.0,79.63,C,3.0,58.91,a,49.0,N/A,D,27.0,50.7,A,14.0,54.97, ,80.0,18.69,a,0.0,90.65, ,97.0,37.14,A
553,Nala,,1,3.84,Black,male,yes,,Unknown,New York,Dry,,2024-01-05,36.94,Unknown,6.0,26.64,D,42.0,73.41,a,50.0,39.54,a,44.0,39.17,A,0.0,80.88,D,45.0,65.14, ,73.0,47.51,B,50.0,46.24,Unknown,41.0,66.24,C,74.0,43.73,A,49.0,85.06,b
554,Loki,Unknown,20,2.85,White,Female,N,NO,Unknown,Tokyo,Dry,Sick,05/01/2024,91.75, ,64.0,79.5,Unknown,21.0,33.1,C,40.0,47.95,b,97.0,51.39, ,64.0,34.36,Unknown,8.0,77.66,D,72.0,45.69,b,6.0,,B,88.0,62.25,b,56.0,42.25,Unknown,15.0,84.86, 
555,Milo,,19,3.07,,M,Yes,Yes,Yes,TOKYO,dry,healthy,Jan 5 2024,26.79,b,86.0,45.33,a,,55.42,B,23.0,80.63,A,44.0,23.47,Unknown,26.0,36.92,C,90.0,76.92,B,46.0,54.64,C,73.0,38.54,a,72.0,27.61,a,50.0,72.04,b,58.0,54.05,A
556,Loki,Scottish Fold ,19,5.07,Brown,,yes,Yes,No,TOKYO,dry,SICK,2024/01/05,73.15,C,34.0,56.82,A,42.0,37.98,D,,63.78,C,95.0,45.36,C,56.0,63.78,A,65.0,80.84,Unknown,57.0,67.59,B,,23.9,C,6.0,61.1,B,41.0,58.6,b,69.0,94.13,Unknown
557,Bella,Scottish Fold ,23,5.99,Black,,N,NO,,,dry,Healthy,2024-01-05,42.2,C,83.0,40.13,a,0.0,82.27,D,,35.86,C,26.0,75.55,B,7.0,60.83,C,3.0,65.73,A,90.0,54.24,a,94.0,38.65,b,78.0,-28.11,Unknown,6.0,24.14,a,,60.02, 
558,Luna,SPHYNX,24,2.74,Black,F,Yes,NO,No,New York,dry,Sick,2024/01/05,48.82,B,36.0,68.61,B,70.0,36.27,D,,38.66,A,92.0,86.21, ,47.0,44.2,B,13.0,61.51,C,50.0,error,D,48.0,68.44,B,36.0,32.83,B,76.0,72.37,B,83.0,56.28,D
559,Leo,Bengal,0,4.95, WHITE,Male,,No,Yes,Toronto,,,2024/01/05,13.77,A,13.0,,B,60.0,61.76, ,,32.96,D,89.0,58.04,A,46.0,75.12,C,50.0,18.73,Unknown,74.0,41.55, ,12.0,,B,73.0,66.45,b,38.0,101.38,b,76.0,36.62,a
560,Oreo,Siamese ,13,6.18,Black,male,no,YES,Unknown,Tokyo,,SICK,,74.48,b,4.0,40.32,a,26.0,26.71,A,,67.17,C,24.0,42.77,Unknown,75.0,51.9,a,96.0,69.46,D,73.0,78.57,b,79.0,55.1,b,77.0,31.06,B,44.0,75.33,D,69.0,47.84,a
561,Chloe,siamese,-2,3.02,Black,female,No,Yes,No, london,,Healthy,Jan 5 2024,78.45,A,6.0,68.93,D,,47.42,C,81.0,57.78,A,78.0,17.24,b,8.0,57.12,b,64.0,69.56,a,48.0,46.77,b,31.0,60.22,A,3.0,73.58,C,94.0,67.8,D,34.0,100.03,b
562,Milo,british shorthair,3,4.59, WHITE,F,no,No,Unknown,TOKYO,Dry,healthy,2024-01-05,26.53,a,93.0,18.31, ,0.0,51.87,B,95.0,73.99,a,26.0,56.36, ,86.0,50.94,B,54.0,71.94,A,46.0,43.14,Unknown,19.0,62.24,B,56.0,error, ,4.0,74.44, ,21.0,80.92,Unknown
563,Loki,BENGAL,-1,4.49,Black,female,yes,No,Yes,Tokyo,Dry,healthy,,65.7, ,18.0,42.47,Unknown,12.0,66.67,C,46.0,63.82,Unknown,93.0,69.84,Unknown,89.0,58.01,Unknown,,71.63, ,7.0,23.77,b,56.0,24.92,D,27.0,31.01,C,76.0,38.61,D,96.0,26.83,D
564,Loki,Unknown,1,4.29,Mixed,Male,yes,,Unknown,New York,dry,SICK,Jan 5 2024,62.97, ,6.0,73.15,b,,38.46,B,47.0,23.54,C,50.0,58.09,b,10.0,21.09, ,,29.35,b,90.0,69.89,a,97.0,65.62,Unknown,72.0,56.26, ,55.0,49.54,A,57.0,32.11,B
565,Loki,Abyssinian ,24,3.36,Mixed,Male,,Yes,No,Tokyo,wet,,05/01/2024,65.41, ,93.0,69.57, ,30.0,49.24,C,81.0,70.53,B,24.0,37.16,b,30.0,63.92,C,43.0,52.66, ,78.0,62.14,D,21.0,52.68,b,94.0,66.72,B,15.0,, ,55.0,8.89,B
566,Luna,,-2,5.51, WHITE,M,yes,Yes,Yes,Sydney,Mixed,healthy,Jan 5 2024,50.77, ,90.0,62.43,b,13.0,51.18,A,73.0,69.61, ,55.0,34.84,Unknown,66.0,34.12,B,,44.48,D,32.0,51.04,C,,39.55,a,7.0,41.5,B,,41.5, ,33.0,70.88,C
567,Luna,Persian,5,3.7,,male,,YES,, london,,Checkup Needed,,80.87,b,11.0,57.62,D,48.0,57.74,A,,39.85,D,,70.55, ,,54.33,D,0.0,49.73,b,92.0,43.9,D,80.0,62.0,B,,48.63,A,75.0,61.51,Unknown,34.0,72.53,B
568,Chloe,Unknown,15,-0.18,Brown,Male,no,YES,, london,Dry,SICK,,73.64,a,,68.04,a,30.0,80.52,b,47.0,64.07,A,30.0,80.94,A,87.0,71.08,a,58.0,25.99,A,22.0,31.89,a,45.0,39.66,Unknown,86.0,62.43,C,86.0,41.99,b,58.0,65.95,b
569,Tiger,Sphynx,7,5.34,,,,,Unknown,New York,Dry,Healthy,,34.37,D,,61.2,D,0.0,49.07,b,,59.04,b,73.0,35.2,B,67.0,44.48,C,38.0,76.03,Unknown,,50.99,A,10.0,41.11,B,40.0,23.45,b,88.0,34.54, ,57.0,44.5,D
570,Nala,ragdoll,1,3.97,Black,M,,No,Unknown,,dry,,,38.58,b,80.0,65.33,b,82.0,62.47,D,75.0,38.91,a,36.0,63.17,B,80.0,41.07,a,71.0,58.98,b,,56.87,B,72.0,31.89,b,43.0,35.48,b,32.0,82.0,a,,25.62,a
571,Oreo,Unknown,10,4.68,Black,F,Yes,No,Unknown,Tokyo,,Checkup Needed,,49.68,a,68.0,65.67, ,35.0,52.1,B,74.0,41.6,Unknown,23.0,72.59, ,98.0,78.79,b,,64.69,A,,76.82,B,47.0,57.76,B,50.0,86.59,D,52.0,44.36,B,18.0,N/A,B
572,Lucy,sphynx,20,4.81,Mixed,Female,Y,No,,Berlin,Wet,Checkup Needed,,50.61, ,37.0,63.21,D,97.0,95.75,Unknown,,unknown, ,82.0,0.37,a,40.0,54.3,Unknown,69.0,23.28,C,18.0,66.47,C,48.0,42.45, ,36.0,43.96,b,43.0,61.76, ,3.0,65.74,B
573,Lucy,Bengal,3,3.35,Black,Unknown,Yes,No,Yes, london,Wet,,05/01/2024,33.2,B,98.0,35.91,C,97.0,38.19,A,63.0,60.52,D,63.0,32.75,D,71.0,36.28,D,,64.2,D,67.0,64.14,b,81.0,12.9,a,2.0,54.17, ,51.0,25.35,D,83.0,58.79,Unknown
574,Loki,ABYSSINIAN,20,3.17,Gray,M,No,,Yes,TOKYO,wet,SICK,,74.58,Unknown,22.0,28.29,D,48.0,22.89,b,54.0,50.49,A,87.0,76.7, ,26.0,63.36,b,11.0,55.22,A,37.0,26.74,a,98.0,40.01,D,42.0,71.14,B,49.0,84.09,Unknown,99.0,53.07,a
575,Kitty,ragdoll,7,4.94,Black,F,Yes,,Yes,New York,dry,healthy,2024/01/05,28.71,Unknown,67.0,55.11,b,51.0,31.92,A,68.0,27.41,Unknown,63.0,-4.14,D,94.0,54.36,Unknown,77.0,30.22,a,43.0,44.73,Unknown,65.0,38.25, ,63.0,29.92,Unknown,90.0,89.71, ,43.0,57.46,Unknown
576,Shadow,Unknown,20,2.58,Gray,Unknown,no,NO,No,Berlin,Wet,Healthy,05/01/2024,25.28,a,59.0,31.71,A,39.0,49.35,a,20.0,51.19, ,66.0,20.0, ,24.0,43.68,Unknown,93.0,52.74,B,74.0,85.01,Unknown,32.0,16.99,D,26.0,60.21,A,21.0,80.55, ,6.0,26.62,D
577,Smokey,SCOTTISH FOLD,-1,2.46,Orange,F,Y,NO,Yes,TOKYO,Wet,SICK,,28.49,A,97.0,13.7,D,80.0,37.67,a,68.0,23.48,A,11.0,53.17,A,46.0,56.86,D,57.0,56.28,a,65.0,52.83,D,60.0,44.61,B,46.0,40.19,B,38.0,32.61,C,34.0,36.47,a
578,Lucy,maine coon,9,4.15,,Unknown,yes,,Yes,New York,,Sick,2024/01/05,79.45,Unknown,5.0,71.35,a,17.0,24.19,B,81.0,7.42, ,35.0,86.31,A,70.0,38.93,a,83.0,31.15,D,26.0,86.44,B,12.0,69.08,b,60.0,35.68,a,72.0,49.93,C,7.0,60.1,C
579,Leo,Persian ,3,5.2,black ,F,yes,Yes,No,Berlin,wet,,,53.36, ,82.0,44.21,Unknown,17.0,87.52,C,56.0,78.19,D,14.0,106.23,A,38.0,81.67,D,78.0,41.55,a,,47.44,b,53.0,21.88,B,53.0,49.57,C,49.0,84.28,D,19.0,74.53,A
580,Leo,ABYSSINIAN,8,3.81,Gray,F,no,YES,Unknown,Berlin,,SICK,Jan 5 2024,35.93,C,48.0,21.38,D,,78.05,B,,5.54,A,6.0,81.57,D,8.0,52.11,A,86.0,77.63,D,58.0,63.0,C,,63.16,a,80.0,82.01, ,22.0,35.99,a,5.0,33.96,B
581,Smokey,Ragdoll ,2,7.69,Brown,female,,NO,Yes,Sydney,Mixed,Sick,,24.62,Unknown,34.0,, ,36.0,29.02,C,,37.1,A,51.0,47.46,C,21.0,86.4, ,78.0,72.36,A,42.0,74.43,B,9.0,66.02,D,67.0,33.24,B,65.0,19.85,b,87.0,12.86,b
582,Oliver,,5,5.3,Orange,M,Y,YES,Unknown,Toronto,dry,Sick,Jan 5 2024,66.94,B,57.0,62.62, ,85.0,26.3,B,90.0,24.33,C,8.0,65.52,B,54.0,42.2,B,30.0,-21.15, ,40.0,45.85,Unknown,71.0,66.45,D,,21.68,b,9.0,39.63,D,2.0,65.56,b
583,Milo, Maine Coon,20,1.91, WHITE,,N,NO,Yes,Toronto,Wet,Checkup Needed,,71.96,a,90.0,45.9, ,,67.28,a,16.0,49.84,A,66.0,48.93,B,62.0,19.84,D,6.0,38.93,a,21.0,51.95,B,30.0,27.51, ,26.0,55.43,B,38.0,46.23, ,99.0,39.83,A
584,Chloe,maine coon,17,1.64,White,female,Yes,No,No,Toronto,wet,,,42.42, ,69.0,16.76,D,60.0,23.61,Unknown,14.0,64.43, ,42.0,78.7,A,31.0,52.09,D,82.0,27.41,b,86.0,60.04,Unknown,58.0,49.89, ,33.0,47.85,Unknown,54.0,28.84, ,45.0,42.84, 
585,Oliver,Abyssinian,16,4.39, WHITE,Male,Y,NO,,TOKYO,,healthy,,80.04,A,,52.37,b,84.0,4.83, ,10.0,43.37, ,70.0,43.59,C,5.0,43.53,B,24.0,53.1,a,31.0,49.81,C,56.0,61.66,D,13.0,69.14,B,84.0,78.87,D,34.0,39.81,A
586,Milo,,17,4.38,Gray,Male,,NO,Unknown, london,dry,SICK,,85.5,a,58.0,59.08,b,,75.15,C,26.0,21.0, ,94.0,37.34,B,64.0,70.66,b,85.0,19.76,a,53.0,73.09,B,,19.66,Unknown,55.0,64.91,Unknown,37.0,56.52,D,65.0,42.27,A
587,Lucy,,4,4.37,White,M,Yes,No,,Paris,Dry,SICK,Jan 5 2024,54.29,B,14.0,65.59,D,58.0,29.38,D,33.0,59.26,C,29.0,62.39,b,0.0,54.55,Unknown,9.0,44.87,b,50.0,55.78,a,,45.12,a,14.0,76.9,Unknown,10.0,46.44, ,18.0,18.37,B
588,Leo,Scottish Fold ,19,5.74, WHITE,F,Yes,,No,Toronto,Dry,Sick,,72.14,Unknown,86.0,23.32,C,,65.76, ,96.0,47.01,Unknown,47.0,69.47, ,0.0,59.98,a,13.0,52.5, ,64.0,63.85,A,49.0,55.68,A,17.0,60.7,C,99.0,50.85,b,98.0,71.18,B
589,Smokey,bengal,21,7.59,Mixed,male,Y,YES,Unknown,Berlin,Mixed,Healthy,,, ,75.0,43.87,D,21.0,30.81,A,88.0,60.68,Unknown,63.0,33.88,b,78.0,63.38,C,82.0,48.17,A,64.0,38.41,A,4.0,35.78,A,50.0,61.75,D,,47.47,a,35.0,40.9,B
590,Loki,,11,3.99,Brown,,,Yes,No, london,dry,SICK,Jan 5 2024,57.09,a,8.0,46.2,a,93.0,46.02, ,74.0,46.03,D,32.0,48.73,A,79.0,47.73,C,89.0,16.32,A,22.0,74.53,B,94.0,35.45,A,76.0,27.65,a,9.0,45.33, ,78.0,48.82, 
591,Chloe,,9,4.53,White,M,No,,No,Toronto,Mixed,,,42.65,A,70.0,60.75,B,33.0,51.3,Unknown,26.0,21.29,Unknown,94.0,40.44,D,6.0,61.07,B,79.0,16.29,B,,,Unknown,81.0,75.82,B,36.0,54.5, ,24.0,54.64,Unknown,77.0,44.8, 
592,Milo,BRITISH SHORTHAIR,21,4.01,Black,Unknown,,No,No,Berlin,wet,Sick,Jan 5 2024,32.14,C,78.0,48.52, ,50.0,74.4, ,90.0,79.34,Unknown,91.0,66.94,A,44.0,35.89,D,90.0,81.06,Unknown,65.0,23.58,a,86.0,0.79,D,76.0,75.05,a,28.0,25.55,B,82.0,60.09,D
593,Milo,Unknown,4,4.19,Gray,female,Y,,,TOKYO,Mixed,SICK,,52.99, ,84.0,65.07,a,,42.07, ,60.0,89.91,C,19.0,68.09,C,21.0,24.25,Unknown,98.0,59.45,a,58.0,36.41,A,15.0,55.37,b,,56.43,B,22.0,57.65,b,77.0,35.01,Unknown
594,Luna,Scottish Fold,20,5.93,Mixed,Male,no,NO,,Toronto,Wet,SICK,Jan 5 2024,50.58, ,45.0,60.35,C,,24.26,A,43.0,78.99,Unknown,60.0,9.67, ,81.0,27.91,D,5.0,51.85,b,,48.44,D,79.0,26.14,C,6.0,33.73,b,84.0,21.4,C,72.0,56.63,A
595,Simba,Persian ,19,2.7,White,male,No,Yes,Yes,Berlin,wet,Checkup Needed,05/01/2024,50.02,D,37.0,20.09,C,80.0,55.83,b,50.0,70.14,a,91.0,67.56,D,,43.73,B,75.0,56.19,a,9.0,78.24,C,93.0,52.36,b,58.0,25.01,C,97.0,62.75,D,25.0,82.88,D
596,Nala, Ragdoll,9,1.13,White,M,Yes,Yes,,TOKYO,,SICK,,41.62,b,57.0,77.14,C,74.0,44.95,Unknown,43.0,54.88,a,55.0,41.15,B,77.0,35.31,C,11.0,38.68,Unknown,41.0,58.01,a,,45.68,D,68.0,41.46,D,96.0,29.67, ,69.0,52.12,D
597,Chloe,SCOTTISH FOLD,6,4.98,Orange,male,Yes,,No,Paris,Dry,,,49.69,b,87.0,28.37,A,25.0,45.71, ,47.0,58.98,a,28.0,81.36,B,13.0,66.65,a,71.0,52.15,Unknown,98.0,0.09,A,87.0,44.69,b,16.0,28.66,Unknown,61.0,54.07,B,24.0,68.51,Unknown
598,Loki,persian,19,6.06,black ,Unknown,N,NO,,Tokyo,dry,Sick,,14.38,b,21.0,63.76,A,,24.1,b,71.0,10.52,a,32.0,48.7,a,86.0,57.54,D,,38.85,C,,70.21, ,63.0,32.23,Unknown,86.0,37.24,A,8.0,33.65,Unknown,17.0,45.3,Unknown
599,Leo,Unknown,1,5.78,Orange,M,yes,NO,Yes,Tokyo,Wet,,2024-01-05,45.8,b,93.0,61.07, ,97.0,22.21,D,62.0,68.85,C,77.0,88.67,B,34.0,64.76, ,31.0,74.98,B,69.0,64.09, ,86.0,64.55,a,78.0,unknown,b,53.0,75.44,A,,54.76,B
600,Bella,Unknown,21,5.95,Black,M,N,No,,Berlin,Mixed,,,68.87,D,47.0,51.28,A,30.0,error,A,99.0,54.33,C,89.0,48.73, ,64.0,49.4,D,19.0,28.15,D,,43.31,D,53.0,54.57,D,19.0,14.08,a,49.0,67.93,Unknown,53.0,53.9,C
601,Kitty,,0,5.48, WHITE,Male,N,Yes,,Toronto,Dry,,2024-01-05,unknown,C,36.0,52.6,Unknown,54.0,22.47,B,50.0,43.78,a,86.0,33.44,B,25.0,25.54,b,63.0,4.14,A,53.0,60.14,b,27.0,82.23,b,17.0,65.47,B,33.0,10.7,B,57.0,30.75,C
602,Leo,Scottish Fold ,5,7.03,Orange,F,no,Yes,Unknown,TOKYO,Wet,Sick,,64.48,b,32.0,41.82,B,92.0,68.53, ,99.0,75.1,C,82.0,53.68, ,81.0,21.01,Unknown,89.0,60.32,C,24.0,57.62,D,97.0,64.86,b,47.0,61.62,b,49.0,46.45, ,71.0,21.64,Unknown
603,Oliver,Unknown,0,5.81,black ,Female,N,YES,,TOKYO,wet,healthy,2024/01/05,52.36,A,78.0,61.15, ,,73.94,A,65.0,34.99, ,95.0,25.88,B,38.0,32.13,a,51.0,39.83,D,10.0,52.56,b,72.0,48.21,a,,40.79,A,32.0,62.65,D,87.0,20.1,Unknown
604,Shadow,SIAMESE,23,4.4,,F,yes,Yes,No,Berlin,Mixed,Healthy,2024-01-05,30.75,C,27.0,66.1,B,21.0,54.23,D,26.0,31.54, ,44.0,46.45,D,,35.5, ,73.0,52.9,a,9.0,51.1,b,23.0,48.19,a,2.0,45.77,D,8.0,74.48,Unknown,97.0,27.34,C
605,Nala,Maine Coon ,12,7.02,Black,F,No,,,TOKYO,wet,healthy,2024/01/05,74.6,a,18.0,55.99,B,,44.55,C,10.0,18.24,Unknown,89.0,43.35,a,,45.65, ,74.0,59.82,b,88.0,115.34,a,80.0,46.89,C,51.0,57.78,A,62.0,55.52,D,41.0,68.32,C
606,Smokey,Unknown,3,1.84,Black,F,,Yes,Yes,London,Wet,Checkup Needed,,52.8,Unknown,57.0,77.53,b,73.0,50.72,D,,13.08,B,64.0,60.1,C,88.0,29.67,D,21.0,60.19,D,96.0,69.24, ,79.0,59.58,A,80.0,49.27,Unknown,2.0,41.59,D,73.0,66.55,A
607,Milo,,14,4.36,Orange,female,,NO,Unknown,,dry,,05/01/2024,50.11,a,60.0,62.58,a,66.0,47.37,D,24.0,52.5,Unknown,37.0,53.23,b,41.0,83.78,A,12.0,35.82,A,30.0,47.09,C,59.0,77.23,B,96.0,39.89,B,,57.36, ,51.0,64.33,B
608,Smokey,,16,5.94,Black,female,Yes,,Yes,New York,wet,healthy,,32.38, ,71.0,65.99, ,48.0,50.37,C,4.0,59.69,B,87.0,22.42,B,22.0,70.72,b,58.0,29.65,b,93.0,57.93,a,61.0,53.5, ,50.0,37.94,a,12.0,40.34, ,57.0,48.98,B
609,Loki, Sphynx,6,4.06,,M,N,NO,,,dry,healthy,,24.3,C,45.0,36.65,Unknown,,62.97,a,0.0,64.47, ,4.0,54.88,a,5.0,63.49, ,73.0,20.17,a,68.0,21.96, ,43.0,17.26,C,39.0,28.42,A,45.0,44.17,C,98.0,35.07,B
610,Chloe,persian,15,2.61,Gray,Male,Y,YES,Yes,Sydney,Mixed,healthy,2024/01/05,56.62,Unknown,55.0,43.03,D,81.0,58.79,B,34.0,66.56, ,17.0,41.18,C,33.0,56.42,B,26.0,35.02,D,5.0,51.81,b,,71.58,b,39.0,60.19, ,89.0,29.93,Unknown,43.0,94.96,C
611,Luna,PERSIAN,22,6.66,White,male,Yes,YES,Unknown,New York,Wet,healthy,2024/01/05,47.98,Unknown,2.0,58.07,C,85.0,45.52,D,43.0,37.35, ,2.0,47.28, ,15.0,37.36, ,92.0,46.33,Unknown,28.0,27.44,B,99.0,46.52,b,28.0,40.0,B,93.0,19.75, ,72.0,66.38,b
612,Nala,BENGAL,16,3.39,Gray,F,yes,Yes,Yes,,wet,Healthy,Jan 5 2024,83.1,a,31.0,82.35,B,36.0,61.86,b,85.0,47.88,B,43.0,39.23,B,39.0,45.15, ,46.0,66.74,a,98.0,42.46,Unknown,87.0,29.77,A,33.0,19.6,Unknown,51.0,66.46,B,86.0,82.53,C
613,Tiger,Unknown,12,1.88, WHITE,female,N,No,Yes,Sydney,Dry,Healthy,2024/01/05,46.39,a,78.0,30.86,a,72.0,46.5,A,26.0,81.4,b,53.0,31.72,C,41.0,55.96,a,71.0,58.45,a,83.0,79.87,a,57.0,79.12,C,7.0,44.75,C,12.0,61.15,D,,56.6,b
614,Leo,BENGAL,22,4.44,Mixed,M,No,,,Paris,Dry,Healthy,05/01/2024,30.82, ,,34.67,b,34.0,20.46,b,39.0,67.35,D,,46.8, ,,70.05,B,,60.7,B,64.0,43.86,Unknown,97.0,10.28,D,38.0,62.46,B,26.0,49.29,C,93.0,41.68,Unknown
615,Shadow,Unknown,4,5.21,Gray,F,,NO,Unknown,Sydney,Wet,,,80.44,A,16.0,41.8,b,85.0,70.62,C,61.0,62.2,b,22.0,42.6,Unknown,,91.4,A,53.0,9.17,A,3.0,62.46,C,,76.92,D,62.0,18.5,a,46.0,42.41,C,,68.59,A
616,Bella,MAINE COON,11,3.05,black ,female,,,No,Berlin,,Sick,Jan 5 2024,54.48,A,53.0,61.21,B,,26.45,B,5.0,54.42,D,88.0,7.15,b,28.0,52.06,B,33.0,49.34,D,,53.27, ,66.0,53.05,B,64.0,67.68,a,,33.95,a,14.0,30.88,Unknown
617,Bella,PERSIAN,22,4.75,black ,Unknown,Yes,No,Yes,Paris,Mixed,SICK,,40.26, ,62.0,88.16, ,99.0,58.61,B,59.0,87.96,Unknown,82.0,35.08,A,81.0,44.26,Unknown,13.0,59.21,a,95.0,43.58, ,16.0,41.26,B,52.0,32.11,b,19.0,44.37,B,21.0,44.99, 
618,Milo,Abyssinian,1,6.36,Gray,F,No,,Unknown,,,SICK,2024/01/05,47.07,a,78.0,57.63,Unknown,2.0,52.4,D,23.0,73.49,B,83.0,52.47,Unknown,96.0,54.57,B,60.0,33.93,a,82.0,27.25,b,14.0,40.83,b,22.0,62.55,A,7.0,83.22,Unknown,89.0,16.63,a
619,Simba,MAINE COON,10,5.42,Orange,Unknown,Yes,Yes,Yes,,Mixed,Sick,2024-01-05,44.81,C,70.0,40.0,Unknown,34.0,76.21,B,21.0,33.51,Unknown,5.0,69.34,D,41.0,31.07,b,,67.09,A,89.0,6.94,D,66.0,68.31,a,75.0,46.96,Unknown,31.0,45.55,C,16.0,46.35, 
620,Tiger, Persian,4,3.38,Brown,F,Y,,,,,Healthy,,36.03,B,28.0,42.03, ,91.0,34.72,A,,48.7,A,57.0,47.09,B,,59.39,A,33.0,62.58,Unknown,38.0,69.76,a,60.0,104.93,a,23.0,11.63,B,51.0,54.95,A,96.0,25.59,b
621,Oreo,Persian,13,6.6,Gray,F,Y,,No,Tokyo,Dry,Healthy,2024/01/05,41.8,Unknown,21.0,56.76,C,15.0,15.45,A,73.0,28.27,C,60.0,59.15,a,95.0,27.96,C,33.0,30.31,D,53.0,79.15,b,21.0,52.78,C,95.0,N/A,Unknown,84.0,27.6,a,88.0,89.7,Unknown
622,Nala,Bengal,2,4.65,Gray,Unknown,Yes,Yes,No,TOKYO,Mixed,Checkup Needed,Jan 5 2024,63.06,B,10.0,79.67,A,42.0,54.35, ,,80.36,C,,68.94,Unknown,,60.78,a,,74.75, ,21.0,39.59,D,66.0,65.01,b,93.0,40.92,a,4.0,59.6,B,91.0,-2.37,C
623,Kitty,persian,-2,4.38,,Unknown,Yes,,No,,dry,SICK,2024-01-05,40.56,a,74.0,26.61,B,47.0,56.49,D,32.0,49.51, ,,46.69,a,61.0,50.69,a,,33.96,C,58.0,27.84,A,11.0,65.19,B,86.0,37.79,B,6.0,22.28,b,88.0,79.49,B
624,Loki,Ragdoll,9,5.21,black ,M,N,YES,Unknown, london,Wet,healthy,2024-01-05,29.58,D,90.0,50.03,A,80.0,61.23,D,94.0,45.78,Unknown,77.0,25.04,A,48.0,71.5,B,42.0,97.41,A,29.0,58.23,b,53.0,61.19,C,27.0,59.44, ,17.0,46.67, ,22.0,62.17,C
625,Simba,PERSIAN,4,2.76,Gray,female,no,No,Yes,Paris,Wet,Sick,2024/01/05,41.81,C,31.0,71.38,B,,50.93,a,25.0,49.83,b,35.0,62.64,B,85.0,35.57,a,91.0,34.19,D,76.0,27.34, ,,48.83,Unknown,34.0,50.95,a,10.0,35.72,D,23.0,77.2,D
626,Leo,british shorthair,4,3.06,Black,Female,No,NO,, london,wet,SICK,,37.93,b,48.0,38.5,b,97.0,73.59,Unknown,,error, ,58.0,48.75, ,55.0,29.2,b,72.0,35.24,C,77.0,34.09,C,66.0,83.93,Unknown,42.0,55.97,b,,55.15,B,18.0,64.32,Unknown
627,Bella, Bengal,17,4.03,Gray,M,N,NO,, london,wet,Healthy,2024/01/05,20.86,D,27.0,21.49,C,0.0,60.05,C,7.0,78.46,a,77.0,60.8,C,86.0,62.25,Unknown,0.0,72.37, ,5.0,15.02,Unknown,57.0,42.07,C,,73.86,C,9.0,51.58,A,26.0,42.37, 
628,Lucy,british shorthair,18,1.8,Gray,Female,N,No,No,Toronto,Wet,Sick,,73.66,C,35.0,51.71,A,,57.89,C,34.0,33.05,a,,66.81,B,28.0,52.16,b,12.0,85.52,Unknown,81.0,65.63,b,56.0,53.74,b,2.0,22.71,Unknown,1.0,29.96,A,21.0,49.94,B
629,Smokey,RAGDOLL,22,5.35,Black,F,yes,,Unknown,TOKYO,,,,26.41,A,58.0,12.42,a,66.0,61.12,Unknown,73.0,80.21, ,,69.72,b,22.0,14.6, ,16.0,33.89,a,35.0,84.33, ,52.0,86.29,Unknown,21.0,35.02,C,99.0,21.06,B,,30.91,b
630,Leo,Unknown,4,4.64,black ,,No,No,Yes, london,dry,Sick,Jan 5 2024,36.52,B,78.0,55.39,A,34.0,37.55,A,20.0,20.23, ,54.0,42.71,A,40.0,77.1,a,21.0,102.64,Unknown,65.0,39.52,Unknown,36.0,23.46,B,33.0,44.97,Unknown,94.0,26.92,A,22.0,46.14,Unknown
631,Kitty,Unknown,14,7.13,black ,male,N,,,Berlin,Mixed,Sick,,39.18,D,61.0,62.15,C,40.0,63.51,B,63.0,55.92, ,95.0,37.35,A,60.0,62.77,D,87.0,56.5,B,75.0,88.76,D,82.0,4.02,D,,63.9, ,54.0,N/A,a,,87.87,a
632,Loki, British Shorthair,-2,4.78,Orange,,,YES,Unknown,New York,Dry,Healthy,Jan 5 2024,64.34, ,,32.14,D,84.0,55.75,b,12.0,58.88,Unknown,,23.34,Unknown,37.0,68.83,a,18.0,25.72,b,60.0,28.59,a,,39.4,b,92.0,52.11,Unknown,53.0,55.26,Unknown,61.0,29.31,b
633,Simba, Persian,1,3.66,Brown,Female,Yes,YES,Unknown,Sydney,Mixed,healthy,2024-01-05,43.71,A,94.0,70.57,D,90.0,57.81,B,93.0,42.18, ,79.0,62.14, ,29.0,66.59,B,75.0,65.49,C,58.0,28.72, ,30.0,33.32,B,51.0,65.71,B,36.0,40.65,C,1.0,31.0,B
634,Leo,Sphynx ,3,5.2,black ,M,N,No,Yes,Berlin,dry,Checkup Needed,2024/01/05,22.59,B,73.0,34.2,b,,21.37,A,89.0,54.77,A,,66.89,D,43.0,40.04,B,96.0,39.36,D,62.0,29.13,a,60.0,33.79,D,60.0,46.11,D,,72.09,C,29.0,52.14,Unknown
635,Luna,,13,5.82,Black,female,Y,,No,New York,Mixed,SICK,2024-01-05,77.65,B,74.0,12.52,B,97.0,55.05,D,52.0,31.73,a,87.0,37.34, ,5.0,46.82,C,68.0,32.19,B,32.0,14.46,D,6.0,-0.79,a,68.0,28.25,A,8.0,54.05,D,69.0,83.36,A
636,Bella,,5,3.85, WHITE,male,yes,YES,,London,Mixed,Checkup Needed,,40.22, ,92.0,62.07,D,,26.51,b,27.0,36.6,C,24.0,60.85,a,,70.68,Unknown,96.0,47.92,Unknown,20.0,69.84,a,,48.28,Unknown,,43.55,Unknown,92.0,31.08, ,91.0,45.0,b
637,Lucy,Persian ,14,4.01,,Female,Y,,Yes,Berlin,Mixed,SICK,,64.8,a,63.0,63.47,D,50.0,26.88,b,10.0,28.33, ,9.0,64.28,b,11.0,71.95,a,57.0,66.32,Unknown,65.0,77.02,B,71.0,59.01,A,57.0,69.47, ,53.0,32.43,A,30.0,81.66, 
638,Lucy, Siamese,23,5.31,black ,M,Y,YES,No,Sydney,Dry,Healthy,2024/01/05,42.56,A,48.0,58.98,a,0.0,75.48,C,,54.15,b,5.0,49.39,a,,41.05,C,,54.1,C,14.0,51.96,Unknown,74.0,24.11,A,59.0,36.7,C,20.0,67.38,Unknown,9.0,54.38, 
639,Oreo,british shorthair,23,5.28,Brown,F,no,,No, london,,Checkup Needed,Jan 5 2024,93.34,B,46.0,33.41,B,35.0,51.27,Unknown,94.0,51.93,A,93.0,20.97,a,42.0,74.06, ,64.0,48.27,Unknown,94.0,62.24,C,60.0,71.28,b,24.0,46.11,b,59.0,37.12,a,8.0,44.4,b
640,Shadow,Persian ,9,3.5,Mixed,Male,yes,NO,,Sydney,wet,SICK,2024-01-05,76.37,B,75.0,20.21,b,57.0,14.48,Unknown,63.0,37.32,C,8.0,23.26,D,49.0,37.17,a,12.0,28.57,D,87.0,59.87,Unknown,75.0,68.73,b,86.0,36.39,Unknown,98.0,50.46,b,58.0,55.98,a
641,Leo,Maine Coon ,6,3.11,White,F,Y,No,Yes, london,,Sick,,63.29,A,64.0,75.94,C,46.0,39.42,b,13.0,31.78,A,29.0,61.03,Unknown,5.0,49.61,a,38.0,42.31,B,81.0,39.16,A,61.0,47.46,C,69.0,82.88,B,42.0,56.21, ,59.0,85.58,Unknown
642,Simba,,-2,4.78,black ,Male,N,YES,,Sydney,Wet,healthy,2024/01/05,59.94,B,99.0,68.12,b,70.0,28.82,b,39.0,51.75, ,9.0,19.55,a,,54.43,D,69.0,38.98,Unknown,19.0,38.31,b,49.0,60.41,a,,60.59,Unknown,50.0,83.19, ,41.0,45.16,Unknown
643,Bella,Maine Coon,-1,2.01,Orange,male,Y,No,,Berlin,dry,Checkup Needed,Jan 5 2024,65.43,a,8.0,50.44,C,,59.44, ,36.0,7.36,B,30.0,60.91, ,38.0,52.73,a,79.0,81.26,D,15.0,19.92, ,45.0,26.42,b,52.0,40.88,b,81.0,37.28,a,,30.56, 
644,Bella,ragdoll,23,3.01,White,F,Yes,YES,Yes,,Mixed,Checkup Needed,2024-01-05,40.12,D,12.0,44.52,B,24.0,-0.02,Unknown,56.0,44.94,a,46.0,67.45,b,29.0,32.7,C,98.0,56.81,Unknown,96.0,58.41,A,96.0,48.15,A,78.0,53.55,C,30.0,68.39,D,84.0,74.31,C
645,Smokey,maine coon,18,3.15,Black,,Y,Yes,No,Berlin,wet,Checkup Needed,,31.48, ,40.0,17.97, ,37.0,48.33, ,6.0,28.75,B,57.0,79.06, ,3.0,36.51,B,,29.89,A,86.0,91.34,a,43.0,70.95,A,21.0,67.13,C,6.0,49.16,Unknown,,77.81,b
646,Nala,,12,7.22,Mixed,Female,yes,YES,Unknown,Toronto,Mixed,Sick,,58.27, ,80.0,35.76,A,42.0,25.29,a,90.0,54.46,b,91.0,61.25,a,44.0,47.5,Unknown,47.0,65.34,D,,32.55,A,99.0,25.33,B,23.0,36.71,C,67.0,33.39,C,,41.62,D
647,Lucy,Unknown,14,6.2,Mixed,female,yes,Yes,Unknown,London,Wet,Sick,2024-01-05,54.66,Unknown,99.0,61.44,C,44.0,41.06,B,88.0,44.4, ,15.0,91.09,D,86.0,53.46,A,78.0,24.18,Unknown,2.0,57.55,Unknown,,44.16,A,78.0,45.99,B,11.0,53.38,D,,42.55,D
648,Oreo,abyssinian,0,5.35,,Unknown,No,Yes,Yes,Sydney,,Healthy,Jan 5 2024,61.65, ,64.0,61.67,A,38.0,60.54,a,0.0,24.46,A,99.0,84.18,C,62.0,43.55,B,67.0,60.5,B,43.0,28.13,Unknown,63.0,50.99,D,33.0,unknown,C,23.0,56.82,a,86.0,40.51,D
649,Luna, Siamese,18,5.78,Orange,female,N,Yes,No,,Dry,Sick,,56.08,D,,49.86,b,24.0,47.07,Unknown,8.0,83.08,A,27.0,68.55,A,68.0,49.83,Unknown,96.0,29.45,b,81.0,57.67,b,37.0,44.72,Unknown,,67.17,A,21.0,75.24,C,36.0,25.59,Unknown
650,Nala,Siamese ,6,6.75,Orange,M,yes,NO,,New York,Wet,Checkup Needed,2024-01-05,76.8,A,,64.28,b,87.0,53.71,Unknown,92.0,7.19,Unknown,54.0,58.66, ,52.0,83.95,a,97.0,34.38,Unknown,13.0,70.49,A,8.0,57.69,b,,56.39,Unknown,6.0,53.37,a,24.0,33.74,C
651,Leo,Unknown,16,4.17,White,Male,Yes,Yes,No,Tokyo,dry,,,31.97,a,51.0,50.65,D,81.0,43.64,D,,20.55,C,14.0,64.05,C,35.0,59.44, ,31.0,45.18,b,52.0,51.82,b,46.0,46.92,a,52.0,71.41,C,27.0,62.29,D,17.0,55.47, 
652,Kitty,Maine Coon ,16,5.04,Mixed,Male,,No,Yes,TOKYO,Mixed,Healthy,,75.94,C,62.0,25.46,Unknown,75.0,60.32,Unknown,31.0,35.97, ,88.0,23.41,Unknown,49.0,37.87,A,20.0,49.73,a,78.0,83.48,b,31.0,47.66,Unknown,36.0,73.76,Unknown,39.0,45.48,a,14.0,64.91,B
653,Shadow,PERSIAN,9,6.95,Black,F,No,,Unknown, london,Wet,SICK,2024/01/05,67.97,A,28.0,25.53,D,75.0,40.49, ,90.0,70.81,Unknown,,55.49,b,2.0,23.2,Unknown,55.0,66.9, ,1.0,38.54, ,44.0,53.55,b,,57.46,Unknown,45.0,38.94,b,4.0,45.07,a
654,Chloe,,21,4.57, WHITE,M,,Yes,,TOKYO,Mixed,Sick,2024-01-05,70.35,D,77.0,39.75,C,49.0,52.85, ,20.0,58.34,C,20.0,54.07,C,71.0,50.24,B,42.0,52.22,Unknown,18.0,47.08,A,28.0,63.19,D,73.0,68.06,Unknown,69.0,27.69,b,49.0,56.44,B
655,Leo,British Shorthair,4,3.47,Black,F,Yes,Yes,,Sydney,Mixed,Checkup Needed,,63.19,Unknown,68.0,52.95,Unknown,29.0,52.84,A,24.0,41.78,A,83.0,40.92,D,75.0,40.93,C,10.0,-2.37,A,57.0,67.87,a,59.0,38.73,b,68.0,13.26, ,61.0,50.26, ,0.0,84.25,Unknown
656,Oliver, Persian,17,3.52,Mixed,Male,yes,NO,Unknown,New York,Dry,Healthy,,17.59,A,9.0,-10.71,D,68.0,48.82, ,24.0,75.56,A,37.0,53.52,D,58.0,92.26,Unknown,71.0,29.28,D,36.0,89.4,b,,30.88,A,48.0,43.18, ,71.0,60.31,b,44.0,89.31,a
657,Lucy,SIAMESE,8,6.08,Gray,Male,no,NO,,London,Wet,Healthy,05/01/2024,36.3,C,46.0,61.92, ,64.0,65.57,B,3.0,65.95,b,60.0,85.65,B,26.0,50.62,Unknown,60.0,54.53, ,51.0,57.81,A,79.0,59.85, ,71.0,66.67, ,6.0,19.7,C,89.0,49.56,B
658,Simba,Unknown,0,5.54,Orange,Unknown,,Yes,No,TOKYO,Dry,Checkup Needed,05/01/2024,34.06, ,0.0,65.37,C,44.0,44.79,C,67.0,46.05,B,94.0,20.59,Unknown,5.0,29.71,A,37.0,54.35,D,1.0,33.9, ,,54.82,Unknown,14.0,61.47,A,19.0,57.87,A,15.0,47.34,B
659,Luna, Maine Coon,4,4.3, WHITE,female,Y,YES,Unknown, london,dry,SICK,Jan 5 2024,54.7,Unknown,,58.4,C,61.0,58.27,B,20.0,54.43,D,99.0,25.59,A,99.0,56.14,D,,56.26,A,94.0,42.32,B,11.0,82.66, ,71.0,34.02,D,92.0,37.29,Unknown,35.0,36.5,Unknown
660,Leo,Bengal ,19,5.98,Black,,,,Unknown,New York,,Checkup Needed,2024/01/05,32.74,b,47.0,54.99,B,,35.32,C,54.0,12.0, ,95.0,79.46, ,,36.8, ,95.0,47.83, ,,61.94,b,6.0,88.34,b,,53.97,D,40.0,36.56,b,64.0,39.34,b
661,Chloe,ragdoll,18,3.27,Black,,yes,,Unknown,Toronto,,,,44.74, ,,25.48, ,64.0,34.36,B,31.0,42.09,a,61.0,52.43,D,79.0,44.86,A,,17.5,A,20.0,49.91,Unknown,46.0,72.79,Unknown,73.0,85.81,Unknown,59.0,67.26,A,,53.58, 
662,Oreo,BRITISH SHORTHAIR,24,5.31,White,M,yes,Yes,Yes,Toronto,,,2024-01-05,7.55,b,58.0,54.01,C,72.0,62.17,a,1.0,68.98,b,43.0,71.74,B,87.0,40.85,B,84.0,73.76,B,99.0,30.36,A,95.0,,B,95.0,59.12,A,21.0,43.1,a,62.0,45.85,b
663,Luna,,1,36.3,Gray,male,no,,Unknown,TOKYO,Wet,,2024-01-05,52.74,C,72.0,19.66,B,25.0,62.79,A,51.0,76.51,C,18.0,42.78,Unknown,58.0,38.85,D,93.0,21.44,A,53.0,62.34,b,29.0,43.46,Unknown,73.0,30.29,B,63.0,error,a,46.0,44.3,B
664,Leo, Scottish Fold,1,2.33,,Unknown,yes,NO,,,Wet,healthy,2024-01-05,86.89,a,,90.18,a,72.0,36.83, ,89.0,83.23,D,62.0,85.57,Unknown,26.0,42.06,a,92.0,47.92, ,9.0,70.67,a,2.0,68.91,Unknown,88.0,86.79,Unknown,73.0,55.42,b,26.0,37.8,A
665,Kitty,PERSIAN,23,4.99,black ,Male,Y,NO,Yes,Toronto,Mixed,Sick,Jan 5 2024,27.15,C,33.0,60.66,D,6.0,56.05, ,7.0,20.05,Unknown,16.0,68.62,Unknown,40.0,44.78,b,47.0,49.64, ,63.0,32.1,Unknown,29.0,8.58,A,10.0,37.32,Unknown,37.0,67.81, ,63.0,22.38,a
666,Milo,ABYSSINIAN,5,3.84,White,female,Y,YES,Unknown,Sydney,Dry,SICK,2024/01/05,35.8, ,5.0,24.15,C,97.0,31.35,b,19.0,46.08,C,70.0,55.2,C,99.0,8.97, ,56.0,65.62, ,81.0,54.12,B,91.0,47.58,B,29.0,40.34,A,24.0,71.77, ,0.0,54.08,A
667,Smokey, Abyssinian,2,6.22,Orange,female,no,YES,No,New York,Dry,healthy,2024/01/05,75.54,b,82.0,64.95,b,97.0,60.33,C,33.0,65.5,b,18.0,21.78, ,,39.48,a,89.0,38.96,a,36.0,54.03,B,74.0,31.1,Unknown,22.0,68.76,B,93.0,36.8,a,17.0,45.43,a
668,Lucy,,2,3.16,Black,Unknown,,No,No,Tokyo,,Checkup Needed,2024/01/05,53.74,A,42.0,90.16,C,37.0,56.87,B,,23.14,A,92.0,55.85,A,0.0,29.26,b,97.0,21.33,Unknown,13.0,66.13,B,25.0,81.09,a,39.0,64.41,C,,42.2,D,79.0,66.91,D
669,Shadow,Abyssinian ,19,6.73,Black,Female,,YES,Unknown,New York,Wet,healthy,,47.12, ,98.0,-8.39,a,0.0,31.96,C,75.0,67.06,A,85.0,36.83,C,83.0,36.04,A,10.0,46.81,A,12.0,67.9,B,83.0,45.49,Unknown,99.0,31.42,a,18.0,9.83,A,40.0,94.51,b
670,Oliver,ABYSSINIAN,7,3.64,Black,Female,no,Yes,,London,dry,Sick,,79.9,B,60.0,52.76,a,82.0,50.44, ,3.0,17.55,b,67.0,48.97, ,33.0,55.95,A,6.0,59.04, ,80.0,65.56,Unknown,11.0,61.21,B,63.0,34.28,D,25.0,44.51,a,,35.01,B
671,Tiger, Persian,2,4.81,,M,No,YES,No,London,wet,Sick,,33.79,C,,45.64,A,,34.95, ,6.0,28.15,Unknown,42.0,23.43,B,78.0,52.32,b,39.0,29.84,Unknown,7.0,52.3,C,41.0,40.04,D,36.0,19.73,b,52.0,52.41, ,44.0,48.72,C
672,Shadow,Unknown,-1,5.79,black ,Female,N,,Unknown, london,dry,Healthy,05/01/2024,18.43,B,62.0,50.36,C,59.0,77.78,D,31.0,75.28,A,0.0,83.06,D,27.0,55.82,C,,68.21,B,37.0,53.46,a,44.0,75.44,a,70.0,75.5,A,67.0,19.27, ,71.0,42.78,b
673,Loki, Siamese,15,2.11,Mixed,F,yes,Yes,Yes,,Dry,SICK,Jan 5 2024,37.22,a,91.0,31.34,Unknown,10.0,54.17,Unknown,25.0,35.96,C,22.0,34.75,Unknown,77.0,50.01,D,25.0,, ,35.0,47.54,C,62.0,30.31,Unknown,99.0,66.6,C,85.0,73.55,Unknown,69.0,36.74,D
674,Shadow, Ragdoll,8,4.8,Gray,male,N,NO,No, london,Dry,healthy,2024-01-05,55.21, ,7.0,57.05,Unknown,64.0,61.56,b,36.0,59.38, ,58.0,68.31,D,2.0,20.4,C,37.0,42.7,A,82.0,60.5,A,82.0,16.16,a,27.0,27.88,C,7.0,21.44, ,7.0,72.01,Unknown
675,Tiger,Persian,21,6.88,Gray,Unknown,Y,YES,Yes,Sydney,Dry,Healthy,05/01/2024,48.19,B,60.0,69.21,D,28.0,33.36,b,14.0,47.38,B,5.0,88.3,B,17.0,89.51,a,36.0,60.55,a,0.0,2.85, ,78.0,57.26, ,85.0,25.54,b,3.0,74.44,B,28.0,49.41, 
676,Lucy,Unknown,23,3.51,black ,Female,yes,NO,No,Paris,Mixed,Sick,05/01/2024,76.63,C,23.0,58.81,b,93.0,19.82, ,32.0,63.34,B,99.0,55.86,B,29.0,32.37,Unknown,86.0,59.4,C,59.0,65.49,C,22.0,54.06,D,71.0,14.42,C,69.0,27.73,D,94.0,56.71,D
677,Milo,PERSIAN,14,2.02,Gray,Female,,YES,No,Toronto,wet,SICK,2024/01/05,50.46, ,2.0,unknown,C,,39.68,a,54.0,25.32, ,25.0,-11.62,Unknown,37.0,16.25,a,36.0,67.13,b,80.0,66.3,A,36.0,51.2, ,4.0,-9.57,B,98.0,41.15,b,45.0,28.92,D
678,Leo,Unknown,-2,6.98,White,female,yes,,,Berlin,Wet,SICK,Jan 5 2024,30.89,a,51.0,19.32,B,24.0,35.79,C,81.0,38.91,b,72.0,29.8,D,26.0,76.81,b,51.0,32.08,C,32.0,73.92,B,46.0,48.83,A,72.0,57.57,D,75.0,67.3,A,74.0,67.74,a
679,Oliver,,11,6.65, WHITE,Female,Y,No,No,London,Wet,SICK,2024/01/05,26.11,a,,77.61, ,,16.24,a,54.0,31.81, ,52.0,62.29, ,58.0,43.95,C,71.0,39.34,D,38.0,30.65,Unknown,65.0,73.16,Unknown,53.0,83.99,C,4.0,1.61, ,13.0,-3.15,b
680,Loki,Abyssinian ,19,4.24,Black,male,No,NO,Yes, london,Wet,SICK,,57.9,A,65.0,60.64,a,16.0,16.33,Unknown,67.0,64.95, ,1.0,54.76,D,54.0,50.33,a,34.0,47.81,A,36.0,87.31,b,,47.37,C,69.0,43.98,A,92.0,43.6,b,21.0,74.76,D
681,Tiger, Ragdoll,21,5.16,Orange,female,No,No,Unknown,Paris,,Sick,05/01/2024,24.65,a,41.0,35.38,a,37.0,8.25,Unknown,,48.9,A,,49.06,D,82.0,35.08,D,74.0,28.29,B,28.0,62.36,a,60.0,17.49, ,25.0,34.32,b,32.0,53.31,B,10.0,79.35,C
682,Shadow,sphynx,14,5.93,black ,female,N,No,No,Toronto,Mixed,,2024/01/05,71.7, ,50.0,20.43,Unknown,,35.3,a,77.0,40.07,Unknown,78.0,49.05,D,71.0,39.39,a,36.0,70.8,A,68.0,37.32,b,48.0,29.65,Unknown,58.0,61.47,B,13.0,49.67, ,97.0,63.94,D
683,Simba,Siamese ,3,4.39,White,F,,,Yes,Toronto,,Sick,Jan 5 2024,74.99,C,40.0,85.31,Unknown,66.0,10.26,D,19.0,29.82,Unknown,2.0,68.18,b,77.0,37.44,A,12.0,92.96,A,29.0,38.25,b,,47.99,C,,40.66,A,86.0,41.65,B,4.0,34.27,Unknown
684,Loki,,0,4.03,,Female,,Yes,,TOKYO,Mixed,Checkup Needed,2024-01-05,45.59,C,12.0,21.74, ,21.0,56.01,D,31.0,21.01,b,22.0,45.32,a,15.0,34.99,b,68.0,41.93,Unknown,46.0,58.73,a,11.0,29.76,b,88.0,35.69,a,78.0,59.12,a,47.0,36.37,B
685,Shadow,Bengal ,-2,4.98,Orange,female,Yes,No,Unknown,Toronto,wet,,05/01/2024,57.86,b,70.0,40.07,A,11.0,69.08,a,,56.99,a,23.0,60.85,C,7.0,35.86,D,,44.58,b,90.0,55.04,B,67.0,40.55,Unknown,,54.62,b,15.0,19.76,a,44.0,69.05,D
686,Oreo,Unknown,7,0.09, WHITE,M,No,No,Yes, london,wet,Sick,,52.62,C,43.0,69.4,A,99.0,56.16,C,8.0,77.92, ,32.0,58.35,B,80.0,24.8, ,27.0,78.72,A,73.0,58.53,D,14.0,39.6,Unknown,11.0,13.31,Unknown,41.0,54.42,B,6.0,41.0,B
687,Loki,ragdoll,5,3.73, WHITE,female,No,,Yes,Berlin,,Sick,,52.14,A,62.0,54.94,b,49.0,68.94,a,96.0,52.51,a,,59.25,a,99.0,51.78,a,17.0,57.42,Unknown,7.0,61.64, ,6.0,44.54,A,46.0,29.64,a,36.0,74.87,Unknown,0.0,44.76,C
688,Milo,MAINE COON,19,2.18,Brown,female,Y,NO,Yes,London,Wet,Checkup Needed,2024-01-05,88.71,Unknown,30.0,75.62,Unknown,54.0,26.29,b,88.0,41.35,b,67.0,58.54,B,,35.72,B,,25.17,Unknown,77.0,49.49,D,61.0,41.46,A,62.0,78.76,D,50.0,16.0,C,42.0,75.1,Unknown
689,Oliver,Persian ,14,3.46,Black,M,Yes,NO,Yes,TOKYO,Wet,Sick,,41.54,C,51.0,unknown, ,,unknown,Unknown,12.0,65.38,a,75.0,83.19,C,,64.67,b,18.0,43.42,Unknown,,27.54, ,33.0,65.75,b,41.0,9.47,C,38.0,60.08,B,,49.63,D
690,Tiger,Persian ,12,5.8,Orange,Female,no,NO,No,Paris,Wet,Healthy,,51.58,b,45.0,19.64,b,1.0,43.33,b,26.0,27.96,C,72.0,28.66,C,70.0,53.53,b,1.0,46.64,a,22.0,56.34,a,81.0,69.77,A,13.0,70.14, ,89.0,28.68,a,11.0,52.13,Unknown
691,Oreo,MAINE COON,17,3.53,Black,female,no,,Yes,,wet,Checkup Needed,2024-01-05,37.7, ,29.0,60.72,D,13.0,77.6,Unknown,49.0,56.23,A,43.0,46.84,B,99.0,48.05, ,64.0,31.95,b,11.0,67.46,C,95.0,41.96,D,28.0,18.26,B,16.0,39.14,a,36.0,14.53,D
692,Tiger,RAGDOLL,3,4.44,Gray,,Yes,No,Unknown,New York,Dry,SICK,,78.19,C,,53.16,D,36.0,37.76,A,11.0,64.24,B,36.0,51.5, ,28.0,69.39,a,,64.6,A,66.0,61.8,B,,49.65,Unknown,97.0,49.9,B,89.0,31.76,a,86.0,43.05,Unknown
693,Simba,SPHYNX,24,3.17,Orange,female,,NO,Yes,Toronto,Dry,Checkup Needed,2024/01/05,11.06,C,47.0,60.28,C,91.0,39.24,C,42.0,92.81,C,94.0,30.9,a,53.0,68.66,A,3.0,53.51,Unknown,71.0,N/A, ,84.0,62.86,b,94.0,56.24,Unknown,95.0,38.57,B,93.0,68.95,B
694,Oliver,,10,7.84,White,Female,No,NO,Yes, london,dry,Healthy,05/01/2024,45.25,C,90.0,20.87,Unknown,51.0,N/A,b,96.0,51.86,C,95.0,65.91,C,,85.82,C,61.0,-3.1,B,58.0,51.59,A,41.0,59.67,a,45.0,26.83,a,81.0,52.27,A,45.0,42.28,D
695,Leo,British Shorthair ,13,4.12,,F,Yes,NO,,TOKYO,Wet,Healthy,2024-01-05,42.81,A,78.0,20.68,A,44.0,19.63, ,40.0,28.13,B,33.0,26.82,a,75.0,85.55,D,74.0,77.41,C,37.0,51.07,A,22.0,44.82,C,6.0,18.94,C,76.0,66.26,B,83.0,7.7,C
696,Shadow,british shorthair,17,3.48,Mixed,Male,No,NO,No,New York,Mixed,Checkup Needed,Jan 5 2024,59.95,B,60.0,51.7,Unknown,37.0,18.97,b,81.0,69.01,B,71.0,64.84,A,21.0,66.29,Unknown,83.0,78.79,A,96.0,81.13, ,41.0,26.3,Unknown,95.0,18.89,b,72.0,54.62,B,56.0,64.24,B
697,Chloe,,16,6.81,,M,yes,YES,No,,wet,,05/01/2024,42.13,B,83.0,62.57,b,29.0,40.96,A,92.0,24.13,a,23.0,45.3,b,80.0,46.16,D,,72.84,A,51.0,53.93, ,99.0,78.38,B,88.0,59.08,D,17.0,48.21,D,80.0,47.3,a
698,Simba,Maine Coon ,8,6.57,Orange,male,,No,Unknown,London,,Healthy,05/01/2024,59.31,b,89.0,58.11,Unknown,58.0,31.26,a,48.0,29.27,A,44.0,60.88,D,26.0,N/A,a,69.0,18.9,b,95.0,9.96,D,35.0,52.1,a,14.0,73.76,b,82.0,66.38,C,76.0,77.43,D
699,Chloe, Persian,0,4.47,Orange,female,Y,No,,London,wet,Checkup Needed,2024/01/05,52.94, ,70.0,60.63,C,95.0,56.79, ,45.0,57.05,A,42.0,92.19,Unknown,10.0,67.74,B,64.0,53.96,D,43.0,60.35,b,55.0,42.52, ,,22.43,A,90.0,35.1,A,0.0,64.47,A
700,Kitty,MAINE COON,14,6.02, WHITE,Male,no,No,,London,wet,,Jan 5 2024,38.92,Unknown,40.0,42.53,D,32.0,58.82,B,80.0,58.8,A,24.0,49.82,C,3.0,unknown,Unknown,35.0,76.74,Unknown,31.0,76.98,B,40.0,65.61,a,73.0,60.22,C,44.0,54.72,b,7.0,49.36,B
701,Kitty,Unknown,22,2.6,Gray,,,Yes,No,Paris,Mixed,Checkup Needed,,73.01, ,60.0,34.3,a,28.0,53.48, ,96.0,6.1,Unknown,24.0,67.89,C,42.0,53.11,D,72.0,N/A,Unknown,49.0,46.02,Unknown,2.0,36.67,b,87.0,39.45,Unknown,60.0,27.07,D,31.0,70.61, 
702,Smokey,Unknown,9,4.0,Orange,F,yes,,Unknown,New York,Wet,Checkup Needed,,53.3, ,,44.88, ,80.0,81.63,Unknown,97.0,30.07,B,24.0,26.82,D,,61.44,Unknown,63.0,37.63,A,28.0,52.13,Unknown,64.0,50.59,A,51.0,23.53,C,86.0,49.25,C,16.0,73.55, 
703,Oliver,Unknown,1,4.85,Black,female,Y,No,Yes,TOKYO,Wet,healthy,Jan 5 2024,43.03,A,84.0,28.82,A,,72.04,A,54.0,55.23,a,29.0,71.44,B,4.0,60.38,A,48.0,19.91,C,57.0,85.15, ,80.0,71.29,D,66.0,62.78,D,78.0,36.9, ,97.0,35.7, 
704,Chloe,Bengal,7,0.98,black ,Unknown,Y,NO,Yes,Sydney,Wet,,2024-01-05,71.44,C,93.0,88.24,Unknown,84.0,55.01,a,73.0,72.91,a,32.0,70.89,a,,48.93,b,17.0,5.66,C,,83.34,C,70.0,42.92,b,62.0,44.36,B,49.0,52.15,a,82.0,87.2,Unknown
705,Leo, Abyssinian,23,6.31,Brown,male,Yes,NO,Yes,Paris,Wet,Sick,2024-01-05,40.81,Unknown,3.0,109.7,Unknown,22.0,59.99,A,85.0,40.47,D,62.0,41.64,D,63.0,44.69,B,51.0,59.5,C,11.0,68.06,b,34.0,23.84,D,50.0,67.28,D,99.0,39.0,C,58.0,48.29,D
706,Kitty,,7,2.64,White,F,N,NO,Yes,Toronto,dry,Checkup Needed,05/01/2024,39.35,C,89.0,53.68, ,92.0,27.67,a,46.0,75.62,C,96.0,29.89,A,92.0,28.34,D,66.0,57.76,C,43.0,45.84,A,98.0,65.45, ,10.0,N/A,Unknown,48.0,41.55,B,36.0,59.39,C
707,Oreo,Maine Coon ,20,5.43,,male,N,Yes,No,Tokyo,dry,Sick,2024/01/05,46.02,a,5.0,53.86,C,19.0,31.16,Unknown,96.0,44.62, ,33.0,54.51,B,,83.97,B,43.0,52.06,D,74.0,63.96,D,26.0,93.73,D,16.0,43.19,a,47.0,34.43, ,47.0,31.57,b
708,Luna,Maine Coon,8,4.72,White,,Yes,No,Unknown,,dry,Checkup Needed,2024/01/05,unknown,Unknown,30.0,33.7,A,37.0,64.78,a,37.0,48.45,D,25.0,53.64,C,16.0,62.52,a,40.0,49.04,D,56.0,71.49,C,87.0,27.99,b,40.0,35.72,a,69.0,74.74,Unknown,69.0,53.82,a
709,Tiger,Maine Coon ,18,5.04,Black,Female,,NO,No,,dry,,,57.05,B,89.0,30.05,b,69.0,45.45,a,3.0,47.38,Unknown,95.0,67.83,D,13.0,58.73,C,72.0,38.19,b,,45.69,a,10.0,53.46,A,23.0,58.66,B,87.0,58.53,Unknown,32.0,14.69,A
710,Smokey,Siamese ,7,6.23,,female,Y,Yes,Unknown,TOKYO,wet,,2024/01/05,37.61,a,55.0,85.94, ,84.0,52.81,C,,73.91,B,68.0,44.34,Unknown,87.0,55.36,A,80.0,72.25,A,73.0,18.86,Unknown,,42.49,B,58.0,75.78,D,13.0,72.44,b,15.0,56.49, 
711,Chloe,Abyssinian ,17,7.69,Black,,Yes,No,No,Paris,Wet,healthy,,21.86,D,17.0,24.15,C,26.0,46.48,C,32.0,54.64,C,92.0,60.76,B,,62.84,C,77.0,41.3, ,,62.52, ,43.0,30.19,D,74.0,73.61, ,29.0,30.59,A,53.0,51.65,D
712,Nala,,2,3.02, WHITE,F,Yes,No,,New York,Dry,,,32.09,a,87.0,52.82, ,28.0,48.55, ,53.0,22.01,Unknown,50.0,61.11,Unknown,59.0,42.98,a,,70.46,A,60.0,62.74,B,52.0,32.66, ,,42.45,B,60.0,53.99,C,32.0,-28.6,Unknown
713,Luna,BRITISH SHORTHAIR,12,2.37,Orange,,Y,NO,Yes,Paris,Wet,healthy,,67.79,Unknown,59.0,59.97,B,4.0,13.02,Unknown,,64.04,B,36.0,61.94,C,,error, ,79.0,37.23, ,98.0,38.98,a,22.0,54.08, ,63.0,69.08,b,52.0,30.33,a,89.0,94.08,a
714,Chloe,SPHYNX,13,5.64,Orange,Unknown,yes,No,,Paris,wet,Checkup Needed,2024/01/05,27.22,A,94.0,51.3,Unknown,21.0,68.23,b,90.0,57.39,Unknown,52.0,43.88,Unknown,95.0,41.78,b,27.0,50.01,Unknown,51.0,91.46,Unknown,57.0,40.82,A,58.0,53.02,a,87.0,69.09,Unknown,82.0,52.35, 
715,Lucy, Persian,-1,4.62,Orange,M,Y,NO,,Tokyo,dry,Sick,2024-01-05,40.17,a,5.0,43.38,D,62.0,47.46,b,32.0,96.43,D,,26.16,a,90.0,87.03,a,71.0,20.54,Unknown,71.0,47.3,C,26.0,31.37,b,52.0,54.79,b,26.0,57.15,Unknown,9.0,33.56,b
716,Tiger,SPHYNX,-2,2.52,Orange,male,N,YES,,Berlin,Dry,,2024/01/05,50.28,C,90.0,56.16,D,,49.54,a,60.0,120.34, ,43.0,72.72,b,73.0,47.96,C,31.0,35.98,B,37.0,40.14,a,23.0,53.08,Unknown,9.0,11.24,C,59.0,53.33,b,38.0,30.82,A
717,Simba,Abyssinian ,13,3.13,Mixed,Male,No,NO,Yes, london,Wet,Sick,2024-01-05,29.54,A,43.0,37.21,B,41.0,37.64,D,,54.65,B,41.0,36.25,A,6.0,83.74, ,4.0,37.19, ,27.0,29.0,b,67.0,85.21, ,23.0,52.01,Unknown,39.0,89.21,Unknown,,54.14,B
718,Oreo,ABYSSINIAN,13,2.19,,,N,No,No,Paris,Dry,,2024/01/05,49.56, ,52.0,42.86,C,76.0,37.75,C,13.0,86.11,C,62.0,69.47,a,0.0,62.21,A,8.0,78.89,D,53.0,69.47,a,45.0,35.42, ,88.0,90.16, ,84.0,42.41,B,84.0,90.36, 
719,Kitty,ragdoll,11,3.72,Brown,M,no,Yes,Yes,,dry,Checkup Needed,,41.38,D,13.0,40.51,A,55.0,56.12,A,50.0,47.47,C,30.0,47.51,Unknown,86.0,19.07,a,13.0,61.81, ,41.0,53.33,a,53.0,25.84,B,3.0,70.72,A,,50.08,A,65.0,70.91,B
720,Tiger,,7,3.82,Gray,Male,yes,NO,Unknown,Tokyo,Dry,healthy,2024-01-05,23.1,b,88.0,61.52,B,55.0,63.67,a,95.0,74.31,B,53.0,65.26, ,48.0,64.02,a,69.0,34.67,C,17.0,82.4,D,41.0,15.03,C,25.0,35.29,D,50.0,66.39,Unknown,99.0,44.59,B
721,Bella,,15,4.83,Black,Female,Yes,YES,No,Toronto,wet,Healthy,Jan 5 2024,76.2,D,59.0,44.49,C,4.0,83.13,Unknown,,46.84, ,3.0,33.78,A,25.0,48.34,C,34.0,75.99,C,99.0,53.5,B,,44.65,D,44.0,66.26,B,65.0,80.05,b,93.0,32.54,B
722,Oreo,,8,4.57,black ,Male,N,No,No,Toronto,Dry,Sick,2024/01/05,64.73, ,13.0,29.32, ,,53.08, ,,56.24, ,,35.4,D,53.0,67.57,D,5.0,53.22,A,,41.49,A,17.0,34.15, ,19.0,26.5,D,38.0,61.79,A,83.0,58.75,a
723,Shadow,abyssinian,8,6.06,White,F,N,Yes,Yes,Sydney,,Sick,,31.5,C,72.0,35.86,B,,51.32, ,1.0,46.54,Unknown,68.0,49.25,D,11.0,68.78,A,51.0,22.26,B,18.0,38.4,Unknown,40.0,67.36,C,,27.38, ,53.0,24.05,B,94.0,22.38, 
724,Kitty,BRITISH SHORTHAIR,15,4.17,black ,,,YES,Yes,Berlin,,SICK,05/01/2024,74.88,C,69.0,53.74,D,95.0,59.25,a,1.0,-3.58,b,11.0,71.92,Unknown,96.0,51.08, ,57.0,41.77,C,53.0,47.02,B,86.0,33.68,C,95.0,54.02,C,22.0,56.24,Unknown,21.0,55.72,B
725,Bella,Scottish Fold,5,4.52,White,Unknown,Y,No,No,,Mixed,Sick,05/01/2024,57.56,A,58.0,39.21,a,67.0,34.02,D,95.0,58.29,Unknown,54.0,67.79,D,31.0,55.33,b,6.0,37.82,D,51.0,75.32,b,50.0,38.81,A,71.0,46.87,B,51.0,55.05,B,40.0,28.79,b
726,Lucy, Abyssinian,0,3.41,black ,,yes,Yes,Yes,Berlin,Mixed,Checkup Needed,05/01/2024,44.69,D,40.0,55.52,B,42.0,44.11,Unknown,14.0,75.25,b,71.0,70.03,b,55.0,60.8,A,1.0,76.35, ,17.0,34.36,Unknown,57.0,60.36, ,88.0,61.45,Unknown,24.0,39.53,B,22.0,30.05,a
727,Oliver,Bengal,5,2.96,black ,Female,,Yes,,Paris,Wet,Sick,,47.3,a,,62.73,b,6.0,52.06,a,1.0,62.8,C,66.0,75.91,B,14.0,42.98,C,,41.55,b,4.0,40.63,B,46.0,38.8,b,87.0,25.62,B,55.0,7.61,D,,96.59,a
728,Simba,Ragdoll ,14,6.74,black ,female,no,YES,,Toronto,dry,Checkup Needed,Jan 5 2024,38.47,b,,30.81,D,50.0,52.74,Unknown,,62.89,A,93.0,71.89,C,86.0,58.58, ,39.0,35.9,a,,45.77,B,92.0,88.68,b,52.0,46.64, ,58.0,71.14,a,2.0,45.49,B
729,Smokey,Unknown,10,6.65,black ,Male,No,Yes,Unknown,Toronto,Wet,healthy,2024/01/05,28.2,D,66.0,67.25,a,40.0,48.94,C,77.0,22.67,D,50.0,70.68,B,,56.09,Unknown,81.0,75.01,b,2.0,27.55,B,6.0,44.94,b,69.0,25.29,B,19.0,55.58,Unknown,35.0,58.29,b
730,Milo,Unknown,10,3.5,Brown,F,,NO,Unknown,Toronto,Wet,Sick,,61.45,D,39.0,53.38,C,67.0,49.45,A,70.0,2.49, ,29.0,37.1,A,55.0,52.34,B,29.0,46.58,Unknown,89.0,86.14,b,87.0,26.93,A,45.0,38.77,B,49.0,45.15,C,53.0,27.34, 
731,Shadow,Unknown,8,4.47,,Unknown,N,Yes,No,Berlin,Dry,,,45.99, ,10.0,37.89,Unknown,54.0,52.23,A,9.0,45.13,C,24.0,27.12,b,95.0,42.83,B,15.0,36.0,A,31.0,47.45,b,98.0,66.48,Unknown,50.0,33.57, ,,75.27,B,,97.38,D
732,Oliver,Scottish Fold,-1,4.88,Gray,M,,Yes,No,Paris,Dry,Checkup Needed,,50.59,B,48.0,44.93,Unknown,95.0,82.91,D,73.0,30.83,D,43.0,83.82,D,94.0,67.21, ,8.0,44.78,b,87.0,56.17,Unknown,75.0,44.12,b,54.0,49.5,C,88.0,68.69,C,50.0,79.77,B
733,Oliver,Bengal ,6,3.03,Black,F,yes,NO,Yes,New York,Mixed,SICK,05/01/2024,37.99,a,18.0,60.91,A,15.0,41.03,b,99.0,48.6,D,53.0,63.08,D,56.0,66.29, ,45.0,-1.26,b,,18.65,b,20.0,29.21,Unknown,,58.93,B,34.0,54.24,C,84.0,52.53,A
734,Smokey,BENGAL,-2,2.53,Black,F,yes,,Unknown,New York,wet,Checkup Needed,2024-01-05,61.55,a,29.0,74.34,A,66.0,58.54,B,39.0,21.5, ,55.0,,D,12.0,51.95,D,87.0,44.68, ,91.0,74.82,A,98.0,50.77,D,37.0,47.92,B,84.0,72.65,B,,75.67,Unknown
735,Oreo,,9,4.34, WHITE,male,No,,Unknown,TOKYO,wet,Checkup Needed,2024/01/05,38.92, ,,29.56, ,61.0,44.96,A,66.0,81.2,D,38.0,64.16, ,13.0,24.72,b,43.0,34.96,a,87.0,75.67,Unknown,14.0,47.4,a,50.0,51.33,A,,49.12,A,32.0,9.67,C
736,Bella,British Shorthair,24,3.18,Gray,F,Yes,Yes,Yes,TOKYO,Wet,,Jan 5 2024,82.64,a,14.0,68.51,a,,34.07,C,12.0,56.03,D,43.0,41.22, ,19.0,34.05,D,,41.33,D,6.0,23.08,a,,62.64,D,46.0,95.56, ,93.0,28.03, ,5.0,29.39, 
737,Lucy,scottish fold,9,6.63,White,male,No,,, london,dry,Healthy,,27.42,D,,21.27,Unknown,36.0,37.62,C,68.0,71.81, ,,33.96,b,72.0,66.35, ,64.0,69.98, ,20.0,53.43,D,55.0,69.4,Unknown,51.0,40.2,B,,42.9,Unknown,90.0,78.96,C
738,Kitty,,8,6.69,Gray,Female,,YES,No,TOKYO,Wet,SICK,2024/01/05,54.61,a,18.0,5.57,D,75.0,78.71, ,33.0,37.34,a,95.0,28.78,B,22.0,45.5,D,81.0,42.95,Unknown,7.0,19.78,Unknown,77.0,24.77,C,54.0,N/A, ,6.0,60.66,Unknown,,44.17, 
739,Loki,,17,4.54,black ,F,no,,Yes,Toronto,dry,SICK,05/01/2024,29.75,a,42.0,95.18,a,26.0,41.08,D,19.0,47.11,b,2.0,38.52, ,36.0,58.0,Unknown,2.0,30.52,b,35.0,52.47,b,,42.45,A,30.0,62.51,D,,55.73,C,,81.18,D
740,Tiger,siamese,19,7.65,black ,Female,No,NO,Unknown,Berlin,wet,SICK,,79.96,b,71.0,64.88,B,16.0,75.8,C,3.0,31.18,C,19.0,48.36,a,91.0,25.46,C,91.0,27.14,B,,49.68,Unknown,5.0,43.03,A,84.0,45.69,C,15.0,33.23,a,84.0,52.45,B
741,Oliver, Maine Coon,13,4.08,Gray,M,,,,Paris,Dry,Healthy,2024-01-05,88.0,b,2.0,39.51,B,43.0,33.18,Unknown,28.0,63.51,A,10.0,27.62, ,,54.71,A,78.0,104.17,Unknown,79.0,N/A,A,21.0,55.4,A,88.0,35.45,Unknown,25.0,-1.55,D,89.0,80.71,a
742,Smokey, Siamese,-1,4.95,Brown,F,yes,NO,,Tokyo,Dry,healthy,05/01/2024,45.72,C,75.0,45.17,b,63.0,66.66,Unknown,30.0,25.31,b,96.0,20.6,C,44.0,49.62,Unknown,42.0,27.71,C,73.0,68.2,Unknown,71.0,64.28,b,73.0,70.32,a,33.0,19.28,b,97.0,49.98,a
743,Oreo,BRITISH SHORTHAIR,24,3.27,black ,Unknown,yes,No,,TOKYO,Dry,Sick,2024-01-05,51.78,C,,51.69,Unknown,21.0,48.78,Unknown,,33.37,B,54.0,74.38,C,36.0,50.34, ,,75.65,C,56.0,38.75,C,11.0,52.05,B,,76.04,A,7.0,60.8,a,14.0,62.53,b
744,Tiger, Sphynx,16,3.51,White,Female,yes,YES,Unknown,Paris,Dry,healthy,2024-01-05,23.25,A,36.0,42.36,D,13.0,11.31, ,,48.92,a,58.0,34.71,b,99.0,74.07,A,8.0,80.06,D,93.0,49.42, ,,5.56,Unknown,26.0,11.79,b,,65.74,B,33.0,79.31,A
745,Oliver,Ragdoll ,9,4.82,Brown,F,Yes,No,No,Sydney,Wet,healthy,,101.71,B,59.0,8.29,D,,48.55,B,59.0,65.44,a,34.0,122.41,A,59.0,29.58,b,35.0,58.88,a,33.0,44.32,B,49.0,50.79,B,15.0,80.36,C,11.0,5.68, ,49.0,33.2,A
746,Milo,Ragdoll,15,4.93,White,male,no,Yes,Yes,,Dry,,Jan 5 2024,3.64,Unknown,31.0,51.4,A,36.0,4.83, ,,34.15, ,25.0,54.28,b,94.0,43.09,A,43.0,19.78, ,21.0,18.13,A,6.0,60.65,D,79.0,46.25,C,73.0,49.14,a,1.0,22.41,Unknown
747,Smokey,Sphynx,18,1.29,Mixed,Unknown,N,No,,TOKYO,Wet,healthy,2024/01/05,82.79,a,26.0,50.78,A,26.0,30.06,A,29.0,36.23, ,77.0,61.06,b,14.0,55.91,C,51.0,,a,73.0,62.03,Unknown,,43.16,A,79.0,54.95,b,23.0,48.15,D,27.0,54.25,C
748,Luna,Scottish Fold,5,3.2,Gray,M,yes,NO,Unknown,,Dry,Healthy,,61.14,A,22.0,36.84,C,1.0,85.45,b,,58.11, ,40.0,53.5,A,56.0,42.5,B,33.0,76.86,B,23.0,55.05,C,49.0,43.08, ,87.0,57.15, ,3.0,45.05, ,94.0,20.65,B
749,Shadow,sphynx,7,3.34,Orange,M,no,,No,Paris,Dry,,05/01/2024,33.12,b,85.0,75.85,C,2.0,38.24,Unknown,59.0,36.24,b,48.0,36.96,D,38.0,67.02,D,53.0,38.52,a,90.0,44.09,A,39.0,85.18,A,37.0,47.99,b,72.0,87.12,D,84.0,50.65,b
750,Luna, British Shorthair,22,3.19,Orange,F,No,NO,Yes,New York,dry,Checkup Needed,Jan 5 2024,67.85, ,27.0,39.81,Unknown,48.0,50.17, ,24.0,54.26,b,88.0,37.85,A,,51.16,D,70.0,72.81, ,47.0,54.59,D,2.0,87.38,C,77.0,91.1, ,20.0,52.31,b,10.0,64.96,b
751,Oliver,,2,1.75,Orange,male,No,No,No,TOKYO,dry,,2024-01-05,63.92,B,31.0,78.67,C,57.0,38.56,Unknown,,61.89,C,99.0,57.31,b,82.0,69.42,A,79.0,50.95, ,34.0,73.58,b,42.0,46.19,C,11.0,16.99,Unknown,1.0,36.24,B,13.0,37.06,Unknown
752,Nala,Unknown,24,2.2,,Male,yes,,Yes, london,wet,healthy,Jan 5 2024,77.97, ,63.0,29.5, ,20.0,67.58,C,89.0,57.07,b,69.0,31.59,A,7.0,42.7,B,82.0,52.8,D,10.0,59.99,D,82.0,39.08,Unknown,73.0,55.54,b,23.0,88.61,Unknown,,51.16,a
753,Leo,Persian ,18,5.57,Black,Female,N,No,No,,dry,healthy,05/01/2024,unknown,b,35.0,48.56,Unknown,96.0,52.06,B,51.0,52.1,C,24.0,error,D,5.0,27.82,D,17.0,41.15,B,36.0,44.5,C,61.0,12.54,A,73.0,57.83,Unknown,58.0,57.47,C,91.0,41.48,Unknown
754,Tiger,SCOTTISH FOLD,9,3.52,White,female,No,,Unknown,Sydney,,Healthy,05/01/2024,50.8,Unknown,94.0,53.23,B,73.0,54.57,D,95.0,53.89,D,20.0,71.26,B,9.0,26.86,C,98.0,27.18,a,58.0,63.99,B,91.0,43.69,Unknown,95.0,45.96,a,23.0,28.12,b,84.0,44.15,C
755,Chloe,Maine Coon ,20,5.54,Mixed,,no,,Unknown,TOKYO,Dry,healthy,,57.84,Unknown,76.0,16.77,B,69.0,44.88,B,72.0,2.8,a,17.0,31.35, ,99.0,29.71,B,8.0,56.7,Unknown,42.0,83.6,C,0.0,46.24,a,62.0,71.6,A,80.0,85.28,Unknown,36.0,34.22,D
756,Luna,SPHYNX,19,5.94,Brown,Female,,Yes,Unknown,TOKYO,wet,Checkup Needed,,56.45,A,14.0,30.26,Unknown,93.0,80.18,B,,79.15,a,81.0,38.2,C,86.0,93.7,b,56.0,50.08,A,75.0,44.93,b,,33.16, ,85.0,44.26,D,67.0,71.93,b,,21.94,D
757,Chloe, Persian,12,26.04,Black,F,no,No,Yes,London,Wet,Healthy,Jan 5 2024,53.93,C,66.0,61.2,C,,37.92,C,36.0,81.52,A,24.0,26.24,D,49.0,63.88,A,65.0,48.54,D,,70.47,Unknown,85.0,58.61, ,81.0,76.55, ,7.0,78.5,A,32.0,50.41,A
758,Lucy,Scottish Fold ,-1,4.44,black ,female,,Yes,Unknown,London,Mixed,SICK,,38.2,A,56.0,17.26,A,35.0,51.11,A,77.0,40.55,A,42.0,74.06,B,55.0,65.44,A,64.0,52.32, ,68.0,64.38,A,90.0,48.69, ,33.0,69.72,A,86.0,61.13,B,79.0,59.57,C
759,Nala,Maine Coon,12,6.51,Orange,M,N,NO,No,Tokyo,Wet,,2024-01-05,59.92,B,5.0,22.19,B,63.0,44.56,B,22.0,68.77,C,,33.17,A,57.0,36.48,B,19.0,45.58,C,95.0,70.51,a,50.0,56.53,D,20.0,56.9,Unknown,57.0,66.24,B,55.0,45.84, 
760,Nala,Siamese ,-2,5.66,Mixed,,no,No,No,New York,Mixed,,05/01/2024,27.53,D,22.0,53.25,b,33.0,63.53,C,,23.17,C,,N/A,C,25.0,83.3,D,92.0,53.39,C,26.0,59.82,a,21.0,60.45,b,93.0,87.48,B,11.0,71.83,A,55.0,47.81, 
761,Milo,RAGDOLL,13,2.97, WHITE,male,N,No,,Tokyo,,Checkup Needed,Jan 5 2024,69.81,b,52.0,29.36,A,4.0,56.42,Unknown,46.0,50.13, ,86.0,45.84,Unknown,32.0,61.32,A,13.0,43.01,A,40.0,42.13,B,40.0,21.82,C,92.0,11.45,a,14.0,45.69,Unknown,16.0,54.76,a
762,Luna,Persian,-1,6.9,Orange,Unknown,yes,YES,Yes,London,Dry,Sick,2024-01-05,42.97,a,22.0,12.04,A,2.0,44.96,C,84.0,16.15,D,24.0,52.05,D,89.0,-0.84,b,0.0,37.07,A,,18.34, ,97.0,-4.28,C,47.0,43.18,Unknown,56.0,86.09,B,,error,Unknown
763,Bella,Unknown,-2,3.94,White,female,Yes,Yes,,Berlin,,Checkup Needed,Jan 5 2024,37.29,b,94.0,57.44,A,,71.72,a,4.0,33.17, ,87.0,25.11,B,47.0,35.39,b,,42.56, ,3.0,42.01,a,16.0,36.81,C,21.0,28.32,a,8.0,62.84,D,4.0,35.87,b
764,Nala,Unknown,17,5.9,White,,yes,No,Unknown,Toronto,dry,Checkup Needed,,45.76, ,87.0,54.02,b,85.0,63.35,Unknown,57.0,50.28,A,67.0,62.48,B,16.0,57.63,B,65.0,72.28,B,,70.69,b,69.0,36.37,b,73.0,89.89,C,65.0,51.76,b,68.0,60.72,A
765,Oliver, Abyssinian,3,5.72,,male,No,YES,No,New York,Mixed,SICK,Jan 5 2024,53.29,A,60.0,31.79,D,98.0,81.07,B,98.0,47.03, ,22.0,86.26,C,49.0,55.91,Unknown,6.0,74.31,C,59.0,20.75,a,15.0,42.62,a,60.0,67.35,Unknown,21.0,64.41,Unknown,,65.78,Unknown
766,Leo,PERSIAN,3,4.61,Mixed,,Yes,YES,,Sydney,wet,Checkup Needed,2024-01-05,63.59,a,,29.98, ,,57.99,a,88.0,25.06,a,21.0,71.47,a,65.0,46.79,D,94.0,39.46,B,78.0,53.18,b,,43.48,b,4.0,-1.71,D,69.0,67.42,a,63.0,12.06,b
767,Smokey,PERSIAN,20,3.8,black ,male,no,NO,No,Paris,wet,Sick,,50.5, ,50.0,62.08,b,35.0,49.96,Unknown,65.0,14.8,a,14.0,12.07,C,62.0,36.46,D,2.0,47.95,b,27.0,19.11,B,26.0,36.82,B,98.0,41.36,b,62.0,21.6,a,26.0,53.19,a
768,Oreo,british shorthair,7,4.9,Gray,,Yes,NO,Unknown,Sydney,Mixed,,2024-01-05,71.96,a,84.0,30.12,Unknown,47.0,53.65,a,53.0,44.34,b,7.0,50.03,b,25.0,74.03, ,17.0,70.59,B,67.0,N/A,A,53.0,23.25,Unknown,56.0,72.12,Unknown,60.0,77.6,C,97.0,33.36, 
769,Bella, Sphynx,13,4.88,,,N,NO,No,Berlin,wet,,2024/01/05,32.38,a,86.0,37.41,D,4.0,66.84,Unknown,88.0,29.41,D,27.0,7.69, ,17.0,74.65,a,29.0,10.66,C,91.0,49.26,B,21.0,55.42,D,11.0,48.18,b,52.0,55.92, ,48.0,55.12,b
770,Lucy,Maine Coon ,16,4.77,Gray,F,Y,YES,Yes,Sydney,Dry,healthy,2024/01/05,63.93,D,27.0,56.09,A,58.0,51.48, ,80.0,45.5,a,,76.27,b,94.0,80.17,C,40.0,33.59,B,8.0,59.91,Unknown,9.0,39.33,Unknown,54.0,58.72,a,36.0,87.24,C,51.0,41.58, 
771,Leo, Maine Coon,24,4.36,,Male,,YES,No,Toronto,Wet,Checkup Needed,,23.8, ,51.0,62.81,A,,25.0,a,20.0,36.19,b,17.0,error,C,58.0,32.12,Unknown,13.0,83.83, ,33.0,63.88,B,24.0,56.72,A,19.0,64.28,C,47.0,42.17,B,88.0,52.31,A
772,Nala,Sphynx ,7,6.46,Gray,female,yes,YES,,Paris,dry,SICK,2024/01/05,62.03,Unknown,90.0,61.83,C,79.0,92.3,B,39.0,44.69,B,16.0,54.15,a,8.0,59.41,a,40.0,53.52,Unknown,,23.95, ,12.0,38.75,D,23.0,67.51,A,49.0,76.13,Unknown,40.0,31.6,b
773,Kitty,persian,19,5.38,Brown,male,No,Yes,,Tokyo,wet,SICK,Jan 5 2024,44.81,B,26.0,55.58,D,9.0,39.72, ,94.0,54.66,Unknown,49.0,41.4,a,26.0,11.25,A,46.0,48.41,b,,69.92,D,68.0,14.49,b,89.0,95.4,b,18.0,65.5,B,34.0,27.97,b
774,Loki,maine coon,5,3.91,Orange,Female,No,NO,Unknown,TOKYO,Mixed,,,48.17,C,,43.41,C,79.0,58.88,B,77.0,42.6, ,3.0,66.75, ,9.0,30.81,B,23.0,64.42, ,81.0,37.82,D,61.0,23.0,a,21.0,81.71,a,30.0,51.03,a,48.0,22.65,D
775,Kitty,Unknown,19,4.34,,F,yes,YES,Yes,Sydney,dry,Checkup Needed,,63.52,a,58.0,35.57,A,12.0,26.95,Unknown,19.0,24.02,b,55.0,82.61,a,86.0,62.9,Unknown,36.0,41.12,A,58.0,39.94,a,3.0,84.51,B,3.0,49.24,B,98.0,28.35,D,66.0,45.26,A
776,Smokey,Unknown,7,3.77,Brown,Unknown,,No,Unknown,Tokyo,Dry,SICK,,44.61,C,45.0,4.05,Unknown,,66.13,a,18.0,47.77, ,50.0,43.35,A,17.0,37.09,B,81.0,28.88,A,14.0,16.58,A,86.0,91.78,A,29.0,52.49,D,91.0,34.73,B,11.0,90.15,a
777,Leo,Abyssinian,6,4.25,Gray,,Y,,Yes, london,,Sick,Jan 5 2024,58.5,B,65.0,83.09,a,59.0,39.0,B,15.0,47.24,A,47.0,13.94,B,29.0,45.12,Unknown,8.0,59.94, ,56.0,76.78,A,98.0,47.71, ,70.0,29.73,B,99.0,22.31,B,83.0,23.99,D
778,Kitty,Unknown,-1,6.17,Mixed,Unknown,no,,Yes,Paris,,healthy,,3.97,a,33.0,34.63,A,27.0,44.08,b,83.0,37.28, ,11.0,52.56,Unknown,34.0,33.43,B,,45.63,B,43.0,51.16,D,78.0,40.35,D,8.0,61.33,B,33.0,75.07,b,68.0,47.18,B
779,Oliver,british shorthair,11,4.38,White,Unknown,Y,No,Yes,New York,Dry,Sick,2024-01-05,45.64,A,59.0,49.27,B,86.0,unknown,B,52.0,19.89,a,41.0,62.29,A,14.0,38.29,b,38.0,62.24,Unknown,19.0,37.15,D,64.0,52.59,B,,55.96,b,56.0,13.66, ,97.0,43.03,A
780,Smokey,,19,3.23,black ,Male,,NO,Yes,Toronto,Mixed,,,23.82,C,52.0,95.48,Unknown,49.0,27.14,Unknown,57.0,77.32, ,27.0,26.66, ,39.0,1.71,B,,26.99,A,,44.06,b,24.0,56.02,Unknown,,33.81, ,99.0,40.59,Unknown,67.0,21.7,b
781,Smokey,Siamese,6,3.15,Mixed,F,No,No,Unknown,London,Wet,,05/01/2024,80.97,a,84.0,63.81,C,95.0,35.15,A,7.0,58.91,Unknown,8.0,45.29,b,91.0,74.31,A,,39.12,C,98.0,28.72,D,27.0,69.37,A,80.0,105.69,a,23.0,50.3,C,10.0,31.39, 
782,Kitty,abyssinian,23,6.2,Orange,male,Yes,YES,Unknown, london,wet,Healthy,,37.18,a,52.0,48.7,C,56.0,26.01,A,91.0,27.04,B,18.0,74.62,a,78.0,69.15,Unknown,75.0,57.48,D,39.0,70.75, ,43.0,-3.55,Unknown,33.0,75.43,B,,62.2, ,19.0,87.83, 
783,Bella,sphynx,11,4.07, WHITE,male,N,NO,No,Paris,Wet,,Jan 5 2024,42.75,b,27.0,53.77, ,53.0,50.44,D,84.0,60.98,D,67.0,54.22, ,9.0,64.74,Unknown,55.0,39.87,C,0.0,49.12,Unknown,18.0,91.87,A,5.0,67.36,b,8.0,34.81,a,19.0,23.14,b
784,Lucy,SPHYNX,15,1.69,Black,M,no,No,No,Tokyo,Dry,healthy,,73.25, ,37.0,31.16,a,93.0,20.55,Unknown,49.0,39.85,C,85.0,61.83, ,96.0,15.44,D,,64.25,B,77.0,16.82,A,18.0,61.97,C,93.0,33.56,Unknown,20.0,-14.2,Unknown,,65.9,A
785,Bella,,18,3.8,Black,male,yes,No,Unknown,Tokyo,,healthy,,47.13,B,4.0,37.43, ,47.0,79.84,A,68.0,74.55, ,,73.9, ,46.0,67.66,A,12.0,41.48,B,73.0,25.21,Unknown,25.0,39.63,D,,34.59,a,16.0,43.16,a,90.0,6.01, 
786,Tiger,Sphynx ,-2,3.57,,male,Y,,No,Tokyo,Dry,Healthy,,19.06,a,,53.9,B,33.0,52.27, ,91.0,42.23,b,95.0,16.62,b,,56.71,D,42.0,76.89,C,25.0,54.52,b,85.0,72.99,A,65.0,70.66,D,68.0,52.92,a,,unknown,D
787,Shadow,scottish fold,16,4.74, WHITE,,No,,No,,Mixed,Healthy,2024-01-05,54.17, ,73.0,62.83,a,54.0,58.66,Unknown,19.0,87.39,B,,95.18,b,3.0,52.82, ,12.0,14.33,C,26.0,56.89,b,50.0,50.36,a,97.0,19.41,Unknown,,60.27,B,99.0,64.47,B
788,Loki,Scottish Fold ,14,4.99,Brown,Female,No,Yes,Unknown,Berlin,Dry,Healthy,05/01/2024,66.91,a,18.0,12.82,A,91.0,52.19, ,76.0,58.93,A,25.0,33.3,B,6.0,45.9,Unknown,74.0,52.65,C,,73.19, ,33.0,15.79,b,44.0,52.23,B,58.0,46.88, ,18.0,32.13,a
789,Kitty,Maine Coon,23,6.89,Mixed,F,Yes,YES,,Paris,,SICK,,50.55,a,72.0,56.01,A,34.0,76.52, ,93.0,62.31,C,93.0,64.11,A,35.0,45.27,b,25.0,34.27,B,9.0,77.0,D,23.0,51.39,C,13.0,47.76,a,11.0,63.65,b,3.0,45.77,C
790,Tiger,Unknown,5,5.63,White,female,No,No,No,New York,Dry,SICK,2024/01/05,33.81,C,62.0,46.21,C,45.0,38.22,Unknown,,20.93,a,1.0,25.65,B,,53.17,Unknown,81.0,31.53,C,92.0,69.07,b,19.0,40.32,b,53.0,69.3,b,67.0,4.41,D,89.0,52.11, 
791,Bella,Abyssinian,24,6.16,Black,Unknown,,No,,London,Wet,Sick,,65.33,Unknown,49.0,21.58, ,41.0,33.52,B,60.0,41.34,D,73.0,18.07, ,95.0,37.4, ,95.0,44.73,B,24.0,68.34,Unknown,,36.18,Unknown,52.0,79.02,a,83.0,36.27,b,43.0,,a
792,Lucy,,12,5.98,,F,Yes,,Yes,Sydney,Dry,Sick,,83.79,C,68.0,28.43,b,77.0,54.85,D,15.0,82.95,C,70.0,31.21,Unknown,49.0,62.42,A,53.0,68.73,D,93.0,86.96, ,75.0,42.22,B,49.0,43.25,A,53.0,59.3,C,19.0,46.66,B
793,Milo,siamese,23,4.9,Brown,male,,No,Yes,,dry,,05/01/2024,41.2,B,73.0,60.25,b,96.0,40.97,Unknown,51.0,57.27,Unknown,20.0,72.86,D,97.0,68.02, ,46.0,42.28,B,88.0,67.88,a,,58.16,C,7.0,77.93, ,69.0,55.14,A,62.0,56.65,a
794,Leo,Scottish Fold ,17,6.15,Brown,,No,No,Yes,Sydney,Mixed,Sick,2024/01/05,86.13,a,81.0,56.11,C,85.0,62.6,Unknown,72.0,40.68,A,78.0,28.95,b,42.0,46.73,C,67.0,51.61,D,76.0,69.82,D,21.0,52.21, ,58.0,31.88,B,54.0,13.2,C,,41.77,D
795,Tiger,,6,1.35,,Female,N,NO,Yes,London,dry,Sick,05/01/2024,42.45,C,18.0,89.86,Unknown,91.0,49.92,A,71.0,28.34,D,35.0,45.26,D,94.0,34.41,B,,84.17,B,81.0,31.86, ,96.0,56.17,D,,77.28,D,45.0,63.33,A,6.0,58.6,B
796,Leo,Scottish Fold ,5,6.26,Black,Unknown,yes,No,No,,Mixed,Checkup Needed,2024/01/05,89.27,A,19.0,54.39,C,25.0,60.33, ,12.0,64.15,D,90.0,60.04,b,20.0,21.73, ,16.0,38.51, ,49.0,68.21,B,77.0,83.75,a,31.0,76.63, ,15.0,42.17,a,,25.32,a
797,Chloe,Unknown,21,5.02, WHITE,Unknown,No,No,Yes,Paris,Mixed,Healthy,05/01/2024,55.07,A,54.0,39.87, ,87.0,83.51,A,5.0,53.82,C,98.0,46.52,C,64.0,34.82,a,58.0,40.42,B,31.0,43.38,D,32.0,33.98,C,88.0,33.3,Unknown,33.0,31.16, ,54.0,26.78, 
798,Nala,Unknown,11,4.97,Mixed,M,Yes,Yes,No,,wet,,,65.98,D,,62.19,a,14.0,89.31,Unknown,60.0,52.3, ,,36.78,A,4.0,36.72,A,84.0,73.33,D,76.0,18.56,A,19.0,24.08,A,82.0,25.04,D,20.0,47.35,A,82.0,35.27,B
799,Oreo, Maine Coon,6,1.29,White,F,Y,NO,Unknown,Toronto,wet,healthy,,81.02,A,50.0,50.05,D,36.0,52.68,D,,30.69,Unknown,46.0,69.9,C,9.0,58.63, ,3.0,56.55,B,98.0,105.12,A,92.0,27.4,a,81.0,40.42,B,3.0,26.5,C,,101.25,C
800,Shadow,Abyssinian,-1,3.25,Gray,,No,,,TOKYO,Dry,Healthy,2024-01-05,64.49,a,3.0,62.89,Unknown,60.0,49.37,b,,32.95,D,4.0,38.72,C,2.0,25.93,B,97.0,24.08,b,63.0,45.6,C,16.0,66.47,a,14.0,52.67,B,80.0,38.11,A,7.0,61.25, 
801,Bella,Abyssinian,23,3.5,White,F,Y,No,No,Toronto,,,,52.66,C,10.0,53.55,b,61.0,63.19,B,,33.69,B,56.0,30.83,a,43.0,52.65, ,44.0,42.64,b,,28.82,D,34.0,45.79,Unknown,41.0,53.04,b,76.0,47.71,D,42.0,45.29, 
802,Tiger,ABYSSINIAN,22,7.33,Brown,Unknown,N,NO,Yes, london,Mixed,Sick,2024/01/05,60.23,b,34.0,79.09,a,91.0,36.26, ,22.0,58.4,D,63.0,40.91,A,46.0,65.77,b,,49.09,Unknown,,30.1,D,72.0,49.3,a,,43.47,A,48.0,33.74,B,85.0,31.49,a
803,Bella,,7,5.95,White,,Y,YES,Unknown,Tokyo,dry,SICK,Jan 5 2024,80.01, ,83.0,19.22, ,68.0,46.69,B,93.0,51.37,Unknown,6.0,81.78,Unknown,8.0,64.69,A,62.0,56.3,D,14.0,38.17,a,50.0,47.69,A,82.0,53.72,A,63.0,77.77,D,5.0,61.08,b
804,Kitty,Siamese,14,4.52,White,Female,no,NO,Unknown,London,,SICK,,18.87,A,,51.26,a,79.0,53.37,D,38.0,75.37,C,,38.79,B,,81.5,b,6.0,42.17,Unknown,,72.4, ,7.0,24.46,C,62.0,58.38,D,60.0,44.36,Unknown,64.0,58.3,A
805,Luna,British Shorthair ,9,4.32,black ,male,No,No,Unknown,Berlin,dry,Healthy,,37.9,A,59.0,8.18,D,99.0,55.74,D,91.0,31.37,b,91.0,20.83,a,73.0,31.0,C,1.0,57.0,B,69.0,34.73,C,,41.43,a,95.0,9.18,a,54.0,52.87,a,9.0,38.02,b
806,Shadow,Ragdoll ,5,4.71,black ,,yes,YES,Unknown,Sydney,,Sick,,55.87,b,87.0,74.58,a,64.0,46.85, ,50.0,37.81,A,88.0,55.53,A,29.0,57.07,A,19.0,48.39,a,93.0,68.92,Unknown,97.0,71.69,b,46.0,44.74,B,61.0,53.37,C,92.0,80.8, 
807,Oreo,SCOTTISH FOLD,5,4.55,White,,no,No,Unknown,London,Dry,,,44.83,Unknown,17.0,51.25,B,24.0,34.58,Unknown,58.0,38.16, ,81.0,error, ,35.0,59.43, ,53.0,34.91,Unknown,83.0,61.29,Unknown,13.0,64.83,B,53.0,-1.93,C,4.0,17.79,Unknown,,39.58,b
808,Simba,British Shorthair ,4,6.3,Gray,,Y,,No,Berlin,,Sick,,52.17,a,46.0,35.9,a,17.0,31.93,D,12.0,-8.64,C,64.0,50.62,A,76.0,35.61,Unknown,64.0,9.41,b,46.0,53.36,D,21.0,42.94, ,69.0,39.25,a,87.0,62.09,D,52.0,13.99,A
809,Bella,,19,4.02, WHITE,male,Y,YES,Yes,TOKYO,dry,Sick,Jan 5 2024,44.66,C,82.0,59.27,Unknown,85.0,46.57,A,,71.23,D,8.0,56.33,a,,86.27,B,85.0,21.37,Unknown,7.0,46.18,D,51.0,-12.56,C,59.0,53.44,a,72.0,43.33,Unknown,28.0,52.26,B
810,Milo,siamese,22,3.5,Brown,female,No,YES,No,New York,dry,,05/01/2024,48.76,a,80.0,37.15, ,,53.46,b,26.0,42.76,a,20.0,41.18,D,29.0,52.36,C,89.0,60.92,B,43.0,27.22,A,26.0,31.06,Unknown,8.0,34.16,B,69.0,64.05,Unknown,51.0,18.73,D
811,Bella,Ragdoll,3,5.51,Gray,male,yes,No,Unknown,Sydney,,Healthy,,52.71,B,93.0,45.77,Unknown,85.0,48.84,b,98.0,22.53,D,73.0,35.66, ,49.0,23.63,A,83.0,60.92,B,93.0,27.98, ,70.0,36.2,b,16.0,51.14,a,89.0,53.51,C,6.0,58.92, 
812,Kitty,Unknown,9,4.98,black ,Female,N,,Yes,TOKYO,wet,healthy,2024-01-05,73.03,D,70.0,62.85,D,1.0,17.18,Unknown,44.0,44.54,C,55.0,83.58,A,29.0,21.49,C,39.0,12.93,A,77.0,41.0,A,97.0,66.87,Unknown,56.0,66.31,a,,69.58,a,4.0,59.93, 
813,Smokey,Maine Coon,2,4.87,Mixed,F,Yes,YES,No,Paris,wet,healthy,,74.5,B,91.0,57.89, ,26.0,39.41,B,34.0,57.92,a,84.0,39.31,B,78.0,74.99,a,8.0,18.74,A,44.0,54.88,a,16.0,44.28,a,,88.47,D,25.0,66.81,b,95.0,34.8, 
814,Chloe,Ragdoll ,-2,3.19,Gray,male,yes,YES,Unknown,Paris,dry,Healthy,2024-01-05,,D,29.0,71.14,D,78.0,84.29,a,70.0,28.07, ,72.0,52.83, ,42.0,52.58,b,,50.04,Unknown,74.0,79.34,C,41.0,42.87,Unknown,53.0,40.36,a,25.0,52.79,a,11.0,82.87,Unknown
815,Chloe,Bengal,7,2.75,Mixed,male,Yes,NO,Yes,Paris,,Healthy,,79.63,C,84.0,45.52,D,2.0,64.09,B,87.0,93.31,a,80.0,53.83,A,45.0,54.3,B,77.0,36.37,b,46.0,53.27,b,,54.71,a,70.0,N/A,D,0.0,58.14,A,50.0,30.57,B
816,Lucy,Unknown,15,5.9,Brown,,,YES,,London,Mixed,SICK,,52.29, ,1.0,42.59,b,94.0,51.26,a,16.0,73.5,A,44.0,61.09,b,81.0,57.07,A,3.0,33.69,C,76.0,60.75,a,64.0,38.56,B,5.0,49.51,b,64.0,64.52,A,28.0,26.67,b
817,Kitty,Unknown,6,3.9,White,female,yes,,Yes,Sydney,dry,Sick,,72.12,C,16.0,57.7,a,95.0,43.43,b,65.0,40.03,a,90.0,30.63,a,83.0,44.23,C,,29.93,a,,38.81, ,1.0,60.65,C,82.0,68.56,C,57.0,54.82,Unknown,,32.2,B
818,Oreo,,14,4.89,black ,female,No,Yes,Yes,Sydney,Mixed,SICK,2024/01/05,52.16, ,6.0,29.38, ,27.0,63.93,b,,15.43,D,29.0,44.99,a,77.0,62.73,b,99.0,60.33,A,3.0,75.62,Unknown,,54.32,C,61.0,error,C,82.0,46.73,C,23.0,45.16,C
819,Oreo,British Shorthair,1,1.91,Gray,Unknown,Yes,No,Yes,Tokyo,Dry,Sick,2024/01/05,13.62,B,44.0,40.22,D,88.0,27.14,a,54.0,61.95,C,96.0,67.93,A,68.0,46.17,b,43.0,51.08,A,,88.53,A,51.0,44.42,B,4.0,28.99,b,20.0,21.53,C,50.0,73.3,Unknown
820,Nala,MAINE COON,21,4.53,,,N,,,London,wet,healthy,Jan 5 2024,63.52,D,83.0,24.47,C,31.0,84.52,Unknown,66.0,54.33,A,92.0,43.87,D,51.0,40.11,A,,73.12,Unknown,26.0,50.28,B,73.0,88.79,C,32.0,60.76,a,46.0,51.0,Unknown,,43.24,D
821,Simba, Siamese,1,4.95,black ,male,Yes,Yes,Unknown,Paris,dry,,,61.45,b,62.0,67.14,b,73.0,38.9,Unknown,30.0,30.59,D,35.0,81.05,Unknown,70.0,56.6,Unknown,,75.09,C,67.0,103.31,C,57.0,54.77,a,27.0,57.72, ,2.0,17.97,b,23.0,25.77,Unknown
822,Tiger, Persian,5,2.47,White,Male,no,,,Tokyo,Wet,Healthy,Jan 5 2024,25.56,a,56.0,27.03,a,84.0,14.05,Unknown,1.0,67.69,B,40.0,45.44,A,62.0,44.9,D,19.0,24.23,a,73.0,58.84,b,22.0,29.54,B,80.0,47.69,A,12.0,55.66,b,8.0,40.79,D
823,Bella,Ragdoll ,3,5.48,Brown,M,,No,Yes,New York,Mixed,,,74.17,D,24.0,39.02,D,45.0,43.06,a,27.0,73.67,B,42.0,61.93,a,,24.41,C,82.0,62.48,A,42.0,90.02,D,55.0,46.33,b,25.0,74.93,A,68.0,45.3,D,24.0,54.15,Unknown
824,Lucy,Unknown,24,2.19,White,M,Yes,YES,Yes,Paris,wet,,,60.46,b,32.0,67.36,a,93.0,56.8, ,65.0,21.3,b,31.0,48.96,b,20.0,99.56,a,,67.54,a,39.0,20.22, ,96.0,23.7,Unknown,27.0,37.43,b,53.0,48.84,b,25.0,N/A,a
825,Chloe,Sphynx ,1,6.42,black ,Female,,NO,,London,Wet,SICK,,14.39,A,37.0,40.07, ,45.0,42.9,B,,5.66,C,86.0,78.36, ,13.0,54.54,B,62.0,49.71,B,46.0,52.92,A,93.0,26.43,B,92.0,44.43,b,51.0,40.5,a,26.0,72.05,B
826,Leo, Scottish Fold,6,5.82,black ,Male,no,No,No,New York,,healthy,2024/01/05,64.99,a,1.0,53.26,a,84.0,54.87,B,97.0,24.8,Unknown,18.0,72.06,b,64.0,48.75,A,50.0,13.5,b,50.0,60.53,Unknown,,32.28, ,25.0,13.47,C,,57.52,A,8.0,57.78, 
827,Chloe,Maine Coon,24,4.28,Mixed,,No,NO,No,Berlin,dry,healthy,Jan 5 2024,67.62, ,22.0,90.05,C,42.0,32.11,B,54.0,68.34,a,13.0,38.19,D,30.0,21.1,C,,48.39,a,77.0,50.39,C,44.0,74.11,A,24.0,64.09,D,43.0,57.12,D,89.0,46.68,b
828,Oliver,,1,4.4,black ,M,N,YES,,New York,Dry,SICK,,10.72,D,,49.73,C,10.0,32.01,D,14.0,13.31,b,19.0,41.67,C,67.0,70.13, ,30.0,47.09,D,68.0,52.85,C,81.0,38.73,D,12.0,69.39,A,3.0,21.95,A,12.0,39.43,B
829,Shadow,sphynx,-1,4.39,Brown,Unknown,,YES,No,London,wet,Checkup Needed,2024-01-05,40.69,C,42.0,71.5,B,,52.52,Unknown,51.0,34.01,b,6.0,46.38,a,21.0,69.76,B,17.0,21.19,C,30.0,18.46,a,27.0,58.77,D,,31.99, ,77.0,43.36,A,8.0,80.27,B
830,Lucy,British Shorthair,1,6.74,black ,Male,,Yes,No,London,Dry,Sick,Jan 5 2024,33.55,b,16.0,61.55,B,12.0,47.83,B,3.0,60.99,A,12.0,74.88,b,81.0,57.9,b,58.0,2.9,a,37.0,-1.99,B,24.0,37.61,D,48.0,26.88,B,95.0,54.78,b,,67.76,Unknown
831,Shadow,Ragdoll,9,6.5,Black,M,no,,Yes, london,wet,SICK,2024/01/05,50.94,b,55.0,60.72,C,,49.02,A,4.0,67.06,b,94.0,51.32,a,76.0,60.46,B,37.0,28.59,a,71.0,51.16, ,,66.09,b,42.0,22.12,C,,53.14,B,41.0,70.72,C
832,Leo,Siamese,1,6.86,black ,,Y,Yes,,Paris,wet,SICK,05/01/2024,60.05,b,43.0,73.86, ,,69.16,C,35.0,57.27,a,15.0,41.15,C,33.0,26.27,b,76.0,41.75, ,82.0,35.29,a,,52.79,A,83.0,33.1,B,78.0,69.53,a,73.0,22.71,C
833,Tiger,Ragdoll,12,7.49,Mixed,Male,yes,,Yes,TOKYO,dry,Healthy,05/01/2024,49.17,a,34.0,59.34, ,20.0,100.32,D,20.0,12.09,Unknown,16.0,48.4,A,99.0,70.89,B,59.0,58.94,D,,56.39,Unknown,33.0,79.52,Unknown,,83.28,b,,56.46, ,13.0,44.19,B
834,Oreo, Maine Coon,10,5.1,White,,yes,YES,No,Toronto,Wet,healthy,Jan 5 2024,50.21,D,85.0,53.4,b,54.0,50.59,b,75.0,27.25,Unknown,52.0,53.84,B,79.0,90.37,a,,55.87, ,36.0,51.08,a,86.0,35.7,Unknown,32.0,19.58,a,70.0,51.67,b,67.0,21.39,C
835,Oliver,PERSIAN,-2,6.37,,,N,,No,Paris,Wet,Healthy,,43.49, ,26.0,72.74,C,25.0,33.08,Unknown,27.0,25.37,b,89.0,15.79,D,70.0,37.25,b,,48.58,C,5.0,24.18,B,77.0,42.96,C,44.0,81.61,b,6.0,52.53,B,75.0,76.8,B
836,Bella,,5,7.33, WHITE,F,N,,Yes,TOKYO,Mixed,Sick,2024-01-05,74.62,b,,18.6, ,20.0,61.31,A,7.0,64.64,A,99.0,71.55,Unknown,61.0,41.86,C,5.0,39.5,b,8.0,70.26,C,86.0,36.09,D,64.0,6.33,a,26.0,61.83,a,51.0,14.78,b
837,Chloe,Unknown,16,5.08,,,N,No,No,Paris,Mixed,Checkup Needed,,34.4,B,59.0,17.1, ,96.0,40.93,D,34.0,41.02,b,82.0,77.54,C,58.0,62.66,Unknown,,46.15,B,79.0,64.56,C,4.0,58.5,A,85.0,88.06,B,43.0,59.82,D,83.0,28.93,C
838,Loki, Scottish Fold,-2,6.54,,Unknown,no,,Unknown,Toronto,dry,Checkup Needed,,7.27,b,,81.32,B,,69.02,B,16.0,50.34,Unknown,58.0,41.69,B,85.0,27.16,A,60.0,51.0,b,89.0,33.37,B,36.0,53.18,b,39.0,71.55,b,97.0,48.2,A,95.0,48.09,b
839,Milo,,20,4.86, WHITE,M,Y,NO,No,TOKYO,,SICK,Jan 5 2024,56.1, ,99.0,34.22,Unknown,43.0,63.9,Unknown,2.0,57.02,Unknown,34.0,61.41,B,47.0,31.74,b,17.0,34.61,D,97.0,75.35,b,54.0,33.83,Unknown,46.0,70.56,B,30.0,11.37,b,39.0,68.95,C
840,Bella,Persian ,20,5.46,Orange,Male,,Yes,Yes,New York,wet,SICK,Jan 5 2024,68.26,B,17.0,59.6,B,46.0,26.41,B,41.0,18.75,a,62.0,49.4,B,93.0,58.16, ,82.0,80.05,C,54.0,10.05, ,96.0,68.86,A,12.0,65.41,D,22.0,47.23,A,56.0,69.14,Unknown
841,Oreo,,13,3.12,Mixed,Female,Y,YES,Yes,Toronto,Dry,SICK,,26.75,A,84.0,44.31,A,85.0,51.71,A,7.0,33.24,Unknown,88.0,36.48, ,8.0,55.75, ,65.0,55.6,Unknown,90.0,45.05,B,69.0,41.35,D,90.0,50.55,a,27.0,41.55, ,50.0,58.7, 
842,Nala,Sphynx,21,3.69,White,Female,Yes,NO,Yes, london,Wet,Checkup Needed,05/01/2024,46.17,a,7.0,84.71,Unknown,16.0,54.22,B,17.0,89.13,b,73.0,91.22,Unknown,31.0,37.6,C,,65.23,C,98.0,71.57,A,44.0,67.91,A,49.0,46.94,B,25.0,54.85,D,10.0,60.76,C
843,Leo,Abyssinian,5,6.73,,female,N,YES,No,,Wet,healthy,,56.25,Unknown,86.0,66.03,B,19.0,57.24,D,45.0,58.65,b,96.0,63.59,C,32.0,42.33,C,89.0,64.68,Unknown,74.0,48.86,b,51.0,69.42,A,64.0,43.28,Unknown,97.0,56.3,b,41.0,56.4,a
844,Bella,SIAMESE,-1,5.49,White,female,Y,,,Toronto,wet,Healthy,05/01/2024,62.57,D,,68.44, ,97.0,68.13,a,,46.77,Unknown,41.0,11.16,b,,52.67,b,57.0,70.08,b,18.0,50.09,B,62.0,31.4,A,35.0,31.02,a,,94.66,a,85.0,45.61,D
845,Nala,Ragdoll,0,3.67,Orange,female,No,No,Yes,Berlin,Dry,Checkup Needed,Jan 5 2024,81.74,a,71.0,44.52,C,49.0,56.56,A,24.0,,b,74.0,53.88,D,92.0,30.09,a,82.0,27.77,Unknown,22.0,19.08,A,72.0,47.97,D,13.0,28.57, ,32.0,52.42,a,29.0,40.4,D
846,Loki,Scottish Fold,11,5.75,Gray,M,Y,Yes,Yes, london,Dry,Checkup Needed,05/01/2024,17.4,C,56.0,41.02,a,48.0,38.53,D,99.0,30.47,A,82.0,21.55,A,28.0,57.67,D,70.0,60.07,D,18.0,49.77,b,75.0,26.13,C,61.0,63.55,D,41.0,58.71,Unknown,6.0,80.98,A
847,Chloe,Maine Coon ,22,4.76,Gray,F,N,,,Tokyo,Wet,SICK,,36.9,C,,41.67,B,93.0,8.29,C,59.0,32.3,D,90.0,96.72,Unknown,,41.8,D,50.0,51.2,a,15.0,50.16,C,42.0,30.07, ,18.0,32.23, ,8.0,39.37,Unknown,78.0,48.22,C
848,Milo,Sphynx,19,5.82, WHITE,male,yes,No,Unknown,London,Wet,healthy,,21.7,C,27.0,43.64,A,59.0,37.0,A,56.0,69.59,b,23.0,80.88,b,78.0,66.33,B,,44.76, ,,44.95, ,88.0,55.22,D,8.0,62.03,D,80.0,35.46,A,75.0,31.22,C
849,Simba, Persian,15,5.77,Orange,Unknown,No,YES,Unknown,London,Wet,Sick,,21.67,a,10.0,64.56,B,82.0,79.09, ,67.0,91.16,a,71.0,47.82,A,29.0,22.36,C,55.0,37.03,B,,20.96,a,,50.78,D,56.0,39.46,B,34.0,71.22,A,32.0,20.18,C
850,Nala,ragdoll,21,5.42,,female,no,NO,Yes,TOKYO,dry,,2024/01/05,65.65,A,95.0,19.97,C,43.0,45.44,C,41.0,45.34,Unknown,20.0,56.09,B,,41.44, ,62.0,85.07,C,,39.65,C,25.0,67.19,a,73.0,25.49,Unknown,93.0,30.28,D,26.0,52.84,D
851,Milo,Unknown,1,4.23,Brown,female,no,,Unknown,Toronto,Dry,,2024-01-05,27.42,D,78.0,62.57,Unknown,79.0,,b,41.0,53.44,b,8.0,11.55,C,35.0,64.34,C,2.0,error,a,16.0,55.86,Unknown,,27.95,a,,22.57,a,31.0,9.44,C,82.0,30.52, 
852,Oliver,maine coon,-1,5.05,,Female,,Yes,Unknown,London,wet,Checkup Needed,2024/01/05,56.91,B,14.0,51.58,C,31.0,64.31,a,77.0,73.18, ,1.0,,D,29.0,73.3, ,46.0,36.1,B,35.0,30.84,C,,23.34,C,48.0,28.32,b,99.0,20.75,b,36.0,69.17,b
853,Milo,,4,5.76,Gray,Male,No,YES,Yes,Tokyo,wet,healthy,2024/01/05,34.73,Unknown,12.0,20.16,B,85.0,57.21,b,,64.25,B,8.0,20.47,C,23.0,49.9,Unknown,11.0,34.61,b,49.0,34.96,C,55.0,42.13,Unknown,62.0,40.24,B,73.0,35.67,Unknown,27.0,61.41,D
854,Oreo,Unknown,22,4.16,Mixed,F,Y,YES,Unknown,Paris,Mixed,Sick,05/01/2024,31.16, ,21.0,34.11,b,36.0,44.65,B,42.0,47.12, ,34.0,29.56,Unknown,77.0,86.01,a,42.0,42.74,Unknown,,58.49,a,22.0,56.76, ,37.0,54.13,B,72.0,65.95,A,,48.82, 
855,Milo,Bengal ,0,3.98,Brown,Male,Y,,,Berlin,Mixed,SICK,2024/01/05,54.88,A,21.0,92.7,D,80.0,64.09,A,66.0,14.87,D,74.0,72.02,Unknown,57.0,50.33,b,75.0,35.31,A,,58.25,a,30.0,56.78,A,,64.33,b,83.0,50.34,a,23.0,44.77,B
856,Simba,Ragdoll,21,6.22,Gray,male,No,YES,Yes,New York,dry,Healthy,2024/01/05,28.46,C,9.0,57.38,Unknown,,61.56,a,50.0,51.2,A,13.0,83.19,Unknown,,33.01,D,9.0,82.96,A,76.0,64.66,B,92.0,87.83,A,24.0,74.03, ,83.0,unknown,b,74.0,34.99,a
857,Bella,Unknown,6,7.19,Brown,M,,,No,Berlin,,Checkup Needed,2024/01/05,46.83,D,33.0,87.95, ,83.0,68.43,b,18.0,49.04,b,21.0,31.15,B,38.0,60.29,Unknown,34.0,25.47,a,85.0,79.21,A,42.0,52.56,C,87.0,83.67,a,37.0,61.9,A,86.0,41.02, 
858,Lucy,British Shorthair,23,4.1,Gray,Unknown,,NO,No,London,,healthy,,61.89,a,0.0,18.89,B,70.0,38.6,Unknown,11.0,70.27,b,75.0,55.05,b,,96.44,C,42.0,18.01,B,37.0,92.16,C,46.0,46.25,A,40.0,54.15,b,65.0,85.16,C,66.0,56.79,C
859,Oreo,bengal,4,4.24,Gray,,no,,Unknown,New York,dry,Sick,,76.26, ,48.0,110.76,A,54.0,48.77,C,17.0,48.89,a,0.0,38.04,Unknown,1.0,44.42,B,67.0,54.09,B,54.0,51.27, ,67.0,64.63,D,34.0,37.67,b,18.0,28.16, ,26.0,50.76,C
860,Luna,SPHYNX,7,3.65,black ,Male,yes,NO,Unknown,,Dry,Checkup Needed,Jan 5 2024,25.54,a,30.0,29.97,A,92.0,51.51,A,33.0,45.22, ,48.0,33.07,A,92.0,44.7,A,,33.59,D,57.0,13.77,A,78.0,66.22,A,95.0,70.62,a,98.0,9.23,A,47.0,60.78, 
861,Loki,maine coon,22,27.839999999999996,,male,no,YES,,Paris,,Healthy,2024-01-05,41.13,B,14.0,64.95, ,84.0,64.53,Unknown,,28.99, ,46.0,52.88,b,2.0,47.87,B,69.0,54.06,C,36.0,67.81,b,39.0,54.24,Unknown,22.0,67.56,a,96.0,54.79,b,23.0,36.25,C
862,Milo,ragdoll,3,2.32,Mixed,F,no,NO,No,Tokyo,wet,SICK,,38.5,b,70.0,44.14,D,23.0,48.55,Unknown,97.0,45.56,C,32.0,48.27,D,74.0,51.47,Unknown,,error,C,37.0,50.88,b,87.0,60.86, ,85.0,38.62,Unknown,17.0,75.63,a,34.0,63.65,Unknown
863,Milo, Maine Coon,14,3.8,,Female,yes,NO,Yes,Toronto,dry,Checkup Needed,05/01/2024,38.77,D,41.0,32.24, ,63.0,84.18,D,3.0,51.25,a,6.0,20.85,Unknown,52.0,58.06,D,63.0,38.67,B,61.0,50.35,Unknown,54.0,,b,77.0,33.19,A,6.0,50.27,b,,73.61,A
864,Tiger,SCOTTISH FOLD,14,5.02,,M,Y,NO,,Toronto,wet,,,58.81, ,16.0,90.62,C,62.0,32.78,Unknown,37.0,62.45,C,20.0,36.48, ,22.0,70.53,A,53.0,64.2,b,,31.23,Unknown,67.0,50.73,b,48.0,56.75,a,56.0,42.21,a,22.0,53.91,D
865,Smokey, Maine Coon,23,4.47,,male,No,No,No,TOKYO,wet,Sick,2024/01/05,16.2,D,,65.41,A,70.0,81.53,D,74.0,48.71,D,51.0,27.07,D,78.0,44.46,b,58.0,58.4,Unknown,44.0,45.28,b,87.0,76.49,a,25.0,84.78,a,8.0,57.62, ,8.0,52.26,C
866,Kitty,persian,2,4.97,,Unknown,N,,Unknown,London,,SICK,2024-01-05,31.68, ,75.0,66.46,a,46.0,68.76,Unknown,95.0,41.19, ,20.0,63.04,b,62.0,43.17,A,41.0,61.75,Unknown,73.0,48.86, ,54.0,72.26,D,88.0,29.58,D,90.0,50.18,Unknown,97.0,57.76,b
867,Oreo,Unknown,12,3.51,,Unknown,N,YES,Unknown,New York,,,,50.22,C,90.0,44.7,D,91.0,31.09,B,,81.74, ,77.0,56.63,a,12.0,82.49,b,26.0,87.11,b,,49.19,B,62.0,26.45,b,14.0,50.12,D,59.0,50.91,B,,70.57,Unknown
868,Kitty,Unknown,4,6.32,Black,,Y,YES,Unknown,Berlin,,,,35.51,D,57.0,56.96,C,96.0,67.06, ,45.0,44.33,b,47.0,6.21,B,,21.6,a,19.0,67.79, ,5.0,29.1,A,84.0,46.2,a,82.0,34.09,B,37.0,47.54,a,82.0,57.92,D
869,Luna,maine coon,-2,5.31,Gray,,,,No,Sydney,Mixed,Healthy,2024/01/05,18.69,Unknown,67.0,23.83,a,61.0,57.32,C,5.0,61.08,C,67.0,18.77,C,22.0,47.55, ,37.0,56.49,a,60.0,59.05,B,52.0,69.84,Unknown,96.0,31.63,D,16.0,49.01, ,96.0,89.62,A
870,Oliver,Persian,12,4.48,Mixed,F,no,,Yes,Paris,dry,Healthy,,86.23,b,83.0,53.23,b,1.0,32.19,B,,44.96,a,23.0,73.96, ,73.0,76.47,b,,73.21,C,76.0,41.74,Unknown,95.0,88.68,C,64.0,40.59,B,48.0,72.58,A,61.0,55.9,Unknown
871,Leo,Ragdoll ,7,3.35,Gray,male,No,No,Unknown, london,Wet,healthy,05/01/2024,52.26,b,1.0,97.98,Unknown,70.0,51.61, ,86.0,48.44,D,36.0,87.03,a,8.0,38.58,Unknown,30.0,52.2,Unknown,59.0,35.4,D,8.0,35.05,A,70.0,34.3,A,74.0,28.27,b,18.0,52.22,D
872,Simba,Persian,2,3.22,black ,female,Yes,,Yes,TOKYO,wet,healthy,05/01/2024,N/A, ,34.0,68.82,A,58.0,35.25,A,96.0,40.23,Unknown,69.0,46.67,B,69.0,37.91,a,9.0,22.77,A,45.0,37.43,D,38.0,61.25,A,34.0,63.39,Unknown,97.0,69.89,Unknown,37.0,36.81,a
873,Smokey,,13,3.76,black ,F,yes,,No,TOKYO,,Healthy,2024/01/05,54.69,A,36.0,70.82,b,,53.35,a,18.0,63.01,A,45.0,81.2,D,,44.62,A,29.0,43.39,Unknown,39.0,77.31,Unknown,30.0,55.13,a,30.0,71.62,A,17.0,29.24,C,62.0,32.11,A
874,Shadow,Siamese ,16,4.81,Mixed,F,Y,NO,Unknown, london,Wet,Healthy,Jan 5 2024,44.05,C,88.0,69.07, ,2.0,52.38,D,21.0,41.04,C,90.0,62.62,C,4.0,44.67,D,12.0,52.37,B,37.0,87.62,A,,39.88,Unknown,53.0,77.97,A,,56.68,a,47.0,48.14,D
875,Oreo,,13,3.72,Black,male,N,YES,Yes,Berlin,Wet,SICK,2024/01/05,34.87,C,69.0,41.2,Unknown,,58.11,D,39.0,40.47, ,1.0,61.6,b,80.0,69.53,a,4.0,64.74,D,92.0,40.75,B,18.0,26.4,A,90.0,,b,60.0,65.02,a,20.0,25.84,Unknown
876,Oliver,Unknown,0,5.24,Black,Unknown,N,,No,Sydney,Mixed,healthy,,95.76,A,43.0,36.72, ,13.0,62.05, ,17.0,31.03,Unknown,,error,a,4.0,51.03, ,78.0,66.9,b,10.0,63.43,B,5.0,72.09,D,,35.54, ,4.0,53.16,Unknown,66.0,70.51,b
877,Lucy,,2,4.26,Mixed,Unknown,yes,,,,,Healthy,,46.33,C,37.0,57.21,C,47.0,28.93,a,4.0,95.21,Unknown,40.0,,a,29.0,14.23,B,49.0,32.5, ,77.0,109.08,Unknown,64.0,45.16,D,88.0,48.53,b,80.0,52.59,a,40.0,46.43,A
878,Loki, Persian,5,4.91,Black,F,,,Yes,Sydney,dry,Checkup Needed,2024-01-05,24.17,b,,73.13,C,55.0,73.67,B,85.0,83.12,Unknown,88.0,72.15,C,67.0,74.23,b,25.0,65.91,B,51.0,9.9,a,19.0,70.59,B,0.0,14.36,a,73.0,,Unknown,29.0,67.57,Unknown
879,Shadow,British Shorthair ,15,5.51,Black,F,Y,NO,Unknown,London,wet,SICK,05/01/2024,62.59,a,19.0,31.99,D,77.0,44.12,A,26.0,97.66,a,2.0,79.49,A,10.0,59.02,D,91.0,62.78,b,64.0,38.0, ,6.0,41.22,D,,51.88,Unknown,63.0,69.23,A,60.0,73.67,A
880,Oreo,Unknown,9,6.26,,Unknown,N,,Yes,,Mixed,healthy,2024/01/05,58.59,b,82.0,57.89,A,53.0,27.89,A,49.0,23.2,D,52.0,51.82,A,18.0,70.38,A,37.0,-15.04,D,52.0,30.3,C,84.0,25.22,b,83.0,67.27,C,1.0,36.68,a,23.0,54.94,C
881,Luna,bengal,7,4.79, WHITE,male,no,NO,Unknown,TOKYO,Mixed,Sick,,90.61,D,91.0,81.52,C,9.0,62.85,b,22.0,72.4,Unknown,97.0,3.75,B,26.0,58.74,A,0.0,26.66,D,47.0,38.3,D,25.0,37.1,B,78.0,16.71,A,56.0,69.34,b,48.0,20.41,C
882,Smokey,Ragdoll ,13,4.12, WHITE,,No,YES,Unknown,Paris,Wet,,Jan 5 2024,80.98,D,89.0,unknown, ,54.0,66.96,C,87.0,30.19,C,85.0,50.48,A,67.0,23.04,Unknown,81.0,39.93,b,32.0,76.57,b,68.0,42.55,b,39.0,65.38,B,74.0,55.82,a,95.0,57.67,a
883,Kitty,Bengal ,20,5.49,Brown,Female,,No,Yes,TOKYO,Mixed,healthy,2024-01-05,46.56,A,31.0,21.63, ,14.0,73.08,b,42.0,75.97,C,44.0,38.56,Unknown,61.0,62.76,b,70.0,67.42,a,36.0,N/A,b,68.0,49.45,a,76.0,36.52, ,70.0,27.85,C,34.0,12.39, 
884,Shadow,British Shorthair,18,3.02,White,M,No,NO,Yes,Sydney,dry,Healthy,Jan 5 2024,51.95,C,22.0,41.61,B,83.0,60.84,Unknown,13.0,29.5,C,74.0,45.59,b,37.0,75.62,A,59.0,61.97,b,93.0,48.15,Unknown,17.0,32.67, ,26.0,56.48, ,91.0,16.95,a,8.0,71.25,A
885,Oliver, Maine Coon,20,5.73,Orange,Unknown,,,,New York,dry,healthy,05/01/2024,55.67,Unknown,1.0,100.05,C,,33.14,Unknown,84.0,24.42,a,96.0,93.55,A,81.0,43.86,B,90.0,54.99,A,39.0,79.74,C,91.0,75.9,D,65.0,43.37,b,49.0,76.68,a,32.0,-0.33,a
886,Loki,Ragdoll,8,1.21,White,female,N,YES,Yes,New York,wet,,2024-01-05,42.41,C,33.0,70.25,D,,13.49,b,0.0,24.2,a,61.0,40.07,C,12.0,51.39,b,93.0,46.72,B,87.0,76.19,a,94.0,63.4,b,27.0,35.49, ,,53.53,Unknown,72.0,37.43,b
887,Simba, British Shorthair,22,2.89,Gray,Male,no,NO,No,,Wet,,,41.99,b,1.0,50.15,D,82.0,54.15,A,27.0,80.98,Unknown,83.0,29.84,a,,71.17,B,18.0,15.36,B,35.0,39.21,Unknown,86.0,67.76,b,65.0,73.01, ,8.0,69.76,C,29.0,48.14,D
888,Leo, Bengal,20,2.96,Brown,,,,, london,Dry,Sick,,49.53,B,38.0,89.55,b,38.0,83.81,A,7.0,51.82,A,24.0,19.95,A,38.0,66.25,b,78.0,68.77,b,20.0,10.31,D,35.0,53.92,Unknown,85.0,86.85,D,19.0,45.29, ,90.0,46.81,A
889,Luna,british shorthair,23,6.17,Orange,female,yes,Yes,Unknown,Sydney,dry,SICK,Jan 5 2024,72.21,b,54.0,75.02,a,26.0,21.45,b,82.0,80.13,C,30.0,65.49,b,36.0,52.29,A,30.0,54.46,b,6.0,58.84,Unknown,93.0,46.02,A,46.0,43.51,b,29.0,60.13,b,65.0,47.97,Unknown
890,Smokey,british shorthair,16,1.67,Black,M,Y,Yes,,TOKYO,Wet,Sick,,59.63,b,22.0,44.23,D,58.0,49.41,A,71.0,99.96, ,60.0,60.68,D,41.0,57.22,C,34.0,21.29,a,37.0,51.77,D,26.0,75.44,b,65.0,65.66,D,40.0,63.66,Unknown,50.0,77.96,C
891,Bella, Scottish Fold,21,4.75,White,Male,N,No,No,Tokyo,Wet,healthy,2024-01-05,87.37,b,78.0,59.3,Unknown,82.0,28.09,A,2.0,66.19,A,63.0,38.67,b,14.0,87.38,Unknown,51.0,70.55,B,10.0,45.92, ,98.0,55.52,A,16.0,61.02,a,6.0,96.2,C,86.0,39.99, 
892,Loki,,2,4.69,White,Male,Y,,Yes,Sydney,dry,,2024/01/05,39.63,b,,37.26,b,,32.28,Unknown,14.0,39.84,D,,22.06,D,13.0,32.64,Unknown,,60.13,C,34.0,59.25,Unknown,21.0,84.98,B,,69.66,C,97.0,42.8,b,37.0,18.95,a
893,Tiger,SPHYNX,-2,4.77,Brown,M,N,YES,Unknown,London,,,Jan 5 2024,47.68,Unknown,94.0,54.4,D,42.0,71.12,b,38.0,69.69,C,50.0,36.38,D,36.0,67.44, ,63.0,78.32,B,,51.05,b,76.0,44.11,B,63.0,64.86, ,56.0,34.51,b,84.0,37.28,C
894,Luna,ABYSSINIAN,15,3.72, WHITE,Male,no,NO,Yes,London,dry,,,71.51,B,,36.13,Unknown,,53.97,b,47.0,40.03,A,28.0,68.51,B,42.0,81.08,Unknown,10.0,51.51,C,55.0,60.64,B,8.0,73.83,a,19.0,36.58, ,,39.48,a,88.0,46.77, 
895,Tiger,Abyssinian,4,7.02,White,Male,N,YES,,Toronto,dry,Healthy,Jan 5 2024,24.41,A,63.0,41.87,a,7.0,70.42,B,,71.41,A,64.0,61.01,Unknown,84.0,15.19, ,64.0,46.08,C,15.0,44.66,b,23.0,48.38,A,24.0,42.24,Unknown,89.0,54.58,A,65.0,error,a
896,Oliver,scottish fold,2,6.81,black ,female,Y,No,Unknown,Berlin,wet,Healthy,,30.24,b,68.0,73.65,A,76.0,70.1, ,65.0,67.94,A,26.0,63.21, ,94.0,70.74,Unknown,64.0,15.33,D,65.0,47.5,b,92.0,50.72,Unknown,64.0,36.28,C,26.0,29.22,Unknown,,77.13,B
897,Leo,Sphynx,9,3.44,Mixed,F,N,NO,,,Dry,SICK,2024-01-05,48.71,B,47.0,46.03,b,58.0,41.31,A,25.0,41.1,A,72.0,67.02,b,14.0,29.95,Unknown,,41.22,Unknown,45.0,65.85,a,52.0,40.25,Unknown,20.0,36.71,A,99.0,77.98,C,67.0,unknown, 
898,Milo,,-2,5.3,Brown,F,,No,Unknown,New York,wet,SICK,Jan 5 2024,53.8,A,98.0,25.21,A,95.0,85.41,A,87.0,61.42,a,45.0,77.44,a,95.0,27.37,b,,37.66,b,72.0,64.71,C,86.0,108.54,B,61.0,30.44,A,80.0,54.86, ,14.0,43.04, 
899,Simba,Unknown,14,3.45,White,F,Y,YES,Yes,Toronto,Wet,Healthy,2024-01-05,51.47,D,63.0,63.7,B,47.0,67.33,a,31.0,24.66,Unknown,11.0,unknown,b,87.0,61.84,A,,58.19,C,51.0,73.7,A,44.0,26.43,D,54.0,78.81,A,31.0,48.54,Unknown,95.0,64.86,Unknown
900,Chloe,Siamese ,0,3.94,Orange,Female,No,Yes,Unknown,London,,,,70.93,B,94.0,60.13, ,56.0,70.99,a,24.0,54.35,B,56.0,67.51, ,95.0,57.84,C,53.0,8.92,C,,64.2,C,74.0,71.81, ,41.0,52.72,A,63.0,30.62,B,28.0,40.6,B
901,Milo,persian,24,5.03,,M,N,Yes,Unknown, london,,healthy,,46.74,a,26.0,30.62, ,67.0,47.69,a,10.0,29.62,D,81.0,60.92,A,28.0,40.38,A,95.0,29.53,a,93.0,-2.64,C,48.0,29.86,B,92.0,50.64,b,6.0,11.68,C,53.0,76.02,Unknown
902,Oreo,British Shorthair,8,3.2,Mixed,Male,no,,,Berlin,Dry,Healthy,2024-01-05,67.67,A,50.0,29.25,B,56.0,63.17,Unknown,12.0,39.59,D,,42.81,C,36.0,57.04, ,2.0,40.14,A,4.0,73.2,Unknown,66.0,48.88,b,43.0,51.71,B,,34.33,Unknown,73.0,35.47,C
903,Tiger,Unknown,5,5.4,Mixed,male,Yes,NO,,Berlin,,Sick,,22.49,A,74.0,60.98,D,40.0,75.45,D,39.0,17.22,b,53.0,53.74,Unknown,41.0,44.18,a,64.0,54.28,B,75.0,60.51,A,60.0,61.01,B,62.0,61.44,A,73.0,69.6,B,86.0,17.36,A
904,Leo, British Shorthair,4,5.31,Brown,Male,No,No,No,TOKYO,Dry,,2024/01/05,54.43,Unknown,53.0,47.92,a,,51.39, ,40.0,32.18,A,95.0,50.23,B,21.0,23.79,b,8.0,44.14,A,50.0,48.75,a,50.0,44.58,D,40.0,75.53,B,19.0,65.63,Unknown,,25.91,A
905,Chloe,Unknown,20,3.45,White,Female,Y,,Unknown,TOKYO,,,2024-01-05,41.05,C,37.0,error,Unknown,89.0,44.92,Unknown,91.0,29.51,a,68.0,62.98,C,30.0,36.34,b,42.0,46.76,Unknown,89.0,26.39,A,14.0,21.08,b,74.0,55.36,A,76.0,40.55,B,35.0,27.95,Unknown
906,Loki,Scottish Fold ,5,1.47,Orange,F,,Yes,Unknown,London,Dry,Sick,2024/01/05,36.57, ,96.0,51.34,a,79.0,25.8,B,14.0,70.85,a,19.0,39.02,Unknown,21.0,25.37,B,22.0,72.75,A,24.0,67.15,C,6.0,49.51,C,23.0,34.86,B,80.0,62.76,b,76.0,12.19,b
907,Chloe,scottish fold,21,5.23,black ,Female,No,,No,Berlin,Mixed,SICK,,52.19,Unknown,72.0,63.7,C,3.0,36.96, ,61.0,42.15,a,,42.57,b,3.0,70.1,B,26.0,39.71,b,41.0,52.95,A,31.0,31.47,b,95.0,47.78,b,98.0,25.28,A,41.0,30.47,B
908,Milo,MAINE COON,-2,5.07,black ,M,Y,NO,No,Tokyo,Dry,,,20.26,A,37.0,47.2, ,28.0,59.47,Unknown,,57.12,D,90.0,34.97,B,62.0,20.92, ,26.0,41.65,b,20.0,37.13,C,24.0,57.39,D,60.0,49.11,A,,63.58,Unknown,13.0,66.45,B
909,Simba, Scottish Fold,7,5.84,Orange,male,Y,NO,No,New York,Dry,Healthy,2024/01/05,26.02,B,44.0,39.84,b,43.0,32.61,a,82.0,50.26,b,13.0,78.19,A,,45.76,B,,45.06,Unknown,88.0,56.24,b,41.0,28.48,A,13.0,42.62,A,12.0,41.49, ,29.0,46.63,A
910,Loki,Maine Coon ,9,3.44,Mixed,F,no,,,Tokyo,Dry,Checkup Needed,,35.85, ,39.0,86.82,D,,59.24,Unknown,18.0,32.71,B,89.0,30.99, ,74.0,18.87,A,54.0,24.56,D,,59.6,Unknown,45.0,28.91,B,55.0,42.44,Unknown,40.0,37.56,b,,68.7,C
911,Luna,,10,4.13,White,female,N,,Yes, london,,,,70.64,a,30.0,78.18,Unknown,63.0,13.26,Unknown,57.0,53.86,C,47.0,75.1, ,11.0,52.25,a,16.0,55.58, ,75.0,74.08,a,28.0,71.62,C,81.0,97.88, ,58.0,66.11,B,27.0,51.33,A
912,Chloe,Abyssinian,18,2.41,black ,Male,,YES,Yes,Berlin,Mixed,healthy,05/01/2024,49.45,C,99.0,31.68,A,89.0,77.09,Unknown,6.0,77.56,Unknown,24.0,44.06,b,8.0,100.16, ,66.0,N/A,D,88.0,3.97,Unknown,36.0,22.07,a,61.0,51.4,b,7.0,16.59,A,62.0,38.01,Unknown
913,Oliver,RAGDOLL,15,5.95,Black,Unknown,No,NO,,,dry,Healthy,,13.57,B,,70.84,a,55.0,61.01,D,79.0,89.35,C,88.0,65.65, ,10.0,58.15,D,53.0,43.84, ,50.0,86.02,A,33.0,error,Unknown,90.0,66.35, ,8.0,104.86, ,99.0,77.02,D
914,Smokey,Unknown,2,6.2,black ,F,,,No,TOKYO,wet,Checkup Needed,Jan 5 2024,18.79,Unknown,85.0,37.63,a,73.0,76.62,C,,68.18,D,82.0,46.3,a,,77.81, ,25.0,45.4,Unknown,46.0,72.02,C,42.0,86.8,Unknown,37.0,69.51,B,42.0,54.77,b,1.0,error,C
915,Chloe,,7,7.62,Orange,Unknown,,Yes,Yes,London,Wet,Sick,,37.16,C,5.0,63.33,B,29.0,78.42, ,7.0,68.19,B,11.0,50.93,B,30.0,35.07,b,35.0,41.8,Unknown,98.0,45.82,C,62.0,38.6,B,1.0,39.88, ,,44.08,Unknown,3.0,39.46,a
916,Simba,Unknown,13,4.54,black ,Unknown,Y,NO,Yes,Tokyo,Dry,healthy,2024-01-05,71.5,a,46.0,59.26,D,97.0,66.07, ,93.0,12.52,a,48.0,39.75,a,5.0,36.89,a,29.0,43.69,D,50.0,error,D,96.0,28.33,b,43.0,55.55,Unknown,84.0,80.81,A,79.0,55.76,D
917,Loki,,3,4.4,,Unknown,yes,Yes,, london,Mixed,SICK,,66.23, ,72.0,56.87, ,76.0,56.87,A,,53.43,A,5.0,41.63,A,69.0,52.29,a,,61.84,A,40.0,27.52,a,1.0,64.83,B,53.0,26.44,A,,95.83,a,27.0,28.3,D
918,Luna,persian,7,4.28,black ,,no,,Unknown,Paris,wet,Sick,,29.34,C,78.0,31.15,a,59.0,55.17,C,7.0,30.83,A,,62.06,a,,46.35,C,60.0,33.58, ,40.0,unknown,a,,45.71,B,36.0,26.38, ,59.0,62.96,Unknown,85.0,35.95,a
919,Oliver,sphynx,14,5.14,Orange,Female,no,YES,, london,Mixed,SICK,2024/01/05,45.23,B,85.0,37.14,D,73.0,36.61,D,26.0,44.22,A,43.0,46.71,Unknown,6.0,71.25, ,89.0,38.07,A,29.0,53.97, ,83.0,unknown,C,48.0,28.79,b,78.0,45.63,A,34.0,52.21,B
920,Kitty,RAGDOLL,4,3.98,Brown,Male,no,YES,Unknown,New York,,healthy,,76.9,b,39.0,39.15,C,,53.7,C,91.0,59.41,D,11.0,35.32,C,51.0,48.56,Unknown,72.0,40.17, ,10.0,55.76,b,24.0,57.69,b,,84.92,A,94.0,52.0,C,63.0,50.68,b
921,Shadow,Unknown,2,4.62,Orange,,no,,,Toronto,Mixed,Healthy,,56.51,b,,19.25,b,,57.39,B,25.0,32.75, ,48.0,70.24,Unknown,61.0,77.71,B,8.0,74.72,A,24.0,46.21,C,,50.69,D,67.0,,A,19.0,58.88,A,64.0,54.98,A
922,Oliver,PERSIAN,2,5.93,Brown,M,Y,No,,,Wet,SICK,,59.67,A,12.0,48.12,b,98.0,53.26,b,60.0,57.35,C,62.0,30.38, ,,37.92,a,36.0,73.45,Unknown,80.0,63.17,B,4.0,57.36,B,72.0,6.24,a,70.0,32.74,A,29.0,35.35,D
923,Loki, Abyssinian,15,0.11, WHITE,Female,,NO,, london,Dry,Sick,2024/01/05,58.39,B,,49.16,D,42.0,28.68, ,25.0,65.05,A,41.0,52.2,b,,35.57,A,38.0,48.31,a,57.0,83.39, ,29.0,56.83,a,71.0,44.46, ,50.0,39.79, ,50.0,27.13,a
924,Smokey,Unknown,9,2.64,,F,Y,Yes,Yes,Berlin,Mixed,Sick,,31.17,Unknown,38.0,55.55,Unknown,69.0,22.55,b,44.0,18.05,a,49.0,50.43,b,84.0,73.26,B,2.0,61.77,B,63.0,26.68,a,64.0,71.84,D,5.0,75.98,b,32.0,71.63,b,7.0,24.4,b
925,Shadow,BRITISH SHORTHAIR,5,4.24,Black,Female,Y,No,No,Sydney,dry,,,88.24,A,73.0,27.85,C,14.0,49.55,a,47.0,26.55,a,88.0,49.14,D,90.0,45.76,Unknown,81.0,14.06, ,69.0,68.29,D,31.0,70.83,D,23.0,72.7,A,37.0,64.84,a,73.0,48.76,C
926,Shadow,Unknown,9,4.32,Brown,,no,YES,Unknown,Toronto,Mixed,Healthy,,23.24,b,30.0,51.31,a,12.0,60.71,a,41.0,51.94,A,8.0,81.42,b,37.0,47.47,A,43.0,78.54,A,95.0,64.56,b,86.0,51.88, ,,40.57,D,86.0,25.07,A,69.0,29.91, 
927,Smokey,BENGAL,11,4.26,Mixed,F,,NO,No,Paris,Dry,SICK,,53.56,b,23.0,61.17,b,89.0,64.97,A,96.0,42.1,D,96.0,24.92,Unknown,27.0,63.49,A,20.0,21.33,C,,44.09,D,50.0,64.54,b,,67.69,b,,45.06,A,73.0,55.59,B
928,Bella,maine coon,9,3.76,Mixed,Unknown,yes,,Yes,Toronto,Dry,Healthy,2024/01/05,51.62,a,84.0,81.89,C,,34.74, ,17.0,63.04,D,67.0,27.99,b,53.0,60.81,C,,19.9, ,94.0,60.59,b,66.0,26.1,C,68.0,66.88,a,93.0,64.16,B,66.0,44.26, 
929,Loki,Siamese ,8,2.23,White,Unknown,,YES,Unknown,Sydney,,,05/01/2024,39.72,a,93.0,111.45, ,,38.66,D,74.0,74.47, ,65.0,72.66,b,78.0,78.24,C,1.0,46.97,B,84.0,68.42,B,39.0,58.45,Unknown,11.0,18.7,B,93.0,63.91,a,52.0,66.59,D
930,Chloe,ragdoll,-2,3.76,black ,Female,,,No, london,dry,,2024-01-05,62.82, ,24.0,53.17,B,40.0,35.12,a,43.0,19.7,D,,64.14,b,34.0,65.9,a,57.0,70.95,Unknown,95.0,47.67,C,57.0,64.56,a,,57.31,Unknown,96.0,-4.72,a,70.0,24.12,A
931,Loki, Persian,-1,4.33,black ,Male,Yes,,Yes,,Mixed,Checkup Needed,,47.33, ,44.0,79.89,C,,46.85,B,66.0,67.74,Unknown,2.0,57.94,B,43.0,59.64,C,93.0,37.76,D,27.0,65.72,Unknown,39.0,5.53,Unknown,11.0,65.41,C,40.0,30.34,a,16.0,33.92,B
932,Shadow, British Shorthair,10,7.03, WHITE,male,Yes,Yes,No,London,Wet,healthy,05/01/2024,64.98,D,91.0,59.19,C,15.0,17.17,Unknown,77.0,27.82,Unknown,7.0,19.83,Unknown,45.0,37.15,b,94.0,65.48,D,36.0,51.35,b,79.0,75.72,A,39.0,36.82,Unknown,14.0,49.94,B,80.0,46.22,C
933,Chloe,Unknown,13,4.02,Mixed,Unknown,Yes,,No,Toronto,Dry,healthy,2024-01-05,54.91,Unknown,83.0,14.76,b,62.0,39.64,D,83.0,74.98,B,92.0,35.71,b,12.0,38.04, ,51.0,36.24,D,42.0,82.14,B,30.0,31.51, ,51.0,37.47,Unknown,61.0,52.38, ,5.0,15.85,Unknown
934,Smokey,,0,5.28,White,Unknown,Yes,NO,Unknown,Paris,dry,Sick,Jan 5 2024,37.72, ,,60.43,B,70.0,38.98,b,46.0,55.4,D,67.0,42.55,C,26.0,,a,93.0,40.25, ,15.0,19.0,a,18.0,82.85,C,36.0,34.87, ,82.0,54.93,b,54.0,98.33,B
935,Nala,British Shorthair ,8,3.94,Gray,F,N,YES,,Berlin,,Checkup Needed,Jan 5 2024,3.1,B,93.0,61.94,A,67.0,8.8, ,78.0,37.68,D,90.0,63.6,C,,63.4, ,24.0,61.24,a,9.0,73.65,b,30.0,33.76,D,66.0,42.96,B,70.0,69.79,a,,88.85, 
936,Milo,abyssinian,8,5.86,Mixed,Male,No,YES,,,Mixed,healthy,,40.53,C,22.0,75.89,a,57.0,33.82,b,22.0,57.57, ,66.0,27.57,b,,21.77,b,74.0,55.01,B,26.0,82.32,a,96.0,117.83,a,99.0,49.13,C,49.0,30.47,Unknown,11.0,67.89,A
937,Bella,maine coon,10,5.04,Brown,Male,yes,Yes,Yes, london,wet,Checkup Needed,2024/01/05,76.52,Unknown,5.0,43.3,A,49.0,54.65,C,,54.34, ,9.0,82.09,C,9.0,55.1,D,33.0,44.36,b,25.0,13.5,C,,45.21, ,81.0,81.23,D,,54.26,A,28.0,15.48,a
938,Simba,bengal,8,3.67, WHITE,male,N,NO,Yes, london,Dry,healthy,2024/01/05,84.71,C,97.0,74.56,C,79.0,41.71,A,24.0,28.87,Unknown,0.0,39.41,A,72.0,77.66,b,38.0,64.96,B,78.0,77.57,B,56.0,24.17,b,80.0,32.91,A,47.0,81.4,D,2.0,42.58,C
939,Luna,Bengal,8,2.01,Black,F,,YES,Unknown,,,Checkup Needed,Jan 5 2024,13.96,a,86.0,74.74,C,56.0,38.41,B,,68.27,a,72.0,63.76,D,74.0,45.78,B,19.0,56.09,B,74.0,50.57,a,15.0,25.13,A,89.0,69.59,Unknown,5.0,48.24,b,46.0,22.14,D
940,Chloe,abyssinian,6,4.31,Brown,male,N,,,New York,Dry,Checkup Needed,2024/01/05,31.52,b,35.0,52.45, ,81.0,24.53,B,38.0,22.52, ,53.0,87.77,D,24.0,105.05,b,82.0,52.81,Unknown,1.0,14.28,D,54.0,52.37,B,96.0,42.8,Unknown,74.0,64.51,b,14.0,79.44, 
941,Milo,SCOTTISH FOLD,12,4.3,Gray,,Y,YES,Unknown,Sydney,,SICK,2024/01/05,38.77,b,,84.22,D,35.0,73.14,a,,50.2,B,35.0,48.84,b,68.0,23.84,Unknown,47.0,69.85,C,,67.37, ,55.0,28.92,b,75.0,97.11,a,28.0,73.15,B,97.0,32.83,a
942,Chloe,Unknown,5,3.48,black ,M,no,,,Toronto,wet,Sick,2024-01-05,35.52,a,,30.0, ,,62.79,C,22.0,68.19,A,86.0,55.67,b,3.0,64.03, ,18.0,26.28,A,70.0,61.57,B,,71.76,Unknown,96.0,31.58,C,92.0,85.29,C,30.0,53.52,Unknown
943,Leo,Unknown,13,4.31,White,,no,No,No,Berlin,,,2024/01/05,38.81,B,91.0,71.64,D,45.0,78.24,C,50.0,71.15,D,79.0,38.7,a,90.0,40.44,B,86.0,63.74,a,78.0,67.15,B,85.0,71.87,Unknown,31.0,34.6,D,0.0,56.41,A,13.0,32.94,A
944,Shadow,,11,8.59,Orange,F,Y,Yes,Yes,Paris,,healthy,2024/01/05,52.78,C,4.0,51.05,Unknown,18.0,66.72,Unknown,,23.38,b,16.0,55.59,Unknown,88.0,69.1, ,20.0,2.32,Unknown,36.0,20.88,D,29.0,104.9,A,6.0,53.98,C,,60.85,b,,83.21,D
945,Oliver,,24,3.89,,M,No,NO,,New York,dry,Checkup Needed,Jan 5 2024,51.75,C,93.0,45.99,C,33.0,40.64,B,33.0,25.95,a,39.0,66.43,a,75.0,70.19,D,92.0,14.59,D,21.0,32.1,D,54.0,unknown,b,82.0,26.99,A,91.0,49.08,Unknown,54.0,56.24,b
946,Nala,sphynx,7,2.9,Gray,Female,N,Yes,, london,Mixed,SICK,2024/01/05,78.66,a,,84.35,b,40.0,21.71,A,83.0,59.14,B,50.0,22.93,D,8.0,36.19,Unknown,34.0,36.92,b,35.0,16.11, ,26.0,51.68, ,9.0,57.2,a,50.0,48.31,D,47.0,72.35,A
947,Oliver,Unknown,6,4.38,Brown,F,no,No,No,New York,dry,Sick,,49.14,A,35.0,20.89, ,79.0,48.47,B,35.0,60.9, ,31.0,84.42,a,50.0,59.49,a,42.0,52.72, ,63.0,75.64,b,71.0,34.24,A,11.0,28.79,A,91.0,46.43,B,25.0,60.23,Unknown
948,Loki,ABYSSINIAN,10,5.75,Black,male,no,,Unknown,Tokyo,Mixed,,05/01/2024,79.71,C,34.0,3.36,D,47.0,34.41,A,50.0,26.14,D,61.0,49.72,a,,60.63,a,16.0,29.01,C,24.0,9.97,b,28.0,44.78,B,91.0,53.64,C,33.0,48.61, ,61.0,20.08,C
949,Oreo,Unknown,14,-0.1,Mixed,,Y,YES,,New York,,Healthy,2024-01-05,60.72,C,89.0,41.27,B,80.0,63.39,Unknown,68.0,39.13,Unknown,53.0,86.62,D,85.0,48.58,D,21.0,63.42,D,72.0,33.53,b,13.0,47.19,D,94.0,53.48, ,2.0,81.88,a,21.0,41.28, 
950,Smokey, Maine Coon,14,6.5,black ,Male,no,,,London,wet,Sick,,91.52,a,20.0,57.36,b,55.0,83.81,D,,39.74,D,38.0,64.85,a,64.0,64.23,B,22.0,75.58,b,10.0,33.71,a,52.0,25.44,B,46.0,68.19,Unknown,71.0,43.65,C,97.0,84.03,b
951,Nala,ABYSSINIAN,9,3.6,,,No,Yes,Unknown, london,,healthy,Jan 5 2024,34.04,D,66.0,34.85,D,1.0,67.33,b,32.0,36.3,Unknown,,64.22,b,97.0,19.93,A,34.0,59.48, ,47.0,49.5,A,18.0,59.34,b,72.0,9.9,A,91.0,54.15,B,53.0,47.33,b
952,Oliver, Bengal,-2,4.26,Gray,Unknown,N,,Unknown,TOKYO,Wet,healthy,2024/01/05,70.7,a,47.0,71.76,A,23.0,70.73, ,73.0,64.97,b,57.0,16.19,Unknown,26.0,94.29, ,20.0,22.47,Unknown,87.0,66.18,Unknown,0.0,19.04,a,75.0,71.3,Unknown,91.0,35.86,A,83.0,47.28,Unknown
953,Shadow, Ragdoll,10,4.5,Black,M,no,No,No,Sydney,wet,Sick,,26.4,C,44.0,36.4,D,17.0,79.81,a,96.0,83.12,A,29.0,52.14,b,78.0,55.69, ,17.0,63.12,C,93.0,73.47,b,69.0,29.26,D,89.0,30.47, ,91.0,48.27,Unknown,73.0,30.35,B
954,Nala,Scottish Fold ,0,2.15,Orange,F,Yes,YES,,Sydney,Dry,Checkup Needed,05/01/2024,34.14, ,,71.95,b,44.0,70.87,D,59.0,51.57,b,12.0,28.3,Unknown,51.0,39.9,A,,39.01,C,91.0,60.89,A,26.0,52.2,a,30.0,73.18,b,62.0,50.86,D,67.0,23.29,Unknown
955,Simba, Sphynx,20,3.51,Mixed,female,,Yes,,Sydney,,,,25.69,b,32.0,48.5,A,28.0,60.56,D,86.0,47.24,A,22.0,76.01, ,2.0,49.52,b,2.0,43.76,A,24.0,52.05,a,98.0,17.49, ,83.0,35.83,C,74.0,59.13,C,86.0,34.27,a
956,Chloe,,22,8.34,White,Male,N,NO,No,,,healthy,2024/01/05,37.0,b,83.0,N/A,A,77.0,21.46,D,30.0,47.21,b,71.0,51.84,a,77.0,56.71,Unknown,23.0,37.47,D,11.0,76.12, ,84.0,36.74,B,73.0,60.63,a,46.0,70.92,D,10.0,40.68,b
957,Lucy,Unknown,10,6.25,,F,,YES,Yes,New York,,Checkup Needed,2024-01-05,74.83,a,78.0,34.99,C,15.0,41.41,C,39.0,43.1,a,32.0,56.38,B,46.0,32.3,b,29.0,70.4,C,61.0,82.17,D,70.0,82.96,C,,35.86, ,33.0,9.33, ,4.0,45.69,D
958,Smokey,maine coon,17,3.72,,female,No,YES,No,,Mixed,,Jan 5 2024,46.07,Unknown,4.0,75.21,Unknown,21.0,69.49,a,25.0,93.83,b,79.0,45.37,B,4.0,31.09,B,61.0,70.03,b,79.0,47.02,B,96.0,42.28,b,37.0,57.8,b,97.0,50.98,Unknown,47.0,-4.13,B
959,Nala,Persian ,11,4.96,Gray,Female,Yes,No,,London,Wet,SICK,2024/01/05,27.93, ,39.0,55.37,D,29.0,error,D,47.0,,D,39.0,17.43,Unknown,62.0,45.38,D,,57.04,a,58.0,33.06,Unknown,,76.53,A,48.0,23.89,Unknown,46.0,37.3, ,96.0,36.51,A
960,Oliver,Abyssinian,5,4.7,,female,Yes,No,Unknown,Toronto,Mixed,SICK,2024/01/05,53.74,A,13.0,52.65,D,40.0,87.44,C,38.0,57.85,B,97.0,55.81, ,93.0,54.79,C,76.0,41.64,a,38.0,75.75,b,39.0,34.37,B,19.0,41.88,A,62.0,8.6,D,12.0,75.96,b
961,Leo,Bengal ,17,4.28,Gray,Unknown,N,NO,Unknown, london,Mixed,,,38.02,D,84.0,73.29,Unknown,65.0,67.53, ,,53.73,a,20.0,61.19,Unknown,32.0,60.94, ,98.0,57.5,A,27.0,error,Unknown,83.0,44.74,b,22.0,28.67,A,11.0,37.18,b,43.0,0.57, 
962,Smokey,Abyssinian,1,4.04,Black,M,N,No,Yes, london,dry,healthy,2024-01-05,45.7,Unknown,58.0,48.28,A,61.0,53.24,b,47.0,15.84,Unknown,43.0,18.83,D,41.0,56.96,A,66.0,52.88,Unknown,32.0,46.71,D,,94.69,B,6.0,7.24,D,,74.32,D,10.0,58.54,A
963,Leo,Unknown,19,4.53,black ,male,Yes,NO,,Berlin,Mixed,Sick,2024/01/05,36.6,B,53.0,40.97,A,9.0,66.8,C,7.0,60.48,C,83.0,39.26,b,66.0,51.37,b,,14.57,b,98.0,37.53,B,4.0,51.34,B,31.0,44.02,A,26.0,84.02,a,91.0,44.99,A
964,Tiger, Maine Coon,19,4.55,Black,Male,N,No,No,Berlin,Wet,Checkup Needed,2024/01/05,15.35,A,48.0,52.7,C,18.0,34.55,b,86.0,29.52,b,27.0,45.95,D,92.0,39.15,B,59.0,20.38,D,50.0,29.46,C,13.0,82.02,C,38.0,85.55,D,67.0,65.01,b,,47.83,b
965,Kitty,,18,2.95,Brown,Unknown,N,Yes,Unknown,TOKYO,,,05/01/2024,22.06,Unknown,96.0,67.37,a,43.0,25.57,Unknown,16.0,52.74, ,19.0,40.69,Unknown,51.0,43.15,a,64.0,67.97,D,30.0,52.79,a,43.0,45.57, ,12.0,52.91,Unknown,,54.5,D,,23.68,b
966,Luna,Persian,6,7.01,Brown,F,,No,Yes,New York,Wet,,2024-01-05,49.45,C,53.0,43.87, ,98.0,81.23,A,83.0,58.19,A,11.0,54.03,C,,64.12,D,97.0,36.31,a,53.0,65.16,C,65.0,100.7,C,19.0,75.95,D,8.0,25.3,C,43.0,60.56, 
967,Chloe,SIAMESE,8,0.55,Black,,no,NO,Yes,Berlin,wet,Sick,,88.47,B,71.0,46.87,B,81.0,26.77,Unknown,11.0,24.2,C,17.0,34.37,Unknown,23.0,6.4,a,56.0,27.65,a,40.0,52.27,a,,63.26,D,4.0,46.69,Unknown,13.0,68.71,C,95.0,17.08,Unknown
968,Leo,SCOTTISH FOLD,7,3.52,,male,no,Yes,Yes,London,wet,Checkup Needed,05/01/2024,78.96, ,67.0,53.81,D,39.0,68.12,B,55.0,49.66, ,79.0,42.81,D,66.0,46.61,A,65.0,40.93,A,0.0,41.67,Unknown,45.0,63.57,a,91.0,61.43,Unknown,45.0,62.79,D,63.0,63.87,D
969,Kitty,Unknown,0,3.78,Black,Unknown,No,YES,Yes,Tokyo,Dry,Checkup Needed,,54.03,B,6.0,43.03,C,49.0,44.2,A,86.0,60.82,A,89.0,67.17,B,,9.88,A,79.0,47.43,b,60.0,38.39,D,43.0,85.4,Unknown,24.0,31.86,B,,71.71,C,97.0,54.57,C
970,Lucy,SCOTTISH FOLD,12,4.44,black ,M,No,NO,No,Toronto,,Sick,,2.42,C,71.0,54.54, ,,84.78, ,67.0,38.88, ,2.0,66.36,B,83.0,11.54,a,35.0,32.31,B,47.0,58.34,b,35.0,14.65,D,55.0,63.95, ,32.0,80.25, ,,41.99,A
971,Leo,Unknown,9,3.34,Mixed,female,Y,YES,,Tokyo,,SICK,,57.35,D,73.0,76.17,D,64.0,35.54,C,1.0,63.36,A,93.0,61.88,D,,22.29,a,21.0,25.55,a,18.0,64.43, ,95.0,106.86,D,77.0,81.19,b,16.0,54.59,B,96.0,72.08,A
972,Shadow,,6,7.66,,M,no,NO,Yes,Paris,Dry,healthy,,74.76,Unknown,11.0,36.68,B,36.0,47.65,b,10.0,78.06,A,,89.98,a,29.0,3.96,C,,80.75,D,,63.8,Unknown,72.0,84.92,C,89.0,38.54, ,30.0,40.75,Unknown,,36.91,Unknown
973,Kitty,bengal,19,3.77,Brown,F,yes,,Yes,New York,,,,45.53,D,75.0,68.4,A,99.0,74.08, ,70.0,65.27,A,98.0,47.67,A,27.0,54.0,B,,65.67,C,,70.58,B,85.0,error, ,,56.68,b,51.0,41.71,a,42.0,62.59,a
974,Leo,Abyssinian ,21,3.83,Mixed,F,Y,YES,Unknown,New York,,Sick,05/01/2024,53.47,D,55.0,50.83,A,19.0,37.33,A,28.0,14.15,D,90.0,83.19,B,,34.01, ,36.0,80.5,Unknown,21.0,74.04,A,84.0,25.52,a,59.0,95.69,D,66.0,53.76,b,9.0,69.1,A
975,Oliver,,19,3.39,Brown,Unknown,yes,Yes,Unknown,TOKYO,wet,Healthy,,14.91,b,9.0,50.78,a,11.0,39.73,C,82.0,43.19,C,45.0,47.12, ,63.0,34.13,D,73.0,56.53,B,78.0,58.6,b,17.0,69.58,a,,88.45,b,77.0,58.5,Unknown,68.0,61.11, 
976,Oliver,abyssinian,18,6.36, WHITE,Unknown,no,NO,Unknown,Tokyo,,Checkup Needed,05/01/2024,66.12, ,47.0,95.37,D,86.0,48.91, ,99.0,64.58,a,15.0,59.94,D,68.0,62.3,A,,50.52, ,42.0,71.25,C,14.0,40.55,D,,37.31,B,39.0,58.65,Unknown,48.0,71.64, 
977,Oliver,,2,3.9, WHITE,Female,no,No,Unknown,Paris,dry,Sick,2024/01/05,33.91,Unknown,2.0,78.26,B,10.0,64.41,b,65.0,55.29,A,,62.61,B,46.0,58.83, ,95.0,59.92,C,,79.42,A,56.0,24.96, ,53.0,,C,30.0,50.5,B,58.0,53.93,Unknown
978,Kitty,Maine Coon ,13,4.41,Orange,Unknown,Y,No,No,New York,Dry,Sick,Jan 5 2024,21.27, ,,67.75,B,65.0,65.11, ,7.0,43.93,b,,63.96,a,45.0,40.92,a,90.0,76.27,D,19.0,88.89,D,,52.14,b,56.0,46.12,D,88.0,44.65,Unknown,,39.56,Unknown
979,Loki,British Shorthair ,5,3.6,Brown,female,Yes,No,Yes,Tokyo,wet,SICK,,17.77,b,20.0,66.18,a,95.0,48.18,B,67.0,40.9,Unknown,,35.07,b,45.0,72.0, ,52.0,54.98,D,,60.28,a,64.0,54.93,C,90.0,29.02,Unknown,99.0,39.07,b,92.0,48.5,C
980,Lucy, Bengal,22,3.64,Mixed,Male,yes,No,Unknown,Sydney,dry,healthy,,44.67,C,35.0,82.88,A,71.0,64.51,A,1.0,41.11,a,76.0,45.94,Unknown,27.0,44.61,a,82.0,38.91,a,61.0,69.11,C,48.0,58.03,b,15.0,64.56, ,14.0,43.51,a,87.0,23.82,a
981,Kitty,BRITISH SHORTHAIR,22,4.09,,female,No,,Unknown,Tokyo,Mixed,Checkup Needed,2024/01/05,32.1,C,75.0,32.23, ,37.0,107.53,D,92.0,50.3,D,48.0,51.48,C,92.0,57.24,Unknown,25.0,84.8,a,91.0,52.93,C,48.0,41.76,A,,69.07,B,82.0,43.97,C,82.0,37.97,Unknown
982,Luna,Persian ,19,6.26,black ,,,YES,Unknown,Tokyo,Mixed,Sick,05/01/2024,54.85,B,99.0,71.79,A,,65.41,B,60.0,57.19, ,14.0,70.36,a,72.0,35.53,C,20.0,51.05,A,45.0,44.53,C,85.0,40.3,Unknown,68.0,45.38, ,33.0,81.61, ,15.0,47.55,a
983,Loki, Maine Coon,20,5.09,Orange,F,Yes,NO,,Toronto,,,2024-01-05,21.95,B,39.0,29.32,D,95.0,42.5,A,99.0,46.6,C,44.0,56.97,C,22.0,14.7, ,,67.21,b,72.0,30.62,a,34.0,48.1,Unknown,92.0,45.03,C,40.0,54.41,D,90.0,42.81,A
984,Tiger, Maine Coon,4,5.81,White,female,N,Yes,,TOKYO,dry,,05/01/2024,61.28,C,92.0,85.33,a,70.0,83.48,B,91.0,55.69,a,31.0,unknown,A,76.0,10.35,D,93.0,75.68,a,88.0,55.49,D,24.0,63.66,D,53.0,76.27, ,39.0,58.33, ,15.0,70.02,C
985,Shadow, Persian,17,5.51,Orange,female,yes,YES,Unknown,Tokyo,Mixed,SICK,,54.75,a,,29.6, ,70.0,27.9,B,55.0,54.39,A,73.0,61.01,Unknown,,64.03, ,8.0,22.14,Unknown,27.0,68.69, ,5.0,44.62,a,49.0,,a,5.0,34.66,A,46.0,68.01,A
986,Oliver,Unknown,9,3.51,Orange,,No,No,Yes,Toronto,dry,SICK,,60.64,a,87.0,86.65, ,42.0,21.17,C,61.0,27.93,C,71.0,55.45,D,80.0,94.14,C,68.0,85.36,D,72.0,8.73,b,75.0,63.42, ,58.0,42.77,B,52.0,71.31,a,74.0,56.44,B
987,Milo,BRITISH SHORTHAIR,4,3.16,Black,,Yes,NO,,Toronto,dry,,,86.23,a,40.0,29.68,D,,61.32,C,88.0,61.46, ,14.0,83.36,Unknown,81.0,51.31,D,83.0,64.3,A,98.0,65.31, ,,41.29,b,76.0,44.63,A,40.0,55.87,B,18.0,13.13,b
988,Smokey,Bengal ,-2,5.73,Gray,female,Y,NO,Yes,London,dry,Sick,05/01/2024,59.25,C,20.0,75.29,D,73.0,70.76,C,81.0,40.93,a,40.0,91.61,D,87.0,62.24,A,11.0,40.57,b,81.0,48.74,a,24.0,67.9,b,34.0,80.18,D,46.0,62.51,D,58.0,41.94,A
989,Kitty,Scottish Fold,3,6.03,Brown,Female,yes,,No,Paris,dry,Sick,,35.45,B,38.0,56.3,B,17.0,83.96,B,19.0,-1.25,C,8.0,58.02,A,63.0,57.35, ,37.0,50.98,a,0.0,92.15,Unknown,8.0,11.02,D,,52.79,C,7.0,69.63,b,1.0,13.57,b
990,Milo,Scottish Fold ,20,4.03,Gray,male,Yes,No,No,TOKYO,dry,Healthy,Jan 5 2024,22.96,b,6.0,85.31,B,35.0,60.88,b,56.0,75.61,A,,38.85,b,88.0,45.94,B,,67.01,A,,39.99,Unknown,,unknown,B,12.0,13.07,B,61.0,41.7,C,49.0,31.23, 
991,Simba,SIAMESE,7,4.67,Mixed,male,yes,Yes,No,,Dry,Checkup Needed,05/01/2024,69.36,a,,34.4,C,5.0,50.44,B,39.0,73.46,D,93.0,19.14,D,26.0,62.3,D,36.0,54.26,b,94.0,102.03,Unknown,6.0,43.58,a,34.0,50.89,C,1.0,71.25, ,,56.56,A
992,Smokey, Abyssinian,19,3.37, WHITE,M,Yes,NO,,TOKYO,Dry,,,45.83,a,10.0,33.86,A,66.0,62.63,B,20.0,22.39,a,32.0,56.22,D,47.0,72.28,D,,60.06,A,53.0,45.38,C,,44.07, ,75.0,57.61, ,64.0,71.75,a,71.0,49.01,C
993,Bella,Unknown,18,5.75,Brown,F,Yes,YES,Yes,Tokyo,,healthy,2024/01/05,59.82,B,44.0,63.3,A,17.0,52.05,C,96.0,68.81,a,,46.51,b,43.0,39.95,B,,11.03, ,,42.84,a,76.0,58.68,A,84.0,58.42, ,96.0,52.18,D,94.0,60.72,a
994,Kitty, British Shorthair,9,4.32,black ,male,no,YES,No,London,Wet,Healthy,,68.43,Unknown,63.0,63.54,C,57.0,54.04,b,46.0,6.97,C,39.0,72.62,Unknown,83.0,12.33,B,95.0,39.79,B,52.0,45.47,B,71.0,4.61,a,80.0,47.3,A,9.0,49.29,A,91.0,50.65,C
995,Milo,sphynx,9,5.28,Mixed,Male,yes,No,Unknown,Berlin,wet,Checkup Needed,Jan 5 2024,59.59,D,98.0,60.1,B,16.0,86.91,A,60.0,79.7,D,48.0,26.44,D,7.0,-8.18,a,79.0,58.91,b,,81.71,B,96.0,74.4,a,19.0,46.36, ,79.0,31.58,Unknown,55.0,77.52,A
996,Chloe,Bengal ,1,5.42,Mixed,Unknown,Y,YES,Unknown,Tokyo,Wet,Sick,Jan 5 2024,59.65, ,17.0,64.93,A,96.0,43.32,A,30.0,71.62,a,64.0,54.02,A,27.0,33.1,D,84.0,62.52,a,58.0,62.76,D,61.0,13.17,Unknown,22.0,34.18,C,42.0,46.06,B,11.0,77.62,B
997,Kitty,ragdoll,-2,3.27,White,male,yes,NO,No,Paris,wet,,,23.02,B,7.0,34.94,Unknown,54.0,35.02,b,5.0,54.57,D,73.0,35.16,D,51.0,14.47,b,58.0,39.99,b,56.0,34.07,a,92.0,42.68,a,65.0,55.73,a,,63.44,a,67.0,51.36,Unknown
998,Tiger,,19,3.27,Gray,Unknown,N,,No,Sydney,Mixed,Healthy,,29.89,b,92.0,52.61,a,97.0,28.94,a,71.0,62.29,b,40.0,31.32,D,81.0,50.96,C,6.0,28.34,b,72.0,39.76,B,,64.44,b,,18.66,b,82.0,41.63,A,65.0,37.03,b
999,Kitty, Maine Coon,15,5.53,Orange,,no,,No, london,wet,healthy,05/01/2024,43.13,C,5.0,57.34,C,43.0,85.34,Unknown,50.0,24.3, ,37.0,60.7,b,84.0,43.05,A,30.0,42.98,Unknown,48.0,24.38,Unknown,26.0,30.99,B,30.0,52.48, ,54.0,34.05,B,24.0,37.03,A
1000,Kitty,Siamese,3,4.44,Black,Male,No,NO,Yes,Berlin,,Healthy,2024-01-05,81.22,b,53.0,36.42,a,26.0,29.04,D,67.0,31.08,b,46.0,50.89,a,,57.84,C,67.0,94.99,b,6.0,34.62,a,76.0,63.17,D,78.0,24.56,b,6.0,42.62,Unknown,82.0,N/A,b
1001,Kitty, Scottish Fold,13,6.14,Black,M,Y,,No,London,dry,,Jan 5 2024,53.44,B,16.0,70.83,b,87.0,61.02,Unknown,39.0,62.77, ,70.0,73.39,b,51.0,29.67,b,13.0,66.61,b,67.0,37.46,B,17.0,51.96, ,64.0,62.24,A,11.0,70.08,C,71.0,64.67, 
1002,Lucy,British Shorthair ,-1,5.12,black ,,Y,Yes,Unknown, london,dry,Checkup Needed,,N/A, ,,37.97,A,65.0,44.36,Unknown,15.0,7.38,D,20.0,23.36, ,35.0,58.54,b,65.0,17.6,C,60.0,61.64,b,34.0,70.85,D,40.0,41.7,a,78.0,71.15,A,86.0,40.08,a
1003,Oliver,SIAMESE,-1,4.84, WHITE,F,No,No,Unknown,,Dry,healthy,Jan 5 2024,95.03,b,93.0,37.26,b,27.0,69.92,C,76.0,80.94,A,81.0,62.98,D,55.0,46.37,Unknown,18.0,20.78,b,63.0,81.35,D,84.0,40.05,D,31.0,38.26,Unknown,63.0,110.28,C,12.0,55.55,B
1004,Bella,scottish fold,6,4.56,black ,M,N,,,Paris,,Sick,Jan 5 2024,53.49,A,23.0,45.21,B,91.0,42.14,Unknown,2.0,49.38,b,82.0,40.51, ,71.0,56.21,D,34.0,15.92,B,55.0,43.48,D,48.0,38.51,b,,60.18,B,83.0,64.55,B,6.0,43.81, 
1005,Oreo,SIAMESE,9,4.31, WHITE,Unknown,yes,YES,Unknown,TOKYO,dry,Sick,2024/01/05,87.89,C,20.0,67.33,B,74.0,53.03,C,,12.6,C,41.0,61.11,C,27.0,39.94,B,,90.28,Unknown,74.0,54.64,b,57.0,22.91,B,89.0,17.48,Unknown,28.0,28.52,D,80.0,41.3,B
1006,Oliver,MAINE COON,5,3.16,Black,Unknown,yes,,Yes,,dry,healthy,2024-01-05,41.44,b,90.0,64.62,D,75.0,51.85,D,5.0,error, ,,64.86, ,1.0,48.64,Unknown,,49.08,D,88.0,73.79,Unknown,84.0,90.68,A,41.0,67.86,C,60.0,105.48,b,2.0,65.39,B
1007,Oliver,siamese,23,4.14,black ,Female,Y,NO,Yes,TOKYO,wet,Sick,2024/01/05,55.64,A,4.0,58.39,b,78.0,-4.14,Unknown,18.0,67.43,b,23.0,8.83,A,81.0,51.09,C,46.0,56.7,Unknown,4.0,45.93,a,58.0,51.24,D,59.0,58.79,A,10.0,75.9,Unknown,,23.57,Unknown
1008,Leo,,9,3.07,black ,Unknown,N,Yes,Yes,,Dry,,2024/01/05,0.74, ,,31.24,b,39.0,60.57,C,91.0,27.72,D,38.0,88.02,b,8.0,47.76, ,,40.46,Unknown,89.0,35.03,Unknown,65.0,61.82, ,62.0,69.69,b,,7.12, ,41.0,62.51, 
1009,Oliver,Maine Coon ,17,5.32,black ,,no,,Yes,Toronto,dry,Checkup Needed,,69.19,B,41.0,54.52,b,82.0,21.26, ,9.0,4.46,A,43.0,N/A, ,90.0,42.35,D,13.0,23.35,A,70.0,65.09,D,58.0,35.85,B,35.0,70.89,Unknown,73.0,42.86,A,34.0,60.11, 
1010,Smokey,abyssinian,3,6.71,Black,M,No,,Unknown,London,dry,Checkup Needed,,62.37,D,52.0,13.8,Unknown,94.0,42.4,C,10.0,75.84,A,86.0,50.38,B,79.0,63.0, ,92.0,20.99,b,25.0,57.82,A,7.0,50.92,C,26.0,32.57,Unknown,37.0,75.91,C,51.0,29.56, 
1011,Tiger,Persian,16,7.87,White,female,yes,No,No,Sydney,,Checkup Needed,2024/01/05,50.45,A,82.0,44.85, ,44.0,63.78,b,93.0,50.19,b,58.0,72.16, ,57.0,62.05, ,82.0,61.6,A,43.0,78.14,D,50.0,74.72,Unknown,73.0,15.03,B,36.0,45.66,a,82.0,31.3,C
1012,Shadow,British Shorthair ,20,5.81,Brown,Male,Yes,YES,Yes,Tokyo,Mixed,Sick,Jan 5 2024,37.74,a,81.0,40.07,D,,41.0,C,35.0,66.69,B,51.0,4.89,a,,38.45,A,27.0,76.23, ,72.0,57.84,b,5.0,84.51,Unknown,8.0,94.4,C,2.0,36.29, ,,42.22,B
1013,Leo,Unknown,13,5.08,Brown,Unknown,No,YES,Yes,TOKYO,dry,Healthy,,59.05,a,28.0,52.5,A,38.0,32.5,C,68.0,23.18,D,26.0,11.67,a,68.0,58.8,D,41.0,53.25,D,38.0,97.37,Unknown,36.0,65.01,B,92.0,57.12,a,37.0,6.35,Unknown,,39.93,a
1014,Nala, Siamese,17,5.03,black ,M,N,YES,Yes,TOKYO,,Sick,,50.81,C,27.0,29.99,a,87.0,42.27,Unknown,83.0,37.45,A,78.0,54.07,A,4.0,69.25,A,91.0,36.06,Unknown,18.0,34.45,b,23.0,60.55, ,44.0,36.44,B,90.0,32.67,A,44.0,80.84,D
1015,Bella,ABYSSINIAN,11,8.11,Mixed,,Y,NO,Unknown,Tokyo,Dry,SICK,,56.03,b,29.0,41.58,Unknown,47.0,89.31, ,94.0,40.78,D,81.0,27.88,D,18.0,35.78, ,35.0,60.01, ,36.0,67.55,B,57.0,62.83,A,92.0,13.71,A,,46.59,A,68.0,70.91,Unknown
1016,Loki,,6,3.61,Black,,Y,No,Unknown,New York,wet,Healthy,2024-01-05,61.35,D,75.0,28.0, ,33.0,49.1,D,46.0,30.12,B,38.0,57.73,a,69.0,59.29,D,16.0,49.48,C,85.0,32.7,B,,57.61,D,83.0,40.45,b,46.0,59.84, ,89.0,13.79,A
1017,Bella,Unknown,2,5.43,Orange,Unknown,,,,,,Sick,,35.34,B,,36.82,Unknown,60.0,68.92,D,29.0,57.45,b,36.0,86.37,Unknown,41.0,45.29,Unknown,86.0,60.13,b,73.0,48.65,A,87.0,31.38,C,67.0,70.4,a,9.0,36.76,C,79.0,71.35,a
1018,Lucy,persian,22,4.51,Mixed,F,Y,NO,,New York,Dry,healthy,2024/01/05,57.88,A,,N/A,A,,88.79,a,51.0,29.8,D,,71.91,D,63.0,26.72,C,6.0,51.08,Unknown,4.0,43.36,b,90.0,68.88,C,4.0,39.13,C,80.0,46.57, ,17.0,24.13,A
1019,Milo, Bengal,14,3.93,black ,F,No,Yes,Yes,New York,Wet,,,15.85,b,78.0,55.8,b,39.0,8.56,C,15.0,81.41,B,64.0,46.83,A,94.0,56.76,C,,72.56, ,27.0,47.82,C,95.0,32.81,Unknown,,27.65,C,28.0,57.72, ,56.0,41.19,B
1020,Lucy,SPHYNX,22,2.85,Brown,male,No,YES,Yes, london,Wet,Checkup Needed,Jan 5 2024,54.13,Unknown,,79.49,C,25.0,53.47,D,62.0,unknown,D,52.0,unknown,Unknown,10.0,74.68,B,25.0,17.92,a,52.0,75.48,a,56.0,15.62,D,28.0,51.88,A,54.0,49.16,C,81.0,unknown,A
1021,Oreo,Bengal,8,4.57,Orange,F,Yes,,No,Sydney,Wet,Sick,2024-01-05,68.16,D,97.0,66.58,a,37.0,50.12,b,6.0,69.38,D,,72.58,B,,100.34,C,68.0,49.47,C,59.0,43.85, ,94.0,21.67,A,81.0,54.51, ,,46.05,B,99.0,67.07,a
1022,Smokey,SCOTTISH FOLD,18,6.24,Gray,M,No,NO,,New York,Wet,SICK,Jan 5 2024,38.68,C,19.0,54.68,b,26.0,55.15,Unknown,38.0,60.28,Unknown,,53.7,A,45.0,16.42,D,72.0,54.11, ,30.0,54.02,C,45.0,65.56,a,55.0,51.5,C,89.0,42.59,Unknown,44.0,58.55,a
1023,Smokey,ABYSSINIAN,14,4.55,Mixed,,Yes,Yes,Yes,,Mixed,Sick,2024-01-05,9.26,B,15.0,27.29,A,66.0,63.44,A,9.0,31.36,a,52.0,23.96,Unknown,32.0,50.99,A,15.0,75.46, ,21.0,62.86, ,26.0,72.91,Unknown,21.0,74.76,a,9.0,37.87,D,60.0,47.88,B
1024,Bella,Siamese,19,6.54,White,male,No,Yes,Unknown,London,Wet,,,25.94,D,43.0,64.21,C,99.0,44.85,C,44.0,55.89,B,65.0,38.22,B,21.0,38.78,Unknown,17.0,44.04,B,69.0,61.02,D,98.0,55.32,a,15.0,46.84,D,40.0,52.74,D,71.0,52.72,B
1025,Nala,Sphynx ,19,5.61,black ,female,yes,YES,No,TOKYO,Dry,Healthy,,70.64,a,16.0,42.97,b,2.0,30.23,b,,31.93,A,39.0,60.02,B,,80.35,A,14.0,46.72, ,6.0,35.4,C,21.0,35.46,B,83.0,45.4,a,74.0,21.03,A,31.0,48.07,B
1026,Oliver,british shorthair,0,5.03,Black,M,no,No,Unknown, london,dry,Checkup Needed,Jan 5 2024,50.41,A,86.0,24.54,B,48.0,71.73,C,63.0,46.69,B,22.0,45.42, ,17.0,70.17,C,82.0,47.38,C,78.0,19.59,Unknown,87.0,52.61,D,30.0,39.47,D,38.0,51.54, ,29.0,52.96,A
1027,Shadow, Ragdoll,18,5.33,Orange,Female,yes,YES,Unknown,,wet,Sick,,78.44,C,66.0,71.69,Unknown,73.0,20.24,B,78.0,47.74,B,,53.88,B,74.0,52.24,A,5.0,55.41,a,25.0,46.27,C,56.0,64.15,a,88.0,41.39,B,11.0,46.92,D,60.0,48.25, 
1028,Tiger,maine coon,11,3.46,Brown,,no,NO,Yes,,Wet,Sick,,53.72,Unknown,,16.62, ,59.0,39.38, ,4.0,18.13,B,98.0,49.94,A,85.0,49.25,Unknown,68.0,59.78,D,4.0,10.06,a,87.0,37.32,Unknown,33.0,101.75,B,22.0,66.33,B,97.0,48.79, 
1029,Oreo,sphynx,22,1.68,Mixed,male,,Yes,Unknown,London,Wet,Sick,,43.69,A,,50.53,a,48.0,71.14,B,57.0,36.28,b,62.0,53.24,C,4.0,unknown,C,71.0,26.3,b,9.0,67.57,b,5.0,66.21,Unknown,3.0,59.22,A,67.0,73.75,C,6.0,67.91, 
1030,Smokey,Unknown,22,5.61,Black,M,N,,Yes,TOKYO,dry,Sick,2024-01-05,57.62,A,2.0,60.0,D,40.0,74.07,b,35.0,39.53, ,42.0,47.95,C,,33.38,a,,27.79, ,23.0,64.76,D,86.0,35.44, ,,60.32,b,82.0,93.07,b,38.0,17.54,b
1031,Smokey,RAGDOLL,9,3.14,Mixed,Female,Y,,,Sydney,wet,Healthy,2024-01-05,68.95,Unknown,11.0,50.1,D,89.0,0.83,b,88.0,59.33,b,,76.86, ,29.0,error,a,26.0,67.57,A,42.0,40.86,A,83.0,55.44,Unknown,,69.23,Unknown,82.0,1.04,a,74.0,25.53,A
1032,Shadow,British Shorthair ,18,3.52, WHITE,male,Yes,No,No,TOKYO,wet,Checkup Needed,05/01/2024,75.29,Unknown,59.0,42.22,D,12.0,90.03,A,0.0,43.4,B,60.0,61.65,a,,unknown,D,3.0,65.81,A,34.0,76.75,B,4.0,60.45,A,56.0,41.74,C,13.0,61.47,D,4.0,47.92,A
1033,Bella,,11,2.41,Brown,F,No,NO,Unknown,,,Healthy,2024/01/05,34.05,b,19.0,68.06,b,99.0,69.07,b,18.0,40.09,b,12.0,60.6, ,71.0,20.9,a,31.0,47.03,A,98.0,20.72,Unknown,87.0,32.08, ,47.0,35.51,B,42.0,32.22,Unknown,89.0,78.24,D
1034,Kitty, Siamese,13,2.75,Black,,Yes,Yes,Yes,TOKYO,Dry,Healthy,05/01/2024,31.68,a,68.0,73.11,D,7.0,-4.3,C,58.0,51.8,A,89.0,41.38, ,22.0,15.95,a,15.0,27.23,D,83.0,52.53,A,63.0,47.11, ,,11.03,C,51.0,35.87,A,0.0,55.36,a
1035,Loki,Ragdoll ,-1,6.67,Gray,Male,,Yes,Yes,London,Wet,SICK,2024/01/05,42.94,b,91.0,17.6,B,3.0,51.92,Unknown,52.0,50.85,a,31.0,-28.0,D,5.0,55.83, ,43.0,57.35,b,63.0,74.03,C,72.0,35.71,a,23.0,49.01, ,45.0,46.66,Unknown,55.0,28.06,C
1036,Luna,scottish fold,22,4.17,Black,male,yes,Yes,Yes,New York,Mixed,SICK,05/01/2024,64.28,C,,16.27,a,,76.69, ,21.0,97.26,C,22.0,52.91,D,61.0,76.77,A,,35.29, ,38.0,58.21,A,50.0,20.63,B,30.0,32.71,a,24.0,54.06,b,37.0,40.9,A
1037,Nala,Unknown,22,5.92, WHITE,Unknown,N,,,Toronto,Dry,Healthy,Jan 5 2024,39.73,B,51.0,51.06,a,58.0,57.82,Unknown,41.0,56.21,D,53.0,53.94,C,47.0,27.81,C,67.0,75.96,b,40.0,51.9,B,4.0,12.4,b,49.0,70.31,A,58.0,48.36,Unknown,33.0,65.51,D
1038,Chloe, Ragdoll,6,3.95,Brown,female,,Yes,Unknown,Tokyo,Wet,Checkup Needed,2024/01/05,33.5,B,71.0,15.71,B,96.0,39.41,A,73.0,37.64, ,56.0,81.21,Unknown,2.0,24.41,A,63.0,32.62, ,,42.49,B,31.0,78.39, ,95.0,29.13, ,45.0,27.33,a,23.0,79.05, 
1039,Oreo,SPHYNX,1,4.63,,M,Y,No,Unknown,Tokyo,Wet,Healthy,Jan 5 2024,31.34,B,,34.54,b,54.0,62.75,D,63.0,30.11,a,52.0,72.27,D,75.0,57.85, ,53.0,22.55,Unknown,36.0,41.62,A,9.0,54.16,Unknown,16.0,61.55,a,59.0,13.38,D,20.0,55.45,B
1040,Bella,,17,5.84,Mixed,Male,yes,No,No,Berlin,Mixed,,Jan 5 2024,99.52,A,12.0,39.44,C,43.0,25.39, ,7.0,-4.13,A,22.0,40.9,A,23.0,63.25,A,83.0,51.96,D,81.0,66.89,D,89.0,65.98,B,,67.49,C,52.0,80.12,Unknown,30.0,103.05,b
1041,Bella,,10,8.35,black ,F,no,Yes,Unknown,Toronto,dry,SICK,05/01/2024,34.07,a,95.0,43.41, ,36.0,51.66,A,39.0,34.88,a,79.0,79.79,A,27.0,50.05, ,50.0,63.74,C,40.0,62.07,Unknown,87.0,50.64,C,97.0,39.25,D,,65.71,C,15.0,40.27,C
1042,Bella, Siamese,16,1.7,black ,Male,Y,No,Yes,London,,healthy,2024/01/05,40.25,D,54.0,25.64,a,45.0,35.1, ,16.0,43.36,a,,44.81,C,50.0,50.91,Unknown,16.0,50.19,B,85.0,60.97,a,12.0,67.31,D,62.0,86.47,Unknown,18.0,21.63,b,52.0,69.8,B
1043,Lucy,Sphynx,10,4.06,,F,no,No,Unknown, london,wet,SICK,05/01/2024,71.23,A,66.0,77.17,Unknown,53.0,96.83,B,60.0,51.95,B,89.0,77.91,A,74.0,79.53, ,89.0,40.12, ,10.0,13.0, ,,74.04,D,88.0,20.98,a,29.0,80.59,b,40.0,43.53,B
1044,Milo,scottish fold,8,4.22,White,F,no,YES,No,Berlin,Dry,Healthy,Jan 5 2024,64.45,Unknown,42.0,40.09,A,,63.24,b,60.0,54.34, ,,51.15,b,93.0,57.93,Unknown,69.0,51.57,a,26.0,15.2,a,16.0,25.66,A,76.0,72.03,B,,37.31,Unknown,99.0,30.41, 
1045,Luna,ragdoll,7,6.45,Orange,Female,Yes,No,,New York,dry,Healthy,05/01/2024,54.47,A,15.0,51.67,A,50.0,46.44,A,,36.35,Unknown,80.0,73.23,C,15.0,29.85, ,60.0,42.7,a,41.0,20.29,D,28.0,66.66, ,71.0,47.5,D,82.0,64.69,D,66.0,43.75,A
1046,Luna,MAINE COON,19,3.72,Mixed,female,Yes,NO,Unknown,TOKYO,wet,Healthy,2024-01-05,28.0,C,6.0,46.68,a,41.0,29.8,Unknown,11.0,51.62,b,33.0,39.75,D,79.0,28.32,B,55.0,59.85,B,2.0,61.01,D,25.0,53.61,A,12.0,11.26,b,6.0,88.5, ,82.0,41.32,B
1047,Luna,scottish fold,12,5.84,White,Female,,NO,, london,,Sick,,38.64,a,71.0,37.43,A,26.0,76.84,D,87.0,26.61,C,12.0,55.48,B,,68.85, ,41.0,27.76, ,92.0,74.46,a,98.0,57.47,b,98.0,65.77, ,90.0,44.18,D,45.0,42.0,C
1048,Luna,Unknown,21,5.22,Mixed,Unknown,No,Yes,,TOKYO,Wet,SICK,Jan 5 2024,67.9,b,13.0,68.36,B,29.0,20.78, ,4.0,40.44,a,31.0,63.71,A,73.0,35.67,Unknown,61.0,45.59,D,89.0,92.1,B,37.0,37.07,Unknown,8.0,38.18,C,,37.04,a,43.0,54.07,B
1049,Oreo, British Shorthair,11,2.93,,Male,No,No,Yes,Paris,Wet,Healthy,2024/01/05,72.04,D,71.0,52.72,D,74.0,44.06,C,12.0,56.5,A,88.0,5.24,b,25.0,64.5,B,61.0,76.55,A,13.0,77.82, ,8.0,,C,73.0,35.94,B,28.0,82.52,b,83.0,39.32,b
1050,Chloe,Scottish Fold ,3,4.3,Black,Unknown,Y,No,Unknown,Toronto,wet,SICK,,47.8, ,41.0,65.3,B,55.0,57.62,a,17.0,23.14,A,59.0,50.41,A,87.0,32.05,C,13.0,40.78,D,,39.27,D,27.0,75.47, ,43.0,63.57,Unknown,53.0,7.21,A,30.0,60.95,a
1051,Smokey,Scottish Fold ,11,3.65,Black,M,Yes,No,No,Tokyo,wet,,,unknown,B,40.0,58.4, ,18.0,37.61, ,,69.51,b,72.0,40.71,a,62.0,39.53,D,0.0,56.09,Unknown,19.0,20.86,b,18.0,33.65, ,78.0,39.89, ,61.0,96.3,A,3.0,93.35, 
1052,Tiger,Unknown,6,4.54,Orange,female,Yes,,Unknown,Tokyo,wet,healthy,05/01/2024,47.15,a,14.0,54.64,a,42.0,10.74, ,14.0,58.92,Unknown,51.0,60.11,D,57.0,23.83,B,86.0,44.67,C,78.0,37.91,D,85.0,31.5,C,82.0,27.17,Unknown,58.0,18.04,B,36.0,15.94,A
1053,Luna,British Shorthair ,5,2.46,Black,male,,YES,Unknown,Sydney,,Healthy,2024-01-05,70.84, ,14.0,78.15,B,57.0,27.08,A,77.0,33.86,C,10.0,26.96,b,16.0,31.51,Unknown,85.0,24.22,a,68.0,36.3,B,81.0,53.99,D,4.0,48.07, ,,53.79,B,50.0,51.54,A
1054,Tiger, Sphynx,7,4.03,Black,Female,Y,,,Paris,Mixed,Sick,,69.15,b,46.0,53.31,A,,44.55, ,14.0,45.75,a,75.0,49.04, ,15.0,40.44,B,,60.88,C,,74.95,A,80.0,58.64,A,25.0,66.92,A,72.0,46.92,D,13.0,44.38,A
1055,Chloe,BENGAL,12,0.98,,F,Y,Yes,No,Paris,Mixed,,2024/01/05,50.25,a,19.0,72.43,A,51.0,55.57,B,3.0,41.67,Unknown,49.0,67.43,C,,69.15,b,,33.52,b,5.0,81.19,A,63.0,28.4,C,78.0,49.96,A,,61.29,A,10.0,89.85,A
1056,Simba,Unknown,14,3.72, WHITE,female,Y,NO,No,London,,Checkup Needed,2024/01/05,50.4,D,30.0,32.96, ,75.0,82.78,C,10.0,72.65,B,47.0,41.19,A,97.0,40.71,B,14.0,42.81,Unknown,68.0,36.41,B,9.0,79.57, ,,76.52,C,15.0,40.55, ,34.0,52.32,a
1057,Kitty,Persian,16,4.81,Gray,female,No,YES,No,Sydney,Mixed,Sick,,22.4,B,39.0,28.39,B,42.0,69.28,a,33.0,42.81,A,98.0,68.36,B,92.0,43.63,C,78.0,24.79,a,,57.39,a,47.0,49.81,b,78.0,73.57,C,76.0,75.63,b,53.0,65.0,C
1058,Leo,SCOTTISH FOLD,5,6.26,Black,Unknown,No,NO,Yes,Sydney,Wet,healthy,2024-01-05,13.39, ,1.0,23.66,B,98.0,54.06, ,,69.98,C,86.0,44.07,D,44.0,10.85, ,88.0,53.62,a,12.0,39.98,A,14.0,33.46,Unknown,38.0,55.06,D,81.0,54.18,C,90.0,45.67,B
1059,Bella,british shorthair,1,8.19,Black,male,No,NO,Yes,,Mixed,Checkup Needed,05/01/2024,48.66,B,20.0,47.8,C,50.0,45.41, ,88.0,19.81,Unknown,9.0,47.81, ,4.0,70.76,Unknown,66.0,49.04,B,79.0,43.26,C,99.0,29.24,b,68.0,33.87,Unknown,,88.24,C,86.0,81.35,b
1060,Loki,British Shorthair,8,3.54,Black,Unknown,Y,,No,Tokyo,Dry,Checkup Needed,Jan 5 2024,63.09,C,94.0,73.28,D,38.0,50.91,a,72.0,48.21,C,,42.62,b,37.0,90.08, ,81.0,26.32, ,70.0,22.68,D,13.0,54.27,a,29.0,86.66,Unknown,99.0,86.28,Unknown,24.0,64.84, 
1061,Leo, Persian,19,4.69,Black,Male,Y,No,No,Toronto,dry,SICK,Jan 5 2024,17.98, ,,61.14,B,33.0,11.27,Unknown,86.0,60.07, ,51.0,33.6, ,78.0,29.56,D,50.0,57.48,B,33.0,70.49,D,30.0,72.78, ,68.0,49.29,b,57.0,33.04,b,96.0,59.63,C
1062,Loki,SIAMESE,15,2.14,Orange,M,No,YES,,Berlin,Wet,,2024/01/05,49.36,Unknown,33.0,30.85,B,9.0,29.05,C,94.0,error,b,47.0,66.11,b,63.0,35.49,Unknown,96.0,63.13, ,77.0,57.65,C,65.0,75.5,Unknown,80.0,55.75,a,70.0,59.57,B,8.0,26.93,a
1063,Bella,Unknown,3,3.32, WHITE,M,no,,No,Sydney,Wet,healthy,2024/01/05,7.67,B,62.0,33.19,B,8.0,60.12, ,50.0,42.24,B,87.0,25.78,b,17.0,93.89,Unknown,50.0,91.55,B,44.0,61.23,a,32.0,33.52,Unknown,47.0,46.69,B,27.0,82.44,D,,48.26,a
1064,Smokey,ragdoll,-1,4.05,Orange,Female,,Yes,Unknown,Toronto,,SICK,Jan 5 2024,42.86,a,41.0,13.47,b,24.0,38.26,C,63.0,30.62,B,29.0,56.22,B,2.0,44.65,b,83.0,66.56,D,10.0,53.56,a,55.0,45.73,C,14.0,77.59,A,81.0,error,b,42.0,56.65,D
1065,Smokey,siamese,15,3.65,,Male,,YES,,,Wet,Sick,Jan 5 2024,11.44,a,91.0,23.24,Unknown,92.0,58.69,Unknown,21.0,66.29, ,27.0,46.62,Unknown,70.0,80.96,D,75.0,error, ,24.0,12.53,C,78.0,85.75,a,84.0,33.43,Unknown,15.0,35.33,b,69.0,78.53,b
1066,Chloe,Ragdoll,0,6.29,Orange,,yes,YES,Yes, london,Mixed,SICK,05/01/2024,86.15,D,38.0,60.18,D,42.0,31.34,Unknown,38.0,45.81,A,31.0,43.22,Unknown,,47.71,Unknown,54.0,60.52,a,67.0,64.61,b,,75.4,C,,76.56,a,80.0,31.05,A,,44.26,b
1067,Milo,Bengal,18,6.33,Black,M,Yes,Yes,No,,Mixed,Checkup Needed,,48.14,D,,36.59,b,,30.09,a,67.0,38.99,B,83.0,29.62, ,91.0,47.67,a,86.0,77.01, ,37.0,59.64,A,32.0,35.57,A,19.0,43.12,Unknown,36.0,41.36,b,30.0,93.73,a
1068,Leo, Persian,1,2.93,black ,M,,YES,Unknown,Sydney,Dry,Sick,,71.0,A,64.0,63.67,a,83.0,41.37,B,91.0,77.1,Unknown,4.0,60.77, ,19.0,37.65,B,15.0,55.11,D,83.0,69.1, ,90.0,25.6,A,94.0,53.03,A,41.0,26.01,A,14.0,28.01,A
1069,Smokey,Abyssinian,-1,6.3,Orange,F,,NO,, london,Mixed,SICK,2024/01/05,23.07,Unknown,12.0,48.67,A,45.0,60.71,b,85.0,35.12,A,66.0,55.89,A,56.0,37.74,b,9.0,16.56,A,89.0,10.22, ,62.0,64.19,b,33.0,74.38,a,61.0,61.86,Unknown,57.0,41.3,D
1070,Kitty,Maine Coon,9,3.7,Brown,Male,Yes,,No,London,Wet,healthy,Jan 5 2024,70.91,B,,42.23,Unknown,37.0,61.39,Unknown,40.0,53.44,a,47.0,40.15,Unknown,22.0,33.01,a,20.0,82.44,A,97.0,51.39,B,,55.73,a,14.0,99.52,a,30.0,27.49, ,35.0,57.48,D
1071,Simba,Bengal,23,1.83,Gray,Unknown,Yes,Yes,Unknown,London,Mixed,Sick,Jan 5 2024,66.24,b,46.0,59.97,A,9.0,43.06, ,29.0,51.99,b,,29.86,A,44.0,52.25,a,10.0,47.74,Unknown,64.0,64.02,C,19.0,49.58,C,26.0,39.5, ,30.0,53.32, ,12.0,35.19,a
1072,Loki,scottish fold,-1,6.06,Brown,Male,no,Yes,,London,wet,Healthy,,35.67,D,67.0,26.66,C,44.0,24.22,a,51.0,64.97,C,91.0,error, ,32.0,18.16,C,42.0,69.34,D,67.0,38.66,b,69.0,57.73,Unknown,48.0,47.02,B,94.0,55.68,a,75.0,5.09,b
1073,Luna,Persian ,0,2.44,Black,Male,,NO,Unknown,,Wet,Healthy,Jan 5 2024,51.93,D,11.0,69.74,C,86.0,,D,7.0,N/A,a,48.0,78.73,C,,61.83,C,2.0,76.76,A,,55.08,a,47.0,43.92,C,36.0,46.32,B,48.0,54.61,b,,64.72,a
1074,Tiger,British Shorthair,22,1.92,Orange,female,Y,No,,TOKYO,Mixed,SICK,05/01/2024,60.88,a,70.0,63.2,a,2.0,50.23,A,82.0,67.19,A,87.0,62.03,b,71.0,59.16,Unknown,45.0,34.33,A,81.0,44.29,C,54.0,70.75,C,70.0,43.52,D,72.0,59.9,A,1.0,83.28,a
1075,Luna,abyssinian,15,6.25,black ,Male,yes,Yes,No,Sydney,Wet,Healthy,,44.72, ,11.0,76.61,A,70.0,44.83,B,,71.67, ,78.0,61.39,B,34.0,66.92,A,,55.09,A,21.0,71.05,D,,63.66,A,27.0,29.4,A,83.0,35.64,Unknown,24.0,92.36,a
1076,Simba,bengal,5,3.71, WHITE,male,Yes,Yes,Yes,Berlin,Mixed,Healthy,2024-01-05,60.66,Unknown,92.0,54.94,A,63.0,56.5,a,44.0,62.16,Unknown,3.0,83.44,D,,73.71,C,,34.47,a,19.0,44.93,D,0.0,32.71,a,,61.52,Unknown,86.0,57.89, ,88.0,57.45,b
1077,Chloe, British Shorthair,6,4.62,White,Female,No,YES,Yes,TOKYO,wet,Sick,2024-01-05,26.36,B,3.0,58.13,D,5.0,48.96,a,34.0,47.86,B,43.0,15.95,C,79.0,37.56,b,32.0,47.7,Unknown,83.0,20.56, ,,43.6,A,,69.08,B,68.0,44.65,A,,62.33,D
1078,Smokey,,16,2.13, WHITE,female,,YES,No,London,dry,SICK,,76.98,A,82.0,71.19, ,37.0,29.03,a,6.0,71.96, ,31.0,22.75,A,26.0,87.16, ,53.0,72.37,b,13.0,48.16,a,15.0,59.65,b,22.0,36.18,A,71.0,32.76,Unknown,74.0,52.78,B
1079,Leo, Persian,7,5.23,Black,Unknown,,NO,,New York,,Healthy,Jan 5 2024,97.72, ,,22.2,B,,unknown,Unknown,4.0,37.71,B,43.0,47.09,D,67.0,51.73,D,,87.75,Unknown,25.0,15.37,a,84.0,45.47,B,60.0,38.75,Unknown,49.0,49.65,C,60.0,22.54, 
1080,Tiger, Bengal,20,4.91,black ,Unknown,no,,No,London,Dry,,05/01/2024,43.14,B,11.0,57.52,C,83.0,86.3,C,46.0,48.07,a,54.0,39.77,C,5.0,34.37,A,60.0,93.46,Unknown,,error,B,,40.59,B,44.0,72.25,A,42.0,48.52,Unknown,59.0,37.78,Unknown
1081,Leo,Persian ,19,3.58,Mixed,F,N,No,Unknown,Sydney,dry,,2024-01-05,61.51, ,69.0,28.65,b,52.0,34.43,b,,48.13,a,68.0,55.36,D,99.0,26.89,b,74.0,40.12,D,,40.4,Unknown,36.0,38.07,a,59.0,43.32,a,52.0,65.91,D,20.0,69.22,C
1082,Luna,Sphynx,13,3.93,Orange,Female,,,No,TOKYO,Dry,Checkup Needed,2024-01-05,46.8, ,39.0,61.06,Unknown,0.0,34.82, ,59.0,48.53,B,,15.94,B,70.0,36.48,D,7.0,25.55,a,47.0,66.55,D,33.0,69.26,b,43.0,60.77,b,13.0,31.37,D,8.0,63.07,B
1083,Luna,Unknown,-1,1.64, WHITE,Female,no,No,,Paris,Mixed,Sick,2024/01/05,14.48,Unknown,20.0,82.15,a,88.0,80.9,C,92.0,54.18,B,37.0,64.41,Unknown,63.0,15.58,B,84.0,34.13,B,94.0,18.65,C,78.0,42.91,D,24.0,41.66,b,,56.18,C,,63.95,C
1084,Shadow,,7,4.63,Mixed,female,Yes,Yes,No, london,dry,healthy,,12.89,b,40.0,N/A,B,24.0,67.18,Unknown,99.0,21.2, ,79.0,38.22,a,59.0,25.82,D,31.0,74.29,b,16.0,51.94,Unknown,55.0,23.06,a,,48.9,D,93.0,35.88,a,47.0,42.89, 
1085,Loki,Unknown,4,5.4,black ,F,Yes,YES,Unknown,Paris,dry,Checkup Needed,05/01/2024,50.18,C,75.0,36.53,C,5.0,87.76,D,51.0,83.33,A,16.0,36.94,C,59.0,55.6,D,28.0,62.81,C,60.0,34.58,B,,70.38, ,8.0,59.54,C,44.0,69.11,C,,41.23,C
1086,Loki,Unknown,10,3.4,Gray,Female,Y,,Unknown,Sydney,wet,SICK,05/01/2024,71.46,Unknown,0.0,31.92,A,87.0,70.95, ,21.0,49.54,A,34.0,28.71,a,29.0,63.71, ,28.0,76.29,D,68.0,80.79,D,98.0,33.27,C,18.0,54.34, ,67.0,65.45,D,28.0,86.64,Unknown
1087,Bella,Maine Coon ,13,6.17,Mixed,male,Y,,,,wet,SICK,,56.76,b,27.0,77.63,Unknown,73.0,68.74,A,50.0,49.15, ,0.0,96.09,A,,73.73,D,29.0,39.6, ,95.0,23.33, ,75.0,48.09,b,96.0,35.0,b,76.0,72.2,b,57.0,94.33,D
1088,Nala,Abyssinian,23,1.44,White,male,No,No,,New York,wet,healthy,2024/01/05,56.78,C,16.0,,a,58.0,40.4,C,39.0,4.93, ,21.0,21.64,Unknown,40.0,73.94,A,14.0,59.57,B,4.0,36.0,a,8.0,22.47,C,5.0,37.27,C,67.0,34.78,Unknown,17.0,42.4,D
1089,Oreo,Sphynx,16,5.31,,female,yes,YES,No,Tokyo,dry,SICK,2024-01-05,14.13,A,20.0,48.41,A,17.0,57.06, ,42.0,64.73,a,96.0,unknown,b,56.0,47.28,D,39.0,25.01,Unknown,46.0,66.75,D,8.0,61.31,a,94.0,37.85,A,44.0,72.94,b,61.0,36.81,B
1090,Nala,SIAMESE,19,36.24,Brown,,Y,Yes,Unknown,Tokyo,wet,,,61.84,C,29.0,48.73,C,64.0,34.58,Unknown,93.0,28.27,D,41.0,33.09,Unknown,98.0,45.44,a,5.0,82.91, ,93.0,87.57,A,67.0,41.05,C,80.0,66.89,b,13.0,87.67,A,95.0,19.44,C
1091,Luna,Unknown,20,6.93,,Female,no,,No,Berlin,Mixed,SICK,Jan 5 2024,59.1,D,88.0,59.07,a,,44.9,D,42.0,52.29,C,39.0,59.76,B,,26.04,B,34.0,45.67,D,94.0,44.0,Unknown,9.0,36.47,b,50.0,47.22,B,17.0,29.82,D,62.0,43.06,a
1092,Milo,Maine Coon ,11,5.89,Black,Unknown,,,Yes,Tokyo,Mixed,SICK,05/01/2024,35.54,a,,21.45,Unknown,2.0,75.13,C,99.0,44.95, ,43.0,23.92,C,67.0,43.59,a,,70.53, ,19.0,57.89,a,23.0,68.7,A,66.0,51.25,A,12.0,57.14,D,49.0,48.51,b
1093,Bella, Maine Coon,-1,2.09,Orange,female,yes,Yes,, london,Dry,Healthy,Jan 5 2024,31.24, ,45.0,33.44,A,61.0,58.84, ,36.0,2.1,Unknown,87.0,65.93,D,97.0,25.75,b,,64.77,B,48.0,71.53,Unknown,65.0,33.43, ,86.0,47.85,A,16.0,77.78,b,10.0,57.27,b
1094,Shadow,Bengal ,12,6.46,Orange,F,,NO,No,Paris,Wet,SICK,05/01/2024,43.06,b,79.0,58.86,B,70.0,47.01,B,14.0,68.33,a,88.0,47.12,b,97.0,59.96,b,42.0,34.57,A,13.0,71.23,Unknown,,61.94,Unknown,92.0,63.35, ,71.0,46.22,a,89.0,56.53,A
1095,Shadow,ragdoll,19,4.05, WHITE,M,Y,Yes,No,Tokyo,wet,healthy,,33.98,B,32.0,20.28,A,35.0,51.49,a,16.0,62.48,Unknown,26.0,56.39,C,89.0,56.05, ,7.0,44.33,A,49.0,54.93,a,8.0,38.91,b,83.0,53.13,B,,83.02, ,,60.16,C
1096,Smokey,British Shorthair ,6,4.62,Mixed,Unknown,N,YES,Yes,Sydney,wet,healthy,Jan 5 2024,16.21,A,6.0,87.54,D,82.0,30.24,B,,44.5,C,,79.21,B,,34.76, ,,76.32, ,80.0,44.27,a,26.0,46.08,b,95.0,69.44,D,59.0,57.09,D,40.0,89.84,Unknown
1097,Oreo,Abyssinian,2,2.88,Black,,yes,Yes,Unknown,London,dry,healthy,05/01/2024,30.73,A,36.0,56.02,B,50.0,35.82,Unknown,90.0,32.95,D,48.0,37.55,D,3.0,82.32,b,74.0,41.03,a,,71.7,b,65.0,50.66,Unknown,90.0,37.66, ,95.0,65.11,A,,46.28,A
1098,Kitty,Abyssinian,12,5.48, WHITE,Female,N,Yes,,Tokyo,,,,23.73,Unknown,,64.61,B,17.0,53.78,Unknown,,84.17,A,78.0,20.35, ,62.0,52.44, ,23.0,56.42,b,66.0,58.85,A,92.0,unknown,B,,43.8,B,28.0,41.5,Unknown,61.0,51.08,b
1099,Oreo,Scottish Fold,20,2.13,Orange,Male,yes,Yes,No,,Mixed,SICK,05/01/2024,58.28,b,49.0,72.97,D,,34.05,C,38.0,76.9,a,11.0,40.81,C,76.0,52.49, ,83.0,50.93,b,85.0,59.65,a,40.0,50.75,B,27.0,27.14,Unknown,,62.93,D,18.0,57.1,C
1100,Milo, Abyssinian,19,5.46,Gray,Unknown,yes,No,Yes,New York,wet,SICK,05/01/2024,error,a,96.0,81.68,Unknown,87.0,43.94, ,58.0,16.47,B,3.0,31.34,B,20.0,80.42, ,31.0,24.93,b,,31.16,A,56.0,28.85,a,33.0,41.16,A,55.0,12.55,C,91.0,51.08,A
1101,Loki,scottish fold,11,7.08,black ,Female,No,No,Unknown,Toronto,wet,SICK,,36.3,C,,33.19,B,19.0,29.36,a,60.0,35.03,Unknown,72.0,6.92,D,4.0,65.44, ,71.0,58.78,B,26.0,71.1,b,14.0,31.23,B,48.0,75.52, ,51.0,11.9,D,34.0,3.45,A
1102,Luna,Scottish Fold ,20,3.91,,F,yes,NO,,Sydney,Wet,Sick,2024-01-05,55.51,B,22.0,82.84,C,56.0,75.02, ,46.0,error,Unknown,37.0,62.53,A,39.0,8.52,C,18.0,77.55,D,22.0,48.75, ,11.0,8.66,B,51.0,47.31,B,72.0,48.92,C,,53.36,A
1103,Loki,ragdoll,12,4.57,Orange,M,no,Yes,Unknown,Tokyo,Mixed,Sick,,67.69,D,73.0,63.15,a,16.0,37.01,a,62.0,43.78,Unknown,15.0,51.05,b,15.0,unknown,B,81.0,74.42,b,6.0,31.91,D,,59.5,B,39.0,61.63,B,48.0,70.17,a,52.0,57.44,A
1104,Simba,BRITISH SHORTHAIR,-2,3.48,Black,Male,no,Yes,No, london,dry,Sick,,85.48,Unknown,8.0,39.28,A,,76.67,b,0.0,59.0,D,29.0,73.02,Unknown,,57.37, ,26.0,56.9,D,81.0,56.82,D,,70.98,Unknown,77.0,43.09, ,65.0,96.91,D,43.0,51.71,B
1105,Oreo,British Shorthair,16,3.48,Brown,Male,no,Yes,No,Toronto,Mixed,Healthy,05/01/2024,60.31,Unknown,,60.42,B,73.0,51.61,a,25.0,64.52, ,77.0,41.33,D,,,B,67.0,34.07,a,56.0,69.96, ,,76.01,C,49.0,39.4,A,36.0,9.78,B,25.0,28.83,D
1106,Simba,ABYSSINIAN,3,5.56,White,F,Y,YES,,Berlin,Mixed,Healthy,2024/01/05,50.94,C,18.0,61.5,A,82.0,30.8, ,11.0,18.6,Unknown,12.0,30.65,D,30.0,27.51, ,83.0,46.61,C,20.0,64.37, ,0.0,56.46,Unknown,72.0,30.08,b,33.0,39.02,A,,47.71,A
1107,Lucy, Bengal,20,4.67,,male,No,YES,,Berlin,dry,Sick,2024-01-05,41.61,A,3.0,69.96,B,60.0,36.85, ,84.0,52.04,C,97.0,46.01,Unknown,70.0,27.03,D,55.0,37.78,C,28.0,51.79,A,34.0,55.06,B,73.0,68.26,C,61.0,68.91,D,61.0,76.14,C
1108,Oreo,BENGAL,16,4.33,,Female,,YES,,Paris,Mixed,healthy,Jan 5 2024,66.01,B,61.0,77.27,B,97.0,87.69,A,18.0,32.68,a,53.0,81.23,Unknown,,56.28,A,16.0,30.18, ,96.0,80.29, ,8.0,26.97,D,49.0,60.2,D,23.0,94.5,Unknown,,63.23,C
1109,Simba,,7,6.51,White,female,Yes,No,,,,Sick,,65.63,A,49.0,57.14,A,98.0,92.27,A,34.0,26.67,B,,42.36,B,66.0,55.88,a,22.0,89.61, ,10.0,60.85,A,42.0,25.62,b,14.0,43.35,Unknown,,79.24,B,96.0,52.5, 
1110,Tiger,British Shorthair,-1,5.12,Mixed,F,N,No,No,TOKYO,,,2024/01/05,39.24,D,51.0,64.42, ,62.0,57.83,B,35.0,66.97,B,60.0,63.59,D,18.0,74.58,b,61.0,22.96,b,63.0,53.6, ,6.0,31.09,D,21.0,75.14,b,34.0,50.08,Unknown,6.0,50.27,Unknown
1111,Kitty,Unknown,18,5.58,Mixed,Male,N,YES,,New York,wet,Sick,2024/01/05,63.0, ,31.0,71.76, ,85.0,65.82,C,6.0,20.68,b,,70.66, ,55.0,64.33,a,84.0,66.23,D,23.0,61.95,B,95.0,26.24,D,35.0,74.87, ,65.0,33.64,C,9.0,21.44,B
1112,Oliver,Persian ,6,2.43,Black,F,No,YES,Yes,TOKYO,Dry,SICK,Jan 5 2024,47.54,C,46.0,59.93,A,48.0,1.35, ,87.0,19.38,D,89.0,37.13,C,12.0,32.06, ,0.0,30.56,a,61.0,22.32,Unknown,,103.75,A,64.0,unknown,A,63.0,28.11,b,98.0,61.74,Unknown
1113,Oreo,,6,4.62,Brown,female,yes,NO,No,Tokyo,,,Jan 5 2024,57.67,a,88.0,73.19, ,3.0,66.17,a,44.0,53.1,D,7.0,48.58,C,74.0,49.07,D,62.0,40.34,a,,41.01,C,93.0,43.91,a,84.0,29.61,D,70.0,33.92, ,91.0,78.36,A
1114,Kitty,scottish fold,17,5.91,Orange,female,Y,YES,,Berlin,Dry,Healthy,,50.89,C,16.0,65.13,A,34.0,44.72,D,64.0,40.57,B,61.0,32.63,C,,39.69,C,5.0,53.89,a,57.0,66.39,D,42.0,35.97,C,79.0,96.87, ,42.0,63.61,D,11.0,60.08,Unknown
1115,Luna,british shorthair,5,4.02,Mixed,F,no,YES,Unknown,London,wet,Sick,2024/01/05,52.09,b,48.0,59.83,Unknown,48.0,65.96,a,22.0,48.28,B,27.0,88.93, ,9.0,61.56,C,56.0,61.91,b,68.0,57.89,A,92.0,81.99,C,49.0,54.36,C,,54.89,b,60.0,36.17,b
1116,Lucy, Sphynx,24,5.14,black ,Female,Yes,,No,New York,Dry,,2024/01/05,24.5, ,53.0,37.32,B,53.0,41.91,a,47.0,17.27,A,44.0,84.73,Unknown,64.0,63.2,D,82.0,39.37,b,29.0,57.0,a,45.0,56.76,a,13.0,78.76, ,77.0,60.32,B,44.0,59.18,D
1117,Oliver,scottish fold,16,3.41,Mixed,Female,No,No,Unknown,Sydney,Dry,SICK,,64.56,A,42.0,100.9,D,28.0,55.2,A,57.0,63.14, ,41.0,66.53,A,95.0,40.5,C,88.0,11.45,A,91.0,44.14,Unknown,37.0,68.82,Unknown,,52.97,C,58.0,61.93,D,33.0,63.43,C
1118,Lucy, Bengal,23,5.45,Mixed,Male,Yes,,Yes, london,wet,Checkup Needed,2024-01-05,49.85,a,50.0,43.79,b,33.0,41.46,a,0.0,36.71,D,19.0,45.7,A,2.0,53.89,C,29.0,49.4,B,0.0,53.51,D,6.0,error,a,96.0,71.91,b,44.0,21.56,a,53.0,33.27,Unknown
1119,Simba,SPHYNX,15,4.73,Black,Female,,Yes,Yes,Sydney,,SICK,Jan 5 2024,42.36,Unknown,,33.88,A,88.0,55.31,D,42.0,42.82, ,86.0,57.99,b,,46.96,B,6.0,75.74,A,73.0,45.51,B,26.0,69.63,C,57.0,46.1,A,3.0,8.12, ,20.0,40.3,A
1120,Oreo,Scottish Fold ,8,3.0,Mixed,F,,Yes,Yes,Toronto,dry,Checkup Needed,,27.3, ,17.0,34.55,a,72.0,13.22,a,22.0,59.04,A,10.0,26.04,b,99.0,59.82,b,57.0,25.8,D,13.0,41.17,A,48.0,43.4,D,20.0,38.52,C,59.0,67.65,Unknown,58.0,7.75, 
1121,Simba,,9,2.9,Brown,,,NO,Unknown,New York,wet,Checkup Needed,2024-01-05,51.38,a,7.0,25.69,A,31.0,44.67,Unknown,66.0,73.42, ,65.0,62.95,b,17.0,43.8,b,,67.67,D,19.0,67.1,A,67.0,65.43,b,30.0,44.29,C,2.0,70.44,Unknown,38.0,37.68,D
1122,Oreo,Unknown,-1,3.44,Gray,Unknown,yes,No,Yes,Paris,Dry,Sick,Jan 5 2024,90.0,D,78.0,63.99,D,16.0,53.6,B,90.0,41.78, ,19.0,83.26,D,23.0,30.94,Unknown,40.0,51.7,A,25.0,90.26,a,21.0,45.34,b,49.0,32.31,D,72.0,49.19,C,74.0,40.13, 
1123,Chloe,siamese,-1,4.87, WHITE,Unknown,no,Yes,No,New York,Mixed,,2024-01-05,58.29,C,75.0,35.94,Unknown,54.0,73.89,a,0.0,61.23,C,8.0,52.29,b,14.0,106.97,C,70.0,62.73,a,64.0,75.69,Unknown,44.0,68.41,C,50.0,63.12, ,28.0,2.3,b,94.0,8.6,B
1124,Oliver,Sphynx ,4,4.45,Orange,,Y,NO,,TOKYO,wet,,,42.19,a,57.0,14.34,A,43.0,53.95, ,28.0,,B,87.0,24.8,C,,59.59,C,,14.24,D,,61.66,A,97.0,29.67,Unknown,88.0,42.44, ,43.0,34.91,D,36.0,61.14,a
1125,Kitty,Siamese,17,2.41,,F,Y,,, london,dry,healthy,,68.54, ,,85.03,a,48.0,77.91,C,46.0,13.72,Unknown,23.0,86.81,A,62.0,48.06,D,6.0,63.3,D,48.0,41.04,C,34.0,50.92,b,23.0,59.47,C,45.0,90.97,b,46.0,84.8,b
1126,Milo,MAINE COON,4,5.75,Mixed,F,Yes,No,Yes, london,Mixed,Healthy,2024-01-05,60.5,a,98.0,36.14,Unknown,40.0,52.17,D,,32.17,Unknown,44.0,53.67,C,51.0,55.52,D,13.0,30.42,B,86.0,54.53, ,,50.31, ,,63.39,A,36.0,61.35,B,65.0,80.47,Unknown
1127,Leo,PERSIAN,3,3.05,black ,Male,N,YES,,Toronto,,Healthy,,65.26,D,33.0,-5.32,b,94.0,48.82,C,59.0,98.38, ,,1.53,B,47.0,76.67,D,46.0,72.56,Unknown,30.0,45.99,b,,49.86,Unknown,55.0,57.67,a,4.0,46.92,A,31.0,44.03,C
1128,Simba,,2,5.85,black ,male,N,NO,, london,Wet,,,49.16,b,86.0,79.33,B,37.0,57.5,Unknown,66.0,55.11,D,45.0,85.24,C,,45.83,B,37.0,13.47,Unknown,14.0,28.82,b,66.0,36.7,D,9.0,39.75, ,33.0,44.84,C,83.0,57.67, 
1129,Tiger, Scottish Fold,0,5.46,,,Y,YES,No,Tokyo,,Sick,2024-01-05,76.26,C,6.0,37.79,A,19.0,29.85,C,36.0,32.05,a,40.0,13.03,Unknown,79.0,52.5,Unknown,91.0,21.65, ,16.0,50.44,b,20.0,60.86, ,69.0,79.3,C,67.0,56.55,B,62.0,50.0,b
1130,Lucy, Bengal,21,6.34,,Female,Yes,YES,No,Paris,Wet,healthy,2024-01-05,17.04,b,16.0,64.66, ,77.0,35.15,A,7.0,38.59,A,0.0,30.07,C,46.0,56.51,Unknown,86.0,44.67,D,3.0,65.69,Unknown,,38.19, ,2.0,80.47,b,15.0,63.39,b,37.0,47.08,b
1131,Luna,scottish fold,6,2.52,Gray,F,No,Yes,Yes,Toronto,Wet,Checkup Needed,,82.61,B,0.0,42.37,D,54.0,54.93,D,44.0,33.87,B,37.0,26.56,D,97.0,44.4,A,15.0,39.73,a,20.0,27.81,A,,49.38,B,69.0,48.01,a,,-5.3,C,85.0,56.15,C
1132,Bella, Maine Coon,6,7.99,Gray,male,No,Yes,No,Sydney,Dry,healthy,,100.94,a,34.0,28.6,B,50.0,57.25,Unknown,32.0,46.17,D,88.0,62.91,B,94.0,57.46, ,56.0,46.59,Unknown,77.0,58.58,a,29.0,71.77,a,75.0,32.41,C,36.0,23.76,B,,41.12,a
1133,Loki,,14,5.4,Black,Unknown,N,No,Unknown, london,Wet,SICK,2024-01-05,26.92, ,95.0,32.58,B,,50.97,D,90.0,85.01,D,54.0,55.75,C,87.0,30.38,Unknown,,38.29,D,38.0,79.73,A,11.0,49.92,a,93.0,61.16,b,15.0,34.03,b,67.0,67.55,C
1134,Bella,,5,2.39,Orange,F,No,Yes,No,Toronto,Wet,Checkup Needed,2024/01/05,41.26,C,82.0,73.55,D,53.0,50.88, ,66.0,38.62,D,57.0,22.36,a,2.0,108.3,B,8.0,65.96,C,9.0,60.0, ,,26.93,A,42.0,41.6,A,87.0,37.75,a,84.0,36.33,A
1135,Tiger,abyssinian,6,5.37,Brown,Male,yes,No,Yes,TOKYO,wet,SICK,Jan 5 2024,60.37,Unknown,2.0,59.78,Unknown,72.0,55.97,B,57.0,38.08,D,95.0,34.27, ,3.0,85.61,b,11.0,41.15, ,94.0,23.7,B,20.0,47.87, ,,84.8,b,48.0,60.16,b,90.0,76.64, 
1136,Bella,ragdoll,22,5.03,Orange,,N,,Yes,New York,Wet,Sick,2024/01/05,82.81,D,48.0,55.86,B,,26.65,Unknown,70.0,65.41, ,34.0,44.83,a,13.0,49.97,C,38.0,46.37,D,,81.63,C,49.0,28.19,D,51.0,64.75,B,40.0,73.56,D,20.0,55.75,B
1137,Leo,Abyssinian ,21,2.37,White,Unknown,,YES,No, london,wet,healthy,,-9.17,C,33.0,54.65,D,33.0,36.27,A,7.0,49.79, ,44.0,32.37,Unknown,71.0,49.24,A,90.0,,Unknown,43.0,56.97,D,,49.26,a,33.0,10.0, ,39.0,40.13,C,26.0,68.38,C
1138,Lucy,british shorthair,18,5.53, WHITE,male,,NO,Unknown,Toronto,,,,49.3,A,63.0,64.28,b,19.0,13.19,C,50.0,22.82,A,11.0,38.92, ,55.0,52.63,Unknown,66.0,40.91, ,23.0,46.42, ,40.0,13.62, ,26.0,65.79,b,50.0,51.71,a,27.0,77.82,Unknown
1139,Nala,Unknown,24,6.4,Mixed,F,no,YES,,Toronto,,Healthy,Jan 5 2024,42.7,D,16.0,52.71,Unknown,85.0,37.79, ,77.0,41.22, ,21.0,36.95,a,80.0,50.54,a,3.0,55.75,Unknown,95.0,,b,73.0,34.19,B,57.0,35.01,a,,39.38, ,89.0,40.58,B
1140,Luna,Bengal ,20,3.36,White,,yes,Yes,,Tokyo,,SICK,2024/01/05,57.73,a,,79.38,A,40.0,18.63,Unknown,66.0,63.9,D,1.0,61.45,A,31.0,30.58,Unknown,33.0,68.22,b,75.0,65.67,A,,53.19,a,64.0,78.33,a,,66.88, ,88.0,36.25,A
1141,Milo,Scottish Fold,7,4.03,Gray,,N,NO,Unknown,New York,Wet,Checkup Needed,Jan 5 2024,28.02,C,95.0,70.38,Unknown,35.0,42.95, ,,43.62,Unknown,62.0,59.88,A,68.0,68.54,D,68.0,10.43,A,8.0,38.07,D,51.0,72.45,A,32.0,4.47,C,,32.22,B,27.0,22.02,D
1142,Bella, Bengal,4,3.64, WHITE,female,,,Unknown,TOKYO,wet,SICK,2024/01/05,52.53,C,35.0,64.23,C,95.0,36.48, ,67.0,27.45,A,45.0,34.97,b,17.0,68.38, ,57.0,70.7,a,50.0,47.78,B,55.0,36.37,C,22.0,59.48,A,91.0,34.38,a,79.0,55.59,C
1143,Smokey,Ragdoll ,22,2.07,Brown,F,yes,NO,Yes,New York,wet,SICK,,67.41,Unknown,27.0,35.61,D,82.0,46.66,Unknown,51.0,53.85,A,46.0,49.75,B,79.0,73.85,A,33.0,63.97,a,3.0,83.53,b,46.0,46.5, ,44.0,18.12, ,90.0,49.94,A,,17.37,b
1144,Loki,Bengal,12,2.59,White,Male,No,NO,Yes,TOKYO,Mixed,,Jan 5 2024,49.5,D,47.0,57.8,C,52.0,54.69,A,92.0,70.74,a,16.0,31.86, ,59.0,N/A,D,4.0,78.98,B,87.0,71.94,B,45.0,48.04,B,,79.99,a,42.0,66.86,D,11.0,74.08,C
1145,Milo,Persian,17,3.62,black ,female,Yes,,Unknown,Tokyo,Mixed,healthy,2024-01-05,44.85, ,75.0,60.12,b,81.0,41.88,A,13.0,40.64,a,93.0,78.7, ,,62.48,D,38.0,45.07,A,52.0,71.12,C,83.0,32.38, ,41.0,31.68,b,94.0,69.74,Unknown,34.0,58.77,D
1146,Tiger,maine coon,5,5.46,Mixed,Female,yes,YES,,Berlin,,Healthy,2024/01/05,71.94,C,73.0,86.94,A,,21.69,A,,70.06,B,73.0,72.44,B,94.0,31.62,a,86.0,61.52,A,43.0,59.41,D,48.0,73.3,D,,50.18,b,39.0,62.82,B,19.0,86.26,Unknown
1147,Tiger,,22,6.38,Gray,female,No,Yes,No, london,Mixed,healthy,2024/01/05,43.64,D,14.0,50.29,B,47.0,58.76,b,80.0,46.43,C,33.0,47.53,B,66.0,87.64,a,72.0,46.79,b,82.0,63.92,a,39.0,76.83,Unknown,46.0,64.31,Unknown,,61.74,B,59.0,38.89, 
1148,Bella,Unknown,18,3.96,Gray,Female,no,NO,, london,dry,Sick,2024-01-05,45.96,a,93.0,53.34,a,50.0,37.84,a,91.0,error, ,25.0,71.04,Unknown,68.0,25.48,a,49.0,37.92,B,70.0,45.99,D,3.0,72.57,C,29.0,53.32,A,9.0,42.59,A,59.0,15.07,a
1149,Luna,,16,3.59,black ,male,no,,Yes,,,Sick,05/01/2024,21.56,B,74.0,88.5,b,,67.52,C,96.0,46.34,b,84.0,16.92,Unknown,,53.19,A,45.0,70.7, ,61.0,66.75,D,90.0,60.26,Unknown,63.0,76.44,Unknown,10.0,94.48,D,,57.57,B
1150,Kitty, Abyssinian,1,5.41,Orange,Unknown,Y,YES,No, london,dry,Checkup Needed,,86.98,D,,62.97,b,13.0,5.13,C,71.0,14.1,a,45.0,47.42,B,,40.45,D,71.0,62.15,b,34.0,23.09,D,,50.37,Unknown,86.0,73.6,B,65.0,47.68,D,15.0,66.57,Unknown
1151,Nala,Unknown,-2,2.97,Mixed,,yes,Yes,,Toronto,Dry,,2024/01/05,,C,,75.47,Unknown,93.0,76.15,B,58.0,46.22,A,47.0,45.52,a,94.0,44.65,C,,70.62,C,34.0,44.86,D,94.0,8.67, ,16.0,35.29, ,74.0,15.9,C,,93.66, 
1152,Nala, Ragdoll,18,3.89, WHITE,female,N,NO,Unknown,Berlin,,Checkup Needed,,16.44,a,77.0,89.39,Unknown,37.0,57.05,D,15.0,43.68,A,26.0,27.91,D,61.0,72.23,B,71.0,34.7,b,60.0,50.45,D,22.0,71.71,A,17.0,34.74,C,84.0,44.77,b,55.0,40.05,B
1153,Kitty,bengal,22,4.67,Brown,M,Y,No,Yes,Paris,,,,33.96,b,62.0,3.71,A,95.0,8.04, ,42.0,35.66, ,94.0,59.04,B,48.0,53.31,a,11.0,52.48,a,9.0,44.15,A,42.0,70.29,Unknown,,54.92,B,82.0,57.8,b,89.0,7.04, 
1154,Oreo,Ragdoll ,-2,3.2,Black,Female,,Yes,,Berlin,wet,Healthy,05/01/2024,68.13, ,72.0,56.57,b,28.0,66.98,D,94.0,17.0, ,1.0,30.99,Unknown,83.0,32.85,B,39.0,36.49,C,90.0,106.23,C,95.0,62.91,D,38.0,44.22,D,70.0,72.58,D,80.0,38.88,A
1155,Leo,Unknown,10,4.73,,Male,Yes,YES,,Paris,,Sick,Jan 5 2024,45.14,D,47.0,31.36,B,,69.64,C,0.0,28.52,C,92.0,47.37,C,40.0,22.26,b,61.0,59.13,D,,76.17, ,40.0,56.42,C,75.0,81.3,A,84.0,unknown,a,60.0,68.67, 
1156,Loki, Scottish Fold,24,1.48,Orange,,no,Yes,Yes,Toronto,Mixed,healthy,,67.22,D,74.0,77.64,A,29.0,36.13,C,69.0,61.28,C,41.0,34.41,B,26.0,68.14,b,59.0,49.21,B,14.0,34.0,D,90.0,61.37,D,85.0,77.24,B,66.0,53.99,B,34.0,68.64,A
1157,Loki,Unknown,2,7.12,black ,Male,Y,NO,Unknown,TOKYO,Wet,healthy,,30.63,C,39.0,35.51,a,70.0,83.29,a,50.0,54.13, ,97.0,66.5,D,78.0,100.23,D,12.0,27.31,B,5.0,42.38,D,30.0,71.28,D,65.0,69.23,B,40.0,71.86,C,35.0,66.12,A
1158,Chloe,,16,6.67,black ,Male,Yes,No,,Sydney,,SICK,Jan 5 2024,42.14,A,54.0,48.45,a,45.0,43.42,D,79.0,62.78,D,67.0,32.33,a,22.0,31.51,a,75.0,48.24,C,93.0,,B,6.0,78.54,C,8.0,56.79, ,34.0,63.03,Unknown,0.0,57.72, 
1159,Chloe,Scottish Fold,20,5.19,Brown,male,No,Yes,Yes,Berlin,wet,,05/01/2024,47.33,b,59.0,56.2,C,48.0,33.74,D,21.0,60.75,b,49.0,75.07,Unknown,19.0,46.64,b,49.0,48.47, ,39.0,72.9,D,27.0,22.19, ,82.0,50.0,b,51.0,40.34,A,66.0,43.21,C
1160,Lucy,maine coon,0,7.75,,Male,yes,,Unknown,,Wet,Checkup Needed,2024/01/05,36.34,B,45.0,32.8,B,77.0,75.98,b,,51.25,C,,65.78,D,66.0,52.3,b,90.0,18.59,C,45.0,62.88,D,27.0,30.22,Unknown,4.0,35.9,D,63.0,67.06, ,62.0,76.15,b
1161,Leo,,16,4.16,,,Yes,No,Unknown,London,Wet,,Jan 5 2024,48.58,B,90.0,49.76,Unknown,,N/A,A,23.0,27.95,a,0.0,33.16, ,,34.5,B,26.0,51.27,D,21.0,49.08,Unknown,0.0,50.04,b,31.0,33.08,b,97.0,81.93,Unknown,57.0,67.49,A
1162,Kitty, Maine Coon,16,4.18,Brown,male,,,Yes,London,dry,Healthy,Jan 5 2024,23.78,B,60.0,56.79, ,88.0,85.45,C,48.0,32.06,a,9.0,105.29,D,35.0,64.27,B,,55.69, ,78.0,12.16,Unknown,6.0,96.26,A,35.0,94.32, ,36.0,78.28,A,35.0,32.73,D
1163,Smokey,Unknown,12,5.37,black ,female,Y,YES,Yes,Paris,dry,Checkup Needed,,55.11,Unknown,11.0,59.44,a,76.0,19.7,A,82.0,84.12,B,23.0,70.01, ,6.0,error,C,24.0,32.74,b,73.0,32.0, ,60.0,62.09,Unknown,61.0,40.66, ,14.0,46.21,b,24.0,57.68,B
1164,Bella,abyssinian,5,4.56,Brown,Unknown,Yes,YES,,New York,Mixed,SICK,,73.41,B,14.0,75.25,B,,53.62,a,21.0,45.23,D,30.0,41.31,A,50.0,error,A,26.0,31.26,b,28.0,63.13,C,73.0,32.04,b,0.0,47.62,B,16.0,70.73,D,7.0,49.07,A
1165,Chloe,Unknown,9,3.64,Mixed,male,Yes,NO,Yes,Berlin,Wet,healthy,,45.23,A,20.0,50.63,C,23.0,54.71,B,23.0,44.16,b,60.0,55.55,Unknown,79.0,68.91,C,39.0,54.77,B,47.0,63.06,a,80.0,42.95,B,91.0,31.13,a,87.0,89.15, ,2.0,68.43,C
1166,Tiger,Persian,8,3.36,Mixed,Male,no,Yes,Unknown,Tokyo,dry,,2024/01/05,21.5,B,17.0,7.33,B,85.0,32.2,D,54.0,31.29, ,39.0,77.26,Unknown,38.0,35.34,Unknown,75.0,28.96,B,37.0,46.52,B,39.0,30.52,a,,25.31,a,42.0,74.75,Unknown,76.0,24.43,D
1167,Shadow,british shorthair,23,4.86, WHITE,female,N,No,, london,Mixed,Checkup Needed,2024/01/05,82.66,a,33.0,63.46,Unknown,14.0,67.91,C,73.0,56.83,B,48.0,35.16,a,65.0,46.21,D,,68.87,A,17.0,34.73,C,66.0,56.25, ,26.0,77.8,Unknown,64.0,53.99,Unknown,60.0,47.69,Unknown
1168,Nala,,24,3.06,Mixed,male,No,No,Unknown,Tokyo,,,05/01/2024,40.46,B,95.0,23.58,a,60.0,86.13,C,9.0,44.39,Unknown,,20.57,a,76.0,52.7,Unknown,,52.37,a,92.0,63.12,B,61.0,47.28,D,47.0,44.62,C,4.0,16.18,b,72.0,65.78,B
1169,Smokey,British Shorthair ,4,5.85,Gray,Male,,No,Unknown,Toronto,,Sick,,34.34,B,22.0,59.38,b,79.0,72.35,Unknown,7.0,35.93,D,89.0,47.01, ,9.0,35.1,D,53.0,75.91,B,92.0,54.58, ,80.0,65.12,Unknown,76.0,73.52,b,0.0,37.68,b,77.0,31.13,D
1170,Milo,British Shorthair ,7,4.41,Brown,female,yes,,No,Tokyo,wet,,,68.1,B,76.0,38.2, ,83.0,50.16,D,86.0,64.19,Unknown,65.0,50.4,A,32.0,38.36,D,36.0,41.33,a,95.0,95.83,b,80.0,37.92,B,34.0,37.45,Unknown,48.0,31.63,C,4.0,43.34,Unknown
1171,Leo,Unknown,20,4.88,Mixed,Female,No,,Yes, london,Dry,healthy,2024-01-05,60.04,Unknown,90.0,51.7,D,45.0,35.45, ,3.0,44.36,Unknown,89.0,39.7, ,,8.49,a,27.0,56.23,A,52.0,51.09,Unknown,51.0,94.28,C,50.0,76.28, ,,73.85,A,89.0,45.01,D
1172,Nala,Unknown,-2,7.27,black ,male,No,YES,,Tokyo,dry,SICK,,40.03,Unknown,94.0,38.8,b,62.0,38.65,D,76.0,60.38, ,73.0,41.83,a,41.0,79.21,b,18.0,70.18, ,35.0,20.39,A,7.0,55.35, ,19.0,36.07,C,85.0,45.58,B,80.0,67.84,C
1173,Lucy,Maine Coon ,0,6.52,Gray,Male,,YES,Unknown,Sydney,Wet,SICK,,13.66,C,,55.5,D,19.0,75.62,C,77.0,66.16,C,8.0,79.94, ,77.0,46.03,A,80.0,76.92,a,29.0,38.38,C,66.0,59.79,Unknown,5.0,82.82,B,63.0,40.58, ,81.0,74.7,b
1174,Chloe,SCOTTISH FOLD,15,5.72,Orange,female,no,No,No,Berlin,wet,Healthy,,60.57,D,,40.7,b,23.0,49.54,b,60.0,55.63,A,87.0,58.02,b,5.0,69.15,b,56.0,28.11,b,85.0,54.96,Unknown,15.0,46.71,B,94.0,66.52,A,57.0,-6.71,D,27.0,65.95,A
1175,Oreo,British Shorthair ,8,4.33,Mixed,Unknown,yes,YES,,,wet,SICK,,45.05,a,69.0,68.77,b,82.0,75.57, ,6.0,80.2,a,15.0,34.01,a,68.0,35.21,Unknown,24.0,44.85,A,35.0,42.14,A,35.0,55.03,B,,49.79, ,,15.38,A,71.0,13.58,Unknown
1176,Tiger,Abyssinian,18,7.15,black ,,No,Yes,No,Berlin,wet,Sick,2024/01/05,54.66,B,69.0,45.2,Unknown,80.0,73.77,b,,89.83,D,,42.81,a,29.0,35.6,b,,59.32,B,76.0,34.94,D,20.0,21.7,b,,48.46,A,0.0,21.75,Unknown,6.0,51.12,A
1177,Milo,Siamese ,4,3.16,Gray,Male,Yes,,No,Paris,Wet,SICK,2024/01/05,37.29,a,56.0,44.7,b,34.0,36.35,b,91.0,65.2, ,94.0,61.4,b,,60.61,a,0.0,63.66,B,85.0,54.1,Unknown,15.0,47.17,Unknown,64.0,48.03, ,59.0,37.9,D,15.0,45.83,Unknown
1178,Oreo,,1,3.5,Brown,,,Yes,Yes,Tokyo,,Healthy,2024-01-05,71.43,a,,73.49,B,97.0,49.9,A,98.0,84.62,B,81.0,17.62,A,,50.54,A,53.0,43.15,D,47.0,65.72,b,77.0,57.68,C,65.0,49.21,a,56.0,78.58,b,40.0,73.37,b
1179,Oreo,persian,6,6.39,Black,Unknown,Y,NO,Unknown,Toronto,dry,Checkup Needed,,68.56,D,80.0,64.76,b,51.0,42.64,a,38.0,43.14, ,50.0,45.29,A,87.0,59.8,b,82.0,45.98,D,,73.86, ,98.0,32.38,D,97.0,37.67,A,37.0,60.95, ,,4.83,C
1180,Bella,British Shorthair ,10,2.88,White,M,Y,Yes,Unknown, london,wet,Sick,05/01/2024,39.88,A,66.0,22.65,b,44.0,90.09, ,35.0,37.87,A,12.0,59.01,a,19.0,45.63,Unknown,,63.66,Unknown,7.0,19.68, ,81.0,89.81,a,76.0,15.8,b,66.0,44.99, ,18.0,88.9,D
1181,Oreo,RAGDOLL,5,2.51,black ,Male,yes,Yes,Unknown, london,Wet,Sick,Jan 5 2024,18.4,D,,50.48,b,34.0,76.19,b,91.0,94.5, ,79.0,70.76,Unknown,19.0,21.55,Unknown,10.0,73.23,D,90.0,6.42,C,92.0,42.98,A,,16.46,C,10.0,41.32,Unknown,1.0,43.35,B
1182,Nala,Unknown,19,7.48,Mixed,,Y,No,,Toronto,wet,Checkup Needed,,47.73,b,34.0,29.05,b,54.0,69.76, ,,61.96,Unknown,50.0,52.18, ,39.0,69.98, ,49.0,50.9,C,72.0,55.09,Unknown,65.0,18.55,Unknown,73.0,60.57,D,57.0,39.16,A,72.0,71.17,A
1183,Luna,,23,4.26,Mixed,male,Yes,NO,,Toronto,Wet,SICK,2024/01/05,78.09,C,18.0,44.7,C,16.0,51.46, ,77.0,47.65,Unknown,95.0,73.29,A,27.0,59.04,C,85.0,65.1,A,13.0,54.11,b,76.0,65.27,B,22.0,35.29,A,98.0,51.87,b,63.0,48.48,C
1184,Leo,Bengal ,-2,7.38,Mixed,,N,Yes,No,London,dry,Checkup Needed,05/01/2024,52.49,D,67.0,45.07,C,54.0,35.64,Unknown,4.0,35.24,a,86.0,30.08,a,,26.54,C,96.0,unknown,b,21.0,12.09,B,45.0,50.0,a,,46.92,A,68.0,57.06,D,,66.03,A
1185,Simba,Persian ,9,2.75,,female,Y,NO,Unknown,Toronto,,Healthy,2024-01-05,80.71, ,97.0,29.52,D,0.0,64.79, ,2.0,49.44,a,43.0,66.81,b,29.0,76.78,A,,50.59,A,29.0,67.89,b,62.0,83.52, ,6.0,36.19,D,21.0,46.45,Unknown,87.0,36.01,Unknown
1186,Tiger,ABYSSINIAN,0,2.26,Brown,Female,no,Yes,No,,Mixed,Sick,2024/01/05,41.16,D,,24.53, ,37.0,60.37, ,34.0,3.48,C,68.0,37.63, ,11.0,error,Unknown,69.0,75.95, ,18.0,47.82,b,94.0,7.88,a,53.0,82.17,Unknown,4.0,49.79,A,,97.64,Unknown
1187,Smokey, Maine Coon,-1,7.2,black ,female,yes,NO,,Sydney,wet,SICK,,42.17,D,15.0,78.83,D,44.0,17.71,Unknown,38.0,37.05,b,66.0,59.72,a,18.0,85.79,C,47.0,51.04, ,,36.52,A,57.0,43.19,Unknown,98.0,24.39,Unknown,48.0,51.09,b,62.0,55.01, 
1188,Milo,Sphynx,14,3.45,White,,yes,,Yes,New York,Mixed,healthy,,40.02,Unknown,82.0,37.7,b,1.0,34.11,A,40.0,61.55,b,89.0,47.13,b,40.0,47.22,D,17.0,71.19,Unknown,48.0,45.32,A,16.0,38.73,B,28.0,37.28,Unknown,29.0,83.36,A,98.0,70.3,A
1189,Simba,SCOTTISH FOLD,9,3.47,Gray,Male,Y,,,Toronto,dry,Healthy,05/01/2024,54.77,a,87.0,43.29,Unknown,1.0,30.86,Unknown,92.0,87.38,C,48.0,26.32, ,73.0,43.08,B,45.0,55.63, ,,62.67,D,70.0,19.59,a,93.0,22.32, ,62.0,11.5,C,39.0,30.34,B
1190,Nala, Bengal,3,4.74,Black,F,,Yes,Yes,Sydney,,SICK,2024/01/05,48.09,Unknown,39.0,38.49,Unknown,54.0,32.0,A,51.0,55.16,a,,63.93,A,,62.96,Unknown,49.0,68.35,C,38.0,57.52,b,67.0,39.44, ,8.0,N/A, ,,9.91,A,52.0,42.04, 
1191,Luna,Unknown,12,4.1,Brown,Unknown,,Yes,Unknown,Paris,wet,,,64.32, ,25.0,49.74,a,12.0,53.82,Unknown,,48.51,a,82.0,66.9,b,77.0,52.37,B,29.0,61.79,A,78.0,41.59,B,54.0,35.41,B,46.0,14.34,a,61.0,2.32,b,50.0,71.3,D
1192,Simba,ABYSSINIAN,9,6.17,black ,Female,no,NO,No, london,,SICK,,55.58,C,71.0,35.49,a,43.0,51.29,a,5.0,56.71,C,26.0,39.35,b,51.0,39.23,D,5.0,57.79,Unknown,55.0,19.12,Unknown,84.0,63.75,b,,41.26,b,99.0,81.8,B,51.0,63.8,Unknown
1193,Bella,,23,3.97,black ,Unknown,N,NO,Yes,New York,Wet,Checkup Needed,05/01/2024,error,b,10.0,30.81,D,60.0,39.13,C,37.0,46.25, ,13.0,51.71,b,52.0,46.0, ,63.0,93.64,C,,10.07,C,35.0,79.16,D,,56.97,B,61.0,N/A,D,32.0,2.41,A
1194,Chloe,Sphynx,21,5.95,White,male,no,Yes,Unknown,Toronto,,,,71.61,b,84.0,62.82,C,24.0,42.1,C,69.0,26.27,A,22.0,57.77, ,,63.56,Unknown,46.0,,Unknown,,55.66,b,89.0,26.83,B,,68.09,a,6.0,42.63,D,51.0,56.93,C
1195,Shadow,persian,8,5.71,Brown,Unknown,Y,NO,,TOKYO,Mixed,SICK,Jan 5 2024,68.12,A,11.0,26.06,D,63.0,46.63, ,87.0,39.61, ,53.0,27.82,Unknown,23.0,17.94,b,39.0,35.16,A,22.0,24.74,B,21.0,62.81,A,11.0,28.55,Unknown,53.0,31.84,A,52.0,50.48,D
1196,Shadow,Unknown,17,4.05,Black,Unknown,yes,,Yes,Paris,dry,healthy,2024-01-05,25.51,Unknown,9.0,39.98,A,88.0,94.42,C,16.0,23.49,Unknown,95.0,51.28,B,35.0,59.06,B,96.0,58.49,C,17.0,75.03,B,43.0,28.61,D,98.0,80.87,D,20.0,59.17,B,69.0,unknown,C
1197,Kitty,Scottish Fold,2,3.24,Black,M,No,,,Sydney,wet,SICK,,42.61, ,43.0,39.01, ,7.0,44.97,D,36.0,55.48,b,50.0,18.96,B,77.0,25.77,D,70.0,73.31,C,97.0,52.42, ,15.0,47.22, ,39.0,39.97,a,73.0,25.68,b,79.0,81.28,B
1198,Nala, Abyssinian,18,4.56,Black,male,,YES,Yes,Toronto,Dry,,,58.01,D,,10.9, ,63.0,38.32, ,16.0,70.03,Unknown,83.0,32.84, ,95.0,78.09,B,70.0,11.94, ,89.0,73.22,a,29.0,64.2,a,0.0,46.13,a,37.0,19.06,A,4.0,69.24,a
1199,Simba,BRITISH SHORTHAIR,5,3.87,Black,Unknown,yes,NO,,Paris,wet,Checkup Needed,Jan 5 2024,58.03,b,40.0,52.98,a,30.0,18.05,C,54.0,81.4,A,72.0,61.06,A,66.0,89.58,D,71.0,58.48,b,40.0,57.0,Unknown,55.0,22.86,C,85.0,57.55,B,,40.77,D,32.0,53.3,a
1200,Bella,Unknown,-1,5.55,Mixed,M,,YES,,Berlin,,SICK,2024/01/05,78.73,B,22.0,71.24, ,79.0,43.62,A,64.0,70.45, ,66.0,22.27,Unknown,,44.16,A,79.0,71.94,b,36.0,36.34,C,,52.87,B,21.0,31.52, ,48.0,66.69, ,84.0,54.84,B
1201,Shadow,Persian,21,3.81,Mixed,Female,Y,No,No,Tokyo,,Sick,2024/01/05,64.6,A,20.0,38.85, ,83.0,40.41,b,11.0,17.71,A,31.0,42.18,a,42.0,53.49,b,74.0,-5.03,a,10.0,49.4,A,11.0,63.0, ,42.0,35.89,D,51.0,76.13,Unknown,98.0,61.29,D
1202,Milo,British Shorthair ,21,1.05,Brown,Unknown,No,NO,Yes,,Wet,Checkup Needed,Jan 5 2024,53.53,a,98.0,74.14,B,58.0,73.84,a,98.0,41.72,b,37.0,69.26,b,7.0,69.61,A,93.0,34.29,D,96.0,65.46,B,21.0,45.21,a,,27.59, ,,93.37,B,54.0,31.33,D
1203,Luna,,22,5.05,Gray,Female,N,No,No,Paris,Wet,Healthy,Jan 5 2024,47.98,B,93.0,30.3,A,,57.87,Unknown,,5.51, ,19.0,35.31,D,64.0,55.97,Unknown,62.0,35.01,D,15.0,68.17,A,53.0,59.9,B,67.0,53.28,Unknown,12.0,25.96,C,35.0,64.17, 
1204,Luna,Maine Coon,23,6.35,Black,F,No,,No, london,Mixed,Sick,2024-01-05,22.09,B,24.0,49.17,b,64.0,72.87,a,97.0,76.23,D,7.0,87.21,C,7.0,39.26,b,3.0,45.51,Unknown,6.0,51.95,D,70.0,48.83,Unknown,,58.5,B,,46.69,D,8.0,39.88,a
1205,Lucy,Unknown,3,1.53,black ,Male,Yes,,Yes,Tokyo,Wet,healthy,05/01/2024,47.69,B,23.0,33.5,a,3.0,87.51,A,77.0,95.1,D,80.0,71.19,a,56.0,48.11,b,21.0,68.72,b,98.0,41.27,A,33.0,77.2,B,81.0,53.21,C,5.0,28.38,Unknown,41.0,50.0,Unknown
1206,Oreo,british shorthair,20,5.88,Black,,yes,NO,,Berlin,,,Jan 5 2024,47.66,Unknown,13.0,84.03,a,36.0,85.16,a,9.0,58.65,A,,42.66,C,97.0,63.76,Unknown,31.0,59.7,D,7.0,37.35,A,96.0,26.79,a,63.0,-6.07,b,59.0,65.51,A,89.0,41.02, 
1207,Bella,Unknown,15,4.23,Black,M,N,,Unknown,TOKYO,Dry,Checkup Needed,2024/01/05,53.66,C,21.0,54.21,Unknown,75.0,30.18,Unknown,72.0,80.09,C,65.0,36.77,Unknown,48.0,73.43,Unknown,66.0,54.46,C,87.0,85.86,b,30.0,69.41,B,60.0,31.44,C,22.0,47.53,B,68.0,33.94, 
1208,Kitty,SPHYNX,14,1.81,White,Unknown,Y,No,Unknown,Berlin,wet,,05/01/2024,66.1,A,31.0,25.79,a,,54.09,C,84.0,47.7,A,86.0,error,B,44.0,49.99,D,85.0,61.62,C,20.0,52.75,D,,92.18,a,84.0,51.61,C,80.0,51.25,b,43.0,30.35,B
1209,Leo,British Shorthair,14,3.29,Gray,,no,NO,,TOKYO,,Sick,,28.97,D,40.0,49.26,Unknown,,28.16,Unknown,51.0,26.77, ,35.0,28.9,C,64.0,31.78,B,21.0,1.74,D,72.0,39.55, ,25.0,14.32,a,1.0,38.6,C,94.0,38.96,b,,26.58,C
1210,Kitty,RAGDOLL,-2,2.66,Mixed,,,Yes,,TOKYO,dry,Sick,2024-01-05,74.55,D,34.0,42.39,Unknown,5.0,35.79,Unknown,61.0,62.64,D,94.0,79.16,a,,48.9,D,30.0,67.29,b,99.0,8.97,C,9.0,18.15,a,1.0,46.17,a,48.0,75.01,b,24.0,25.44, 
1211,Tiger,Ragdoll ,16,6.27, WHITE,F,no,NO,,TOKYO,wet,Checkup Needed,Jan 5 2024,40.27,D,89.0,55.06,D,38.0,54.92,Unknown,25.0,74.17,C,4.0,72.24,b,34.0,53.57,B,9.0,69.54,D,83.0,57.38,b,,59.53,D,8.0,47.57,C,,9.04, ,36.0,51.88,D
1212,Lucy,Unknown,1,4.19,Brown,,no,No,No,Sydney,Dry,healthy,2024-01-05,68.38,Unknown,53.0,error,b,25.0,77.59,b,80.0,46.39,b,96.0,69.19,a,61.0,57.8,C,50.0,23.16,Unknown,66.0,48.26, ,24.0,64.28,A,11.0,101.83,b,47.0,,A,25.0,41.79,Unknown
1213,Lucy,Abyssinian ,-1,7.25,,female,Y,No,Yes, london,wet,,05/01/2024,56.21,a,64.0,40.49, ,49.0,74.5,a,44.0,34.16,C,43.0,55.83,B,94.0,50.32,C,44.0,17.07, ,18.0,33.63,C,2.0,44.06,b,55.0,76.12, ,22.0,37.91,B,62.0,61.39,B
1214,Milo,PERSIAN,4,4.83, WHITE,Male,no,No,Yes,TOKYO,Wet,Healthy,2024/01/05,48.23, ,37.0,39.29,a,3.0,79.6,Unknown,,50.33, ,82.0,46.93,a,68.0,87.9,Unknown,83.0,46.98,A,,35.5,a,12.0,29.99,b,9.0,60.34,b,76.0,61.2,Unknown,5.0,N/A,Unknown
1215,Simba,Abyssinian ,18,3.75,White,F,N,Yes,Yes, london,wet,Healthy,Jan 5 2024,31.83,D,73.0,25.83,A,87.0,94.5, ,9.0,41.41,A,66.0,39.74,D,65.0,46.81,D,,45.96, ,33.0,93.09,C,22.0,21.02,b,39.0,37.95,b,73.0,52.76,B,44.0,66.15,A
1216,Simba,persian,-2,1.47, WHITE,female,yes,No,Unknown,Tokyo,dry,Checkup Needed,2024-01-05,47.68, ,25.0,82.05,D,1.0,79.49,D,87.0,52.57,D,82.0,31.19,Unknown,62.0,54.87,Unknown,,30.1,C,79.0,28.42,D,35.0,90.41,b,96.0,38.15,Unknown,24.0,21.04,a,83.0,-11.9, 
1217,Chloe,,6,4.24,White,female,N,No,Unknown,Tokyo,wet,SICK,,45.9,D,67.0,55.12,D,98.0,25.41,C,74.0,35.09,D,84.0,37.96, ,68.0,46.6,B,,36.87,Unknown,60.0,43.6,Unknown,57.0,40.33,Unknown,18.0,41.29,B,95.0,52.57,D,16.0,75.34,A
1218,Luna,Unknown,22,5.28,black ,M,yes,YES,Unknown,,Mixed,Sick,,41.88, ,51.0,59.62,C,3.0,73.97,Unknown,28.0,59.11,Unknown,98.0,55.89,D,76.0,107.09,b,,21.44,a,88.0,49.16,A,63.0,3.26,b,79.0,52.09,Unknown,14.0,38.08,A,15.0,48.44,C
1219,Simba,SPHYNX,4,4.33,Orange,M,yes,No,No,New York,wet,,,48.8,A,99.0,61.0, ,98.0,44.01,C,20.0,48.11, ,,42.56,Unknown,52.0,91.64,B,76.0,37.7,C,95.0,47.25,D,94.0,38.23,a,95.0,57.16,b,10.0,43.57,b,,67.0, 
1220,Kitty,MAINE COON,9,2.56, WHITE,Unknown,No,No,Yes,Sydney,dry,healthy,,53.61,Unknown,70.0,30.17, ,85.0,35.4,C,40.0,57.05, ,43.0,31.29, ,79.0,43.35,a,65.0,38.3,Unknown,81.0,55.54,a,71.0,83.99,A,67.0,28.97,Unknown,,76.28,Unknown,80.0,51.68,D
1221,Luna,Siamese ,2,3.21,Gray,Unknown,,,No,,Wet,Sick,2024-01-05,84.36,A,66.0,69.26,C,76.0,64.55,Unknown,61.0,29.4,B,46.0,23.11,D,56.0,65.0, ,8.0,66.05,A,12.0,-22.12,D,65.0,50.17,B,12.0,62.11,Unknown,,55.24, ,79.0,36.14,C
1222,Loki, Abyssinian,19,5.03, WHITE,M,,Yes,Unknown, london,Dry,,2024-01-05,62.08, ,85.0,35.67,Unknown,14.0,53.1,B,49.0,45.16,C,52.0,68.85,C,54.0,70.47,b,92.0,39.96,B,92.0,63.77,B,12.0,28.86,D,69.0,error,a,,53.24,A,87.0,30.17, 
1223,Oliver,SIAMESE,3,3.95,Mixed,M,Yes,Yes,No,Berlin,Mixed,SICK,,28.23,D,3.0,70.2,b,,59.72,D,46.0,44.62,B,30.0,36.98, ,62.0,42.16,D,85.0,80.03,Unknown,81.0,41.55,D,80.0,46.64, ,35.0,35.24,B,2.0,72.5,D,6.0,N/A,b
1224,Simba,Siamese ,5,3.43,,male,Yes,,Yes,Sydney,Mixed,healthy,,71.12,B,8.0,39.95,C,,55.06, ,49.0,40.3,C,,66.6,a,72.0,34.3,C,21.0,53.87,A,91.0,44.45,b,67.0,65.56,B,46.0,68.05,D,19.0,60.54,A,12.0,40.6,a
1225,Bella,,21,4.91,Mixed,Male,Y,Yes,No,New York,dry,Sick,Jan 5 2024,43.01,A,45.0,38.27,B,24.0,63.02,A,,39.65,b,0.0,43.1, ,32.0,70.92,B,,50.51,C,48.0,64.66,B,53.0,63.16, ,96.0,34.91,a,17.0,72.56,a,90.0,76.44,b
1226,Oreo, Maine Coon,23,5.46,White,female,Y,YES,No,Tokyo,,Checkup Needed,2024/01/05,14.88, ,35.0,21.98,b,72.0,7.89,B,43.0,71.49,D,86.0,62.32,Unknown,86.0,56.44,B,,38.12, ,8.0,38.11,A,46.0,50.3,Unknown,52.0,25.93,C,,5.53,B,29.0,48.5,B
1227,Oliver,Persian ,17,5.26,Mixed,male,,YES,,London,Dry,SICK,2024/01/05,12.32,B,20.0,48.97,Unknown,55.0,6.31,a,18.0,82.08,b,,58.11, ,,42.97, ,,44.14, ,24.0,67.78, ,,16.88, ,,65.6,A,88.0,68.19,B,56.0,63.43,Unknown
1228,Nala,BENGAL,8,2.47,Black,,Yes,YES,Unknown,Paris,Dry,Sick,2024/01/05,27.28,Unknown,62.0,53.45,Unknown,21.0,33.32,C,26.0,21.78,B,64.0,36.13,C,57.0,70.81,D,52.0,64.97,a,57.0,29.36,D,83.0,66.07,Unknown,48.0,51.46,Unknown,51.0,25.29, ,45.0,N/A,D
1229,Chloe,Siamese ,3,4.95,Mixed,female,No,YES,,New York,wet,Sick,,24.18,C,3.0,30.86,b,12.0,60.35,B,46.0,73.6,Unknown,93.0,70.33,C,56.0,25.68,C,,39.87,a,,75.81, ,32.0,28.74,A,2.0,20.16,D,15.0,34.98,b,93.0,62.16,b
1230,Bella,bengal,3,7.65,,,no,Yes,,Sydney,dry,Checkup Needed,2024/01/05,58.18,C,18.0,38.09,B,51.0,48.93,b,15.0,9.79,b,47.0,62.76,B,9.0,64.61,a,26.0,29.63,Unknown,78.0,27.11,b,89.0,65.97,C,50.0,51.56,A,79.0,unknown,A,66.0,38.61,a
1231,Kitty, Bengal,2,3.28,black ,,yes,NO,Yes,Toronto,Dry,SICK,,31.36,B,87.0,42.19,D,19.0,52.07,C,70.0,55.07,D,53.0,41.29,a,36.0,40.69,a,28.0,28.3,b,53.0,N/A,B,81.0,93.69,Unknown,17.0,55.05, ,45.0,44.04,D,12.0,70.55,A
1232,Kitty,Bengal ,8,4.49,Brown,Male,Y,NO,Yes,Paris,wet,Checkup Needed,05/01/2024,32.43,C,80.0,52.63,a,60.0,68.66,A,36.0,52.0,B,,21.49, ,,42.68,b,58.0,14.54,a,7.0,58.3,a,,60.7,a,14.0,42.98,a,25.0,42.21, ,86.0,35.39,D
1233,Loki,SCOTTISH FOLD,23,7.1,White,,,NO,No,,,Checkup Needed,2024-01-05,20.6,B,28.0,27.69,D,63.0,6.55,a,35.0,52.43,B,20.0,24.95,D,13.0,72.3,b,92.0,47.58,D,54.0,46.72,A,67.0,83.68,a,59.0,56.18,a,,80.57,D,43.0,,Unknown
1234,Milo,MAINE COON,10,6.63,Orange,Male,yes,NO,, london,Wet,Healthy,2024-01-05,unknown,C,36.0,69.91, ,90.0,30.53,D,92.0,48.79,A,78.0,65.71,C,,31.77,a,77.0,35.33,A,2.0,78.61,a,,36.93,Unknown,26.0,37.21,C,35.0,36.13, ,39.0,61.78,C
1235,Bella,Ragdoll ,14,2.79,Brown,Male,No,Yes,No, london,,,,43.86, ,13.0,39.1, ,29.0,39.51,D,,63.79,b,19.0,19.12,a,,17.68,D,37.0,67.61,a,80.0,57.4,A,,68.18,Unknown,,49.19,b,83.0,44.25,D,85.0,44.52,b
1236,Lucy,bengal,23,3.38,Black,Female,Yes,NO,Unknown,New York,dry,Checkup Needed,,16.77,b,23.0,27.76, ,86.0,11.62,a,65.0,81.16,C,51.0,47.24,C,8.0,90.47, ,67.0,35.8,B,94.0,46.13,B,12.0,36.49,b,59.0,50.03,A,43.0,72.61,Unknown,61.0,57.68, 
1237,Loki,,3,5.92, WHITE,female,Y,No,Yes,New York,dry,healthy,2024/01/05,10.28,a,18.0,38.13,B,66.0,45.26,B,90.0,38.78,A,57.0,14.31,B,5.0,59.66,B,16.0,40.02,B,,50.37,D,52.0,88.34,C,3.0,32.82,a,8.0,30.25,C,60.0,68.54,b
1238,Bella,ragdoll,11,4.53,,Female,N,YES,Yes, london,dry,Checkup Needed,Jan 5 2024,26.29,D,10.0,45.28,B,49.0,74.04,B,41.0,32.81,Unknown,14.0,43.29,B,62.0,53.01,Unknown,64.0,24.06, ,,34.89,D,13.0,48.69,Unknown,30.0,43.47,D,21.0,21.72,C,22.0,38.3,b
1239,Bella,Sphynx ,9,4.54,Brown,female,yes,No,No,New York,Dry,SICK,05/01/2024,45.07,C,43.0,54.31,Unknown,45.0,57.74,C,16.0,47.83,D,15.0,76.71,a,68.0,78.18,b,90.0,12.08,D,33.0,52.61,Unknown,96.0,77.6,A,98.0,50.06,b,41.0,21.17,D,10.0,57.36, 
1240,Kitty,Persian,20,4.21,black ,male,Yes,,No, london,wet,Sick,,38.57,Unknown,37.0,71.48,Unknown,54.0,79.72,D,,89.55,B,23.0,47.41,D,,47.96,C,41.0,65.39,a,54.0,64.77,b,24.0,38.92,b,75.0,80.94,Unknown,31.0,-3.35,b,60.0,89.24, 
1241,Leo,RAGDOLL,8,7.41,Mixed,Unknown,no,YES,No,New York,Dry,healthy,Jan 5 2024,43.74,Unknown,99.0,69.39,B,86.0,32.87,Unknown,,65.31,B,34.0,85.93,A,,36.77,D,52.0,30.3,C,93.0,52.3,A,47.0,54.72,a,8.0,22.19,A,61.0,68.49,b,,52.24,Unknown
1242,Nala,Ragdoll,5,2.78,,M,no,Yes,Unknown,,wet,Healthy,Jan 5 2024,69.19,b,99.0,40.73,b,11.0,40.44, ,63.0,37.43,Unknown,18.0,50.61,a,76.0,45.74, ,20.0,48.58,D,13.0,82.63,a,19.0,46.23,B,31.0,66.14,Unknown,55.0,6.7,B,,72.2, 
1243,Milo,Siamese ,-2,4.23,White,male,Y,,,Tokyo,Dry,Sick,,49.01, ,72.0,70.02,a,,35.61,b,98.0,35.91,a,,65.54,C,86.0,43.64,D,24.0,35.86,A,74.0,57.92,Unknown,42.0,71.2,a,57.0,59.97,a,94.0,81.13,a,35.0,43.62,A
1244,Loki,PERSIAN,22,6.32, WHITE,female,no,Yes,Unknown,TOKYO,wet,Checkup Needed,Jan 5 2024,66.09,D,45.0,104.42,Unknown,90.0,17.41,D,40.0,77.17,A,50.0,112.98,A,89.0,28.42,B,16.0,26.97,C,49.0,14.93,C,77.0,44.82,C,83.0,60.77,b,40.0,32.18,C,47.0,48.22,Unknown
1245,Oliver,siamese,14,3.66,Brown,M,Yes,No,No,TOKYO,wet,Sick,,65.15, ,45.0,37.8,C,39.0,26.35, ,62.0,33.92,Unknown,63.0,44.88,B,40.0,40.49,a,94.0,30.58,C,20.0,46.22,a,24.0,58.39,A,77.0,76.76,b,11.0,30.53,C,74.0,36.12,B
1246,Shadow,sphynx,21,2.59, WHITE,,No,YES,Yes,London,,SICK,2024/01/05,69.99,b,61.0,23.6,a,68.0,29.68,a,34.0,60.83, ,96.0,28.64, ,16.0,84.89,Unknown,3.0,45.56,a,0.0,14.94,C,25.0,26.0,a,77.0,46.01,C,30.0,88.03,B,,22.49,Unknown
1247,Simba,Abyssinian ,22,6.68,Gray,M,N,,Unknown,New York,wet,Checkup Needed,,51.54, ,80.0,50.66,a,94.0,43.07,b,14.0,33.54,Unknown,,35.51,C,34.0,46.38, ,62.0,60.22,D,69.0,70.1,Unknown,46.0,61.61,Unknown,75.0,51.41, ,65.0,42.98,D,52.0,-0.19,C
1248,Loki,,22,2.35,Black,M,N,,,New York,dry,Sick,,54.27,B,,50.51,b,52.0,46.64,D,,31.77, ,58.0,25.48,B,19.0,84.68,A,65.0,59.36,A,9.0,81.37,A,30.0,21.68,A,96.0,51.32,a,3.0,79.58,a,4.0,79.29,B
1249,Milo,Scottish Fold,23,5.05,White,male,No,No,No,,dry,,05/01/2024,54.53,C,13.0,70.01,D,22.0,55.19,A,65.0,58.2,D,18.0,63.86,C,91.0,52.15,a,0.0,66.55,b,55.0,11.56,Unknown,66.0,84.68,b,36.0,47.99,A,95.0,32.86,C,69.0,31.17,D
1250,Nala,British Shorthair ,18,4.19,Black,M,Y,NO,Unknown,New York,wet,Checkup Needed,2024-01-05,33.32,a,71.0,58.14,Unknown,46.0,17.9,Unknown,2.0,26.7,Unknown,74.0,50.42,Unknown,35.0,38.96,B,69.0,40.19,C,96.0,49.28,D,96.0,27.79,B,96.0,68.02,C,34.0,32.04,a,96.0,72.86,a
1251,Oreo,,12,6.18,,female,Yes,NO,Unknown,TOKYO,Mixed,SICK,2024/01/05,47.88,A,83.0,64.37,C,52.0,54.39,a,81.0,31.81,b,79.0,53.55,a,71.0,71.41,A,9.0,48.62,b,74.0,89.91,a,,51.44,B,48.0,70.09,D,83.0,62.38,a,83.0,53.61, 
1252,Oliver,British Shorthair,-2,6.2,Brown,Unknown,yes,Yes,Unknown,Sydney,Dry,,Jan 5 2024,78.43,A,14.0,63.66,A,,43.08,Unknown,69.0,52.56,C,17.0,39.92,b,3.0,45.48,C,16.0,66.87, ,16.0,41.42,A,,49.81,a,74.0,76.07,b,77.0,45.17,D,24.0,66.61,Unknown
1253,Leo,Siamese ,12,4.58,Black,female,,,,New York,dry,SICK,05/01/2024,52.85, ,,30.69,b,67.0,70.19,a,11.0,48.05,b,,44.82,D,44.0,57.96,D,,29.22,D,4.0,33.64,B,8.0,37.6,Unknown,77.0,10.98,Unknown,68.0,79.99,C,56.0,73.79,D
1254,Leo,SCOTTISH FOLD,1,4.09, WHITE,female,no,No,Yes,Berlin,Mixed,healthy,Jan 5 2024,76.72,Unknown,4.0,75.86, ,48.0,51.36,A,97.0,77.77,C,,72.35,D,99.0,20.37,C,89.0,26.91,a,81.0,45.13,C,99.0,53.38,D,,59.28, ,4.0,68.8,B,,78.89,C
1255,Tiger,MAINE COON,20,2.96, WHITE,Male,Y,Yes,Yes, london,Dry,Checkup Needed,05/01/2024,47.52,b,24.0,31.93,a,72.0,85.09,B,88.0,71.84,a,8.0,40.55,A,64.0,25.67,a,,45.05,B,,60.96,a,31.0,74.87,B,48.0,64.24,B,84.0,22.6,Unknown,25.0,57.36,Unknown
1256,Lucy,Unknown,13,5.4,black ,male,N,,Yes,New York,wet,Sick,2024/01/05,52.97,C,78.0,33.04,A,89.0,48.31,b,91.0,21.74,Unknown,15.0,76.31,A,49.0,79.09,a,60.0,53.98,C,88.0,55.63,Unknown,75.0,78.86,Unknown,54.0,18.43,D,54.0,47.82,b,88.0,13.21, 
1257,Tiger,Unknown,6,5.1,Orange,M,no,NO,No,New York,dry,SICK,Jan 5 2024,43.15,C,29.0,69.82,a,63.0,42.41,C,3.0,54.02,A,91.0,59.24,b,84.0,39.6,A,69.0,unknown,b,,37.48,b,82.0,47.81,b,98.0,68.23,C,36.0,47.96,Unknown,,67.47,a
1258,Loki,Sphynx,1,6.11,Mixed,F,N,NO,Yes,Sydney,wet,healthy,,50.6,Unknown,54.0,44.57,a,44.0,54.29,D,21.0,32.79,Unknown,,62.85, ,13.0,61.88,C,,61.27,D,7.0,34.04, ,24.0,53.85,C,27.0,41.92,D,22.0,1.72,C,86.0,42.66, 
1259,Milo,,2,5.51,Black,female,No,YES,,Paris,Wet,Healthy,,42.24,C,17.0,79.95,D,66.0,N/A,A,60.0,64.3,D,63.0,39.13,b,13.0,63.77, ,99.0,47.55,Unknown,7.0,58.53,C,0.0,86.62,C,,57.58,a,21.0,53.02, ,61.0,70.94,B
1260,Chloe,Unknown,18,2.9,Gray,M,Yes,YES,No,,Wet,,2024/01/05,79.07,D,36.0,59.65,A,22.0,46.04,Unknown,15.0,79.8,Unknown,49.0,59.36,b,56.0,37.7,B,19.0,65.89, ,34.0,71.21,C,80.0,36.08,C,47.0,error,D,39.0,82.49,B,,17.47,A
1261,Kitty,Sphynx,12,7.16, WHITE,female,Yes,No,No,TOKYO,wet,Sick,2024-01-05,42.04,b,33.0,85.01,B,32.0,23.09, ,71.0,28.19,A,80.0,42.78,B,98.0,27.06,D,64.0,35.01,Unknown,47.0,49.29,C,79.0,53.1,D,5.0,38.19,b,68.0,37.74,C,9.0,21.03,a
1262,Oliver,RAGDOLL,2,4.19,Orange,Male,yes,No,Unknown,Tokyo,dry,Checkup Needed,Jan 5 2024,42.5,b,,59.74,a,91.0,43.66,B,85.0,48.41,A,60.0,67.37,b,51.0,33.49,D,96.0,unknown,C,71.0,,B,43.0,71.39,D,56.0,47.81, ,20.0,51.33,C,60.0,74.07,b
1263,Bella,Unknown,15,3.56,Gray,Female,N,,Yes,Berlin,Dry,Healthy,,36.14,b,38.0,75.03,a,81.0,69.78,Unknown,68.0,86.1,a,57.0,67.75,A,66.0,57.69,C,25.0,34.16,D,,66.02,a,,54.2,C,67.0,14.78,C,82.0,36.68,a,90.0,34.69,C
1264,Loki,Sphynx,17,3.51,,,Yes,NO,Unknown,Berlin,wet,SICK,,42.42,D,,49.72,a,,65.31,b,56.0,51.02,a,58.0,unknown,a,68.0,55.5,B,31.0,65.72,A,89.0,57.27,A,60.0,43.35,b,29.0,54.35,A,28.0,,D,5.0,37.21,B
1265,Chloe,,22,1.48,black ,M,N,Yes,No,,,healthy,2024/01/05,52.69,Unknown,70.0,73.52,D,24.0,21.54, ,53.0,35.83,C,52.0,54.61,b,25.0,10.64,b,71.0,49.92,Unknown,67.0,92.65,A,75.0,24.54,D,11.0,44.76,a,54.0,44.53,a,69.0,62.78, 
1266,Chloe,abyssinian,22,5.58,black ,female,Yes,Yes,No,Berlin,Wet,SICK,Jan 5 2024,83.57,Unknown,33.0,33.08,D,,34.25, ,65.0,61.29,B,49.0,75.71,D,99.0,17.83,B,96.0,22.07,D,10.0,51.19,A,55.0,62.03,Unknown,49.0,60.58,a,53.0,54.18,B,22.0,44.36,b
1267,Shadow,Sphynx ,1,3.72, WHITE,Male,N,No,Unknown,Paris,Wet,SICK,Jan 5 2024,26.07,B,,N/A,B,28.0,39.9,B,84.0,44.55,a,12.0,61.14, ,,83.86,Unknown,,15.37,a,65.0,45.57,C,18.0,63.42,B,24.0,62.06,A,10.0,60.31, ,65.0,16.77,D
1268,Milo,,16,4.4,Black,F,yes,NO,No,Tokyo,Wet,SICK,,35.27,C,75.0,73.78,C,52.0,55.11, ,,37.74,a,46.0,50.1, ,66.0,57.73,B,92.0,30.94,C,71.0,37.29,Unknown,52.0,55.61, ,50.0,98.19,B,78.0,44.49,b,29.0,75.6,D
1269,Bella, British Shorthair,-1,5.62,White,Unknown,no,,Unknown, london,Wet,healthy,,80.79,A,,71.29, ,93.0,50.72,C,23.0,79.83,a,54.0,37.77,A,6.0,85.79,b,,59.31,D,84.0,75.81, ,45.0,38.13,D,32.0,31.11,D,66.0,6.19,Unknown,40.0,25.36,b
1270,Shadow,Sphynx ,10,3.41,White,Unknown,Y,Yes,No,Sydney,Dry,,Jan 5 2024,56.87,b,45.0,63.74,C,,35.73,D,34.0,34.35,A,22.0,36.44,Unknown,80.0,58.07, ,,72.73,a,10.0,24.59,a,33.0,68.28, ,70.0,50.92,Unknown,19.0,31.03,b,76.0,48.82,C
1271,Loki,BENGAL,18,4.19,,,Y,NO,No,,Wet,SICK,2024/01/05,69.77,A,68.0,29.3,C,58.0,8.79, ,,72.85,B,49.0,87.37,b,7.0,61.56,D,84.0,48.27,Unknown,36.0,45.12,b,19.0,50.77,Unknown,,73.43,A,69.0,31.29,b,4.0,51.42, 
1272,Bella,,5,4.97,White,F,yes,Yes,No,New York,dry,healthy,,23.61,D,42.0,20.82,a,,61.98,B,2.0,19.15,C,86.0,48.84,D,65.0,26.45,a,,53.55,B,42.0,68.17,C,71.0,49.48,a,30.0,61.31,D,82.0,61.53,B,,49.65, 
1273,Simba, Abyssinian,20,4.32,White,Unknown,N,,No, london,Wet,,,55.26,C,,61.38, ,72.0,44.71,A,88.0,72.81,a,5.0,38.42,D,22.0,62.45,D,,61.71,Unknown,45.0,65.65, ,65.0,32.24,a,27.0,60.59,b,79.0,27.25,a,39.0,67.15,B
1274,Loki,Unknown,10,3.75,,M,N,YES,Unknown, london,Mixed,SICK,,34.66,a,25.0,63.27,B,42.0,34.16,Unknown,,75.65, ,63.0,38.09,a,2.0,44.53,A,76.0,55.17,a,31.0,39.45,D,67.0,71.73,a,28.0,62.98,A,98.0,77.03,a,84.0,41.51,a
1275,Loki, Siamese,22,4.14,Mixed,M,Yes,No,Yes,Tokyo,dry,Sick,Jan 5 2024,54.53,C,18.0,75.44, ,39.0,58.91,b,59.0,27.07,Unknown,6.0,49.71,b,23.0,39.86,D,5.0,48.52,a,18.0,47.96,Unknown,13.0,44.88,Unknown,64.0,69.57,B,30.0,38.62,b,,64.94,D
1276,Oliver,ragdoll,13,4.12,black ,M,No,NO,No,Berlin,,Healthy,,38.76,Unknown,87.0,47.94,Unknown,2.0,84.58,A,78.0,36.5,D,18.0,10.39,B,,73.95,a,13.0,62.41,b,56.0,40.2, ,90.0,76.8,b,63.0,79.65,C,38.0,34.03,A,32.0,33.84,C
1277,Lucy,Abyssinian,-2,5.98,Orange,F,Yes,YES,Unknown, london,,Sick,,43.9,B,63.0,60.44,B,69.0,60.2,B,87.0,12.41,D,95.0,43.7,B,33.0,46.93,C,12.0,73.45,C,54.0,45.81,a,,67.23,D,42.0,39.27,b,71.0,80.89,A,44.0,74.64,a
1278,Oliver,Unknown,-1,5.03,Orange,M,No,NO,, london,Dry,Healthy,,53.38,C,56.0,62.2,A,94.0,67.9,a,91.0,35.29,A,97.0,53.82,a,60.0,41.81,D,10.0,59.28,Unknown,,46.27,B,51.0,68.18,a,77.0,77.52,b,49.0,27.66,B,1.0,88.39, 
1279,Milo, Scottish Fold,11,3.5,,Male,yes,YES,Yes,New York,dry,Sick,2024-01-05,46.37, ,,13.45,D,50.0,76.68,C,82.0,60.91, ,32.0,35.11,Unknown,3.0,35.51, ,45.0,42.77,C,98.0,35.77,a,29.0,57.53,Unknown,38.0,81.93,Unknown,57.0,48.49,a,12.0,39.74, 
1280,Oreo,persian,-1,6.21,black ,Male,Yes,No,Unknown,Tokyo,dry,SICK,2024-01-05,64.01,a,77.0,64.69,b,,65.81,C,46.0,49.92,b,75.0,56.01,B,89.0,58.78,a,39.0,56.77,C,24.0,67.0,A,,48.91, ,36.0,48.32,A,55.0,49.58,Unknown,77.0,19.42,A
1281,Leo,SIAMESE,1,1.03,Mixed,F,no,Yes,Unknown,Paris,,SICK,,53.69, ,96.0,47.21,B,74.0,88.05,A,65.0,53.97,Unknown,,56.56,Unknown,28.0,20.06,B,90.0,29.44,Unknown,63.0,69.22,A,82.0,26.82,Unknown,52.0,47.16,Unknown,85.0,80.55,b,56.0,48.48,a
1282,Luna,,5,7.98,Black,Female,Yes,YES,,Toronto,,,05/01/2024,48.94,a,52.0,108.89,a,46.0,56.29,C,87.0,51.08,b,15.0,56.65,A,2.0,68.69, ,24.0,61.91,C,32.0,22.77,Unknown,,46.11,C,17.0,64.02,a,86.0,80.86,B,46.0,31.6,D
1283,Lucy,maine coon,22,4.58, WHITE,Unknown,Yes,,Yes, london,Dry,healthy,,74.1,B,57.0,70.12,A,,65.83,b,31.0,52.86,A,19.0,40.47,C,26.0,54.33,a,9.0,74.51,a,99.0,65.93,B,72.0,69.45,B,49.0,52.85,B,86.0,74.46,A,18.0,71.8,C
1284,Milo,Scottish Fold,2,3.21,Mixed,F,,No,Unknown,Sydney,Dry,SICK,Jan 5 2024,27.52,C,75.0,17.99,Unknown,24.0,57.14,C,13.0,30.65,C,42.0,54.91,D,25.0,47.76,C,42.0,54.92,B,73.0,-4.18,D,64.0,30.57,C,47.0,45.16,B,28.0,47.25, ,4.0,35.51,D
1285,Shadow,Ragdoll ,4,6.05,black ,,No,No,Yes,New York,wet,Healthy,,69.34,Unknown,,6.82, ,44.0,47.26,B,35.0,50.85,B,29.0,19.38,C,44.0,46.44,b,49.0,42.77,A,48.0,51.33,C,57.0,76.87,A,13.0,-5.75,Unknown,74.0,61.43,a,31.0,74.7,D
1286,Milo,British Shorthair,24,6.8,,,yes,No,No,Sydney,dry,Sick,,52.24,A,77.0,25.32, ,91.0,70.55,b,43.0,47.21,C,52.0,58.42,D,84.0,90.2,C,95.0,56.06,a,17.0,71.34, ,87.0,27.32,a,,47.39,b,44.0,83.49,B,62.0,56.91,b
1287,Tiger,abyssinian,0,5.04,Orange,F,Y,Yes,,New York,dry,Healthy,2024/01/05,61.59,a,,68.95,a,48.0,59.81,D,24.0,84.54,C,77.0,89.14,a,58.0,33.52,D,14.0,41.85,A,68.0,37.43,Unknown,78.0,34.22,D,,72.87, ,78.0,33.91,a,43.0,21.86,C
1288,Kitty,SCOTTISH FOLD,11,5.77,Black,male,yes,YES,No,Sydney,Mixed,Healthy,Jan 5 2024,17.45,b,68.0,73.99,B,16.0,60.45,a,33.0,86.92,Unknown,32.0,44.87,D,,21.47,A,16.0,29.99, ,96.0,61.89,C,,10.39,B,32.0,13.37,A,21.0,unknown,b,74.0,77.59,Unknown
1289,Shadow, Sphynx,4,4.15,,male,no,,Unknown, london,Mixed,Checkup Needed,2024-01-05,41.19,C,46.0,49.64, ,40.0,58.81,D,24.0,58.54, ,75.0,35.55,a,3.0,32.32,C,73.0,83.65,D,12.0,63.75,a,14.0,78.56,b,3.0,61.56,b,56.0,37.79,A,7.0,67.14,B
1290,Nala, British Shorthair,13,4.82,White,Male,No,Yes,Unknown, london,Dry,Healthy,2024-01-05,56.04,a,64.0,64.79,C,74.0,88.44,a,12.0,64.64,D,64.0,82.76,A,90.0,56.72,a,,53.69,b,25.0,56.56,A,63.0,43.11,D,52.0,56.91,b,65.0,30.76,B,,53.06,Unknown
1291,Tiger,persian,23,2.71,Orange,Unknown,,,No,London,dry,healthy,05/01/2024,72.22,B,42.0,54.13,C,6.0,14.06, ,45.0,58.83,A,66.0,34.24,C,88.0,62.09, ,2.0,23.59,B,16.0,60.27,A,32.0,74.11, ,,17.0,a,72.0,37.35,D,96.0,90.15,B
1292,Kitty,ABYSSINIAN,14,3.58,black ,female,Y,,Yes, london,Dry,SICK,05/01/2024,7.77,b,54.0,44.27,Unknown,79.0,40.92,Unknown,4.0,74.18,B,27.0,56.48,b,42.0,8.74,B,,49.5,D,64.0,25.96,B,74.0,69.34,b,34.0,77.56, ,96.0,63.68, ,34.0,59.29,A
1293,Leo,bengal,14,2.58,Gray,Female,yes,,,Berlin,,healthy,,32.16,D,69.0,67.12, ,,43.73,D,45.0,N/A,A,45.0,68.09,B,8.0,96.36,Unknown,58.0,34.56,A,,71.63,A,94.0,41.83,Unknown,0.0,35.59,D,27.0,36.92,B,77.0,65.24,C
1294,Luna,maine coon,16,6.87,Mixed,male,No,Yes,Unknown,New York,Wet,Checkup Needed,Jan 5 2024,56.68,B,79.0,22.46,B,63.0,10.66,a,61.0,71.49,b,61.0,64.32,Unknown,61.0,120.77,A,13.0,29.16,b,95.0,69.47,B,11.0,24.16,Unknown,97.0,46.49,b,14.0,64.75,a,47.0,27.72,a
1295,Simba,,7,3.95,Black,female,No,,Unknown,Paris,dry,Checkup Needed,05/01/2024,37.52,A,31.0,54.49,a,15.0,48.03,b,32.0,58.31,Unknown,24.0,-5.96,B,52.0,58.53,C,93.0,83.84,C,56.0,53.83,A,24.0,37.2,C,33.0,48.41,C,36.0,68.78,b,63.0,74.4,A
1296,Chloe,maine coon,23,3.02,Gray,M,Y,,Unknown,London,Wet,Checkup Needed,05/01/2024,57.89, ,76.0,59.99,b,92.0,42.67,C,93.0,33.26,Unknown,,24.53,C,2.0,73.86,Unknown,27.0,59.09,B,85.0,61.5, ,6.0,23.15,A,62.0,65.97,D,40.0,74.87,Unknown,55.0,61.51, 
1297,Leo,ABYSSINIAN,-2,3.72,,M,,No,,,,,,41.01,C,67.0,15.87,D,71.0,54.98,C,53.0,58.25,b,25.0,69.36,B,6.0,43.42, ,,59.1,C,91.0,50.83,B,20.0,39.12,C,37.0,52.86,C,50.0,71.36,D,49.0,48.71,B
1298,Chloe,Abyssinian,13,5.82,Orange,,yes,,No,Tokyo,wet,SICK,Jan 5 2024,70.27, ,61.0,68.02,Unknown,11.0,37.75, ,95.0,34.34,D,2.0,68.52,B,61.0,35.3,D,56.0,67.24, ,66.0,86.81,b,78.0,48.91,B,76.0,42.38,C,,57.04,D,14.0,14.95,A
1299,Oreo,maine coon,19,4.27,,M,Y,,,,dry,Checkup Needed,2024/01/05,22.43, ,4.0,61.18,B,0.0,53.78,a,,25.0,A,64.0,74.06, ,26.0,29.25,a,12.0,32.47, ,93.0,57.4,C,41.0,52.23,D,4.0,52.87,b,54.0,17.43,B,40.0,48.92,D
1300,Chloe,Unknown,14,3.65,Gray,female,N,,No,TOKYO,Wet,Healthy,05/01/2024,35.64,D,26.0,33.31,C,72.0,32.85, ,42.0,63.5,B,41.0,22.32,A,,80.6,A,95.0,23.15,D,77.0,44.96, ,46.0,40.05,B,32.0,81.83, ,99.0,62.59,D,54.0,66.47, 
1301,Tiger,maine coon,8,1.99,Brown,M,yes,No,Yes,Berlin,Wet,,,56.89,C,70.0,24.45, ,36.0,51.06, ,73.0,4.17,b,67.0,64.3,A,16.0,44.75,b,8.0,50.93,C,0.0,28.5,Unknown,2.0,51.07,b,80.0,56.14,A,49.0,45.03,A,34.0,39.07,A
1302,Oliver,abyssinian,2,2.79,Mixed,Male,yes,Yes,Unknown,,,,2024-01-05,56.54,C,45.0,11.55,b,22.0,error,D,16.0,71.51,b,1.0,44.35,C,24.0,81.49,a,68.0,80.14,b,87.0,75.15,D,,29.62,D,89.0,31.92, ,2.0,49.09,C,28.0,58.65, 
1303,Bella,Unknown,5,4.25,Brown,male,Y,No,No,Sydney,Dry,Sick,,43.1,B,53.0,83.51,Unknown,15.0,66.27,b,99.0,54.21,Unknown,5.0,,b,4.0,30.26,A,55.0,48.24, ,39.0,29.54,A,42.0,50.98,B,57.0,19.71,a,38.0,33.07,D,88.0,92.48,C
1304,Shadow,Bengal ,21,4.64,Brown,female,yes,Yes,No,Tokyo,Wet,Healthy,,unknown,Unknown,59.0,43.63,Unknown,97.0,66.13,C,33.0,73.6,D,10.0,55.49,D,99.0,42.42, ,79.0,59.33,A,31.0,78.4,C,40.0,91.26,b,4.0,50.53,C,58.0,54.2,Unknown,41.0,40.53,a
1305,Simba,,15,2.21,,F,No,,Unknown,TOKYO,dry,Sick,Jan 5 2024,31.76,B,37.0,70.68,A,71.0,33.06,a,4.0,41.5,Unknown,99.0,34.15,a,33.0,64.63, ,3.0,40.37, ,55.0,64.43,C,93.0,68.65,D,,57.65,C,94.0,49.98, ,1.0,52.86,B
1306,Oreo,Unknown,6,16.44,Orange,F,,,,Berlin,dry,SICK,2024/01/05,89.95,a,19.0,51.49,C,59.0,39.06,B,46.0,70.56,a,20.0,34.89,D,11.0,48.11,Unknown,92.0,41.44,Unknown,39.0,70.73,a,66.0,79.05,B,98.0,61.15,C,93.0,44.0,D,29.0,35.27, 
1307,Leo,,4,5.71, WHITE,female,Yes,No,,Toronto,dry,Checkup Needed,,73.71,A,12.0,73.39,B,36.0,46.82,A,10.0,64.8, ,61.0,85.96,Unknown,10.0,45.24, ,4.0,58.63,A,48.0,63.03,Unknown,53.0,61.46,B,35.0,68.37,B,26.0,41.31,A,66.0,81.43, 
1308,Loki,Bengal,11,4.96,Orange,,Y,YES,, london,Dry,Healthy,2024-01-05,63.49,Unknown,69.0,35.42,Unknown,68.0,26.98,C,52.0,48.56,b,4.0,62.3,B,58.0,48.26,B,55.0,79.87,a,50.0,44.34,D,5.0,41.62, ,12.0,25.12, ,,40.21,A,99.0,52.24,B
1309,Simba,british shorthair,3,29.58,,Female,Y,YES,Yes,Sydney,,healthy,,50.24, ,66.0,46.01,a,23.0,61.91,Unknown,50.0,31.58,D,77.0,45.6,A,68.0,40.04,a,5.0,5.5,b,,55.14,Unknown,35.0,43.43,C,11.0,91.93,b,97.0,44.49, ,,35.23,b
1310,Kitty,British Shorthair ,15,4.01,Orange,,yes,YES,Yes,Tokyo,Dry,SICK,,44.75,C,47.0,22.47, ,48.0,57.65,D,92.0,67.63,A,10.0,55.49,B,7.0,60.09,B,73.0,55.82,Unknown,26.0,30.81,D,17.0,26.97,A,96.0,37.81,Unknown,87.0,47.44,D,28.0,36.59,b
1311,Simba,british shorthair,3,3.96,Mixed,M,,NO,Unknown,Paris,Mixed,SICK,Jan 5 2024,14.7,B,27.0,42.64,A,10.0,40.72,D,46.0,66.14,Unknown,75.0,69.53,D,48.0,44.51,A,56.0,23.27, ,34.0,41.96,B,77.0,32.38,Unknown,15.0,74.67,C,70.0,40.19,D,56.0,15.64,B
1312,Leo,British Shorthair ,2,4.63,White,female,Yes,No,Yes,London,Wet,Healthy,05/01/2024,66.95,Unknown,89.0,41.65,B,71.0,53.3,b,42.0,49.16,b,74.0,43.36,b,17.0,44.65,b,7.0,45.44, ,97.0,32.39,A,92.0,55.88,a,72.0,44.59,C,45.0,32.89,B,,67.85,b
1313,Kitty, Abyssinian,0,4.83,,Unknown,no,Yes,Yes,London,Mixed,Sick,05/01/2024,70.49,a,47.0,45.72,a,8.0,45.49, ,30.0,5.88,b,51.0,56.32,C,,44.63,b,91.0,46.41,D,68.0,4.78,a,15.0,65.31,a,68.0,67.1,C,15.0,29.25,Unknown,11.0,85.83,D
1314,Shadow,siamese,20,6.84,White,Unknown,no,,Unknown,,Wet,Healthy,,50.05,b,55.0,32.17,a,,41.93,B,33.0,63.51,b,38.0,25.35,a,97.0,47.97,B,69.0,80.61,A,9.0,73.95,A,47.0,92.73,Unknown,54.0,79.31,C,27.0,60.74,Unknown,22.0,68.49, 
1315,Leo,Siamese ,24,3.9,Black,Male,No,NO,No,Paris,Mixed,SICK,,53.73,A,3.0,45.68,b,36.0,125.15,a,83.0,36.46,Unknown,,64.78,B,49.0,27.95,Unknown,33.0,85.98,C,24.0,51.48,B,48.0,51.47,C,44.0,11.49,Unknown,39.0,54.78,a,64.0,33.04,C
1316,Tiger,,15,6.46,Black,Unknown,Y,,Unknown,London,,SICK,,57.62,A,24.0,-7.56,b,86.0,24.18,B,,90.12,a,92.0,71.32,C,54.0,66.69,B,47.0,46.13,A,56.0,36.08,B,82.0,17.41,b,7.0,60.6,b,56.0,54.89,C,68.0,57.61,D
1317,Simba,Siamese,-1,2.89,Black,Male,Y,Yes,No,London,Dry,,2024/01/05,40.7,b,58.0,66.28,A,92.0,17.61,D,93.0,25.93,a,88.0,60.18,Unknown,48.0,44.85,D,,3.32,Unknown,34.0,60.39,a,94.0,53.55,C,34.0,52.87,B,68.0,56.35,b,27.0,65.88,D
1318,Milo,Unknown,5,5.38, WHITE,Unknown,no,NO,,Paris,Mixed,healthy,,18.53, ,70.0,57.8,C,96.0,69.22,C,79.0,62.16, ,99.0,59.29, ,50.0,81.02,D,20.0,63.1,B,13.0,27.31,Unknown,62.0,67.04,B,76.0,66.07,B,2.0,16.93, ,53.0,53.09,C
1319,Lucy, British Shorthair,11,3.67,black ,Female,Yes,NO,Unknown,Toronto,dry,Checkup Needed,05/01/2024,58.86,a,34.0,32.61,D,92.0,31.77,Unknown,22.0,44.58,Unknown,81.0,46.77,D,93.0,85.03, ,95.0,38.23,C,77.0,37.72,a,36.0,59.79,A,,41.84,Unknown,95.0,45.97,B,46.0,46.46,A
1320,Leo, Sphynx,23,2.89,Gray,,Y,YES,,TOKYO,Dry,Sick,05/01/2024,59.6,D,85.0,32.15,a,88.0,48.86,a,,38.88,b,50.0,42.69,D,84.0,56.1,A,,32.3,C,7.0,66.72,A,72.0,61.35,D,54.0,56.93,Unknown,,46.73,b,46.0,34.31,a
1321,Tiger,Unknown,3,7.23,Black,female,no,No,Unknown, london,Dry,healthy,,50.99,C,38.0,54.56, ,48.0,27.35,D,53.0,63.24,D,,31.28,C,67.0,57.69,D,16.0,44.49,B,54.0,63.77,a,98.0,54.75,C,68.0,92.92,C,49.0,14.64,A,,64.59,B
1322,Chloe,BRITISH SHORTHAIR,2,4.74,Black,F,,,,Paris,,Sick,2024/01/05,65.76,A,34.0,14.53, ,7.0,34.2, ,,32.0,C,84.0,17.47,a,97.0,55.99, ,14.0,64.19,a,0.0,71.27,a,44.0,51.63,C,99.0,26.24,a,88.0,44.7,A,35.0,32.13,D
1323,Simba,,24,6.01,Mixed,Male,Yes,No,,TOKYO,wet,,2024-01-05,89.87,C,89.0,41.71, ,33.0,43.13,B,19.0,26.36,C,65.0,15.76,D,85.0,36.49,D,82.0,35.66,a,28.0,27.69,b,15.0,37.91,a,64.0,64.38,A,29.0,70.82,Unknown,11.0,30.36,D
1324,Nala,Maine Coon ,15,5.29,black ,male,yes,Yes,,Tokyo,,Checkup Needed,05/01/2024,55.44,C,4.0,56.19,a,95.0,58.14,D,98.0,79.03,Unknown,,70.04,C,58.0,54.39,a,19.0,67.97,A,51.0,28.69,a,90.0,39.12,a,47.0,40.45,C,90.0,74.81,b,94.0,62.4,B
1325,Lucy,Unknown,13,5.74,Mixed,,N,YES,Yes,Sydney,dry,SICK,05/01/2024,65.48,b,53.0,8.24,A,0.0,37.86,A,29.0,10.27,B,11.0,29.82,B,80.0,44.65,a,70.0,54.1,C,61.0,43.66,B,70.0,25.38,B,19.0,41.58,Unknown,4.0,10.34,A,3.0,4.71,C
1326,Smokey,,19,4.28, WHITE,,N,No,No,Tokyo,Wet,Healthy,Jan 5 2024,48.91,B,17.0,50.08,C,78.0,54.44, ,13.0,75.34,b,59.0,38.76, ,8.0,76.6,B,73.0,39.73,Unknown,5.0,52.05,C,,20.1,A,70.0,87.73,C,98.0,50.98,Unknown,82.0,20.82,a
1327,Nala,,5,2.82,Gray,Unknown,No,NO,No,TOKYO,wet,Checkup Needed,2024-01-05,31.87,C,55.0,80.85,C,5.0,45.21,a,38.0,56.14,A,92.0,50.81,A,54.0,26.93,C,19.0,59.67,A,19.0,20.11,b,53.0,78.23,A,41.0,72.38,a,94.0,48.08,A,16.0,40.11, 
1328,Loki,Persian ,6,5.75,White,Male,Y,NO,,,Mixed,healthy,2024-01-05,49.51,a,75.0,76.5,A,25.0,17.56,C,24.0,43.82,B,86.0,,D,48.0,69.68,D,82.0,53.81,b,9.0,51.41,b,,59.76,C,64.0,69.51,a,8.0,56.65,A,32.0,52.69,C
1329,Bella,Unknown,16,2.58,Gray,male,Yes,Yes,Yes, london,Dry,Sick,,31.72,D,36.0,65.2, ,,54.5,Unknown,14.0,47.5,a,89.0,35.83,Unknown,59.0,23.33,C,93.0,49.86,B,97.0,88.64,A,80.0,11.87,D,63.0,93.76,D,52.0,75.65,Unknown,5.0,47.35,A
1330,Leo,scottish fold,18,5.4,Black,male,no,Yes,No,Tokyo,,Checkup Needed,Jan 5 2024,19.16,a,60.0,72.55,b,,27.38,B,,46.61,A,38.0,54.22,B,32.0,35.94,C,85.0,90.68,D,,58.84,a,97.0,56.56,C,40.0,51.56,a,2.0,70.8,A,15.0,28.96,b
1331,Kitty,Unknown,23,2.25,,female,Yes,NO,No, london,,Sick,2024/01/05,66.12,b,12.0,49.13,B,30.0,70.97,b,49.0,59.6,C,2.0,49.29,D,49.0,69.34,b,66.0,29.83,a,39.0,57.09, ,92.0,42.05, ,57.0,54.3,B,48.0,62.04,A,7.0,68.01, 
1332,Shadow,Maine Coon ,5,7.54,Gray,,Y,No,No,Toronto,dry,Healthy,2024-01-05,23.59,b,15.0,N/A,B,85.0,53.58,B,44.0,51.56,Unknown,10.0,52.51,A,58.0,41.47,C,83.0,88.1, ,8.0,56.44, ,97.0,55.24,b,4.0,44.59,B,,66.27,D,79.0,55.55,A
1333,Tiger,ABYSSINIAN,0,3.78,black ,Female,,No,Yes,London,Dry,Checkup Needed,2024-01-05,55.71,A,33.0,55.38,b,27.0,40.58,a,,60.38,Unknown,40.0,57.18,B,6.0,58.15,b,40.0,72.83,a,22.0,65.57,A,82.0,65.82,D,59.0,58.43,C,94.0,62.01,Unknown,47.0,50.17,Unknown
1334,Kitty,Persian ,6,0.94,Mixed,Male,Y,NO,No,Paris,Wet,Healthy,2024-01-05,50.2,a,87.0,42.29,C,3.0,64.99,a,88.0,25.7,b,40.0,63.87, ,52.0,47.91, ,16.0,20.36,D,62.0,33.98,a,6.0,14.32, ,83.0,47.57,a,43.0,94.68,C,61.0,46.43,B
1335,Lucy,MAINE COON,16,4.09,,Female,no,NO,Unknown,Toronto,,healthy,05/01/2024,69.36,A,42.0,32.58,A,86.0,66.29, ,95.0,47.98,Unknown,22.0,62.31,A,54.0,75.91,a,11.0,8.46,a,24.0,N/A,b,98.0,79.98,a,36.0,56.09,a,84.0,50.73,D,89.0,45.81,B
1336,Oreo,RAGDOLL,15,2.82, WHITE,Male,,NO,Unknown, london,dry,Sick,05/01/2024,8.47,B,78.0,79.14,a,71.0,64.25,b,12.0,66.48,a,70.0,60.98,D,80.0,unknown,b,,15.62,A,34.0,30.66,b,5.0,45.22,C,21.0,42.54,D,94.0,77.83,B,81.0,55.24,D
1337,Oliver,Sphynx ,6,4.4,Black,Male,yes,,,London,wet,healthy,05/01/2024,37.22,a,71.0,69.68,C,75.0,51.99,b,83.0,51.74,D,67.0,36.65,A,27.0,50.83,b,73.0,74.24,D,38.0,39.97,b,44.0,111.06,D,80.0,4.96,B,88.0,66.47,C,92.0,81.18,Unknown
1338,Shadow,sphynx,5,5.82,Black,F,,YES,Unknown,New York,Mixed,Checkup Needed,2024-01-05,43.26,A,75.0,6.46,a,52.0,N/A,A,18.0,31.55,C,18.0,76.44,b,64.0,46.79,A,24.0,84.3,D,83.0,68.47,a,61.0,57.0,D,,32.74, ,48.0,68.19, ,21.0,56.31, 
1339,Smokey, Persian,-1,4.82, WHITE,Female,no,,Unknown,London,Dry,Checkup Needed,,58.95,a,16.0,31.91,b,85.0,43.62,D,15.0,58.13,A,34.0,unknown,a,11.0,41.9,B,54.0,52.45,a,62.0,54.6,b,64.0,21.3,D,43.0,40.61,B,0.0,68.15,Unknown,45.0,11.52,B
1340,Leo,Bengal ,1,2.03,White,F,No,,,New York,Mixed,Sick,Jan 5 2024,73.39,A,26.0,57.23,B,18.0,70.72,b,24.0,46.83,C,39.0,42.76,B,65.0,58.64,Unknown,12.0,39.67, ,85.0,57.17,B,45.0,70.16, ,54.0,48.4, ,14.0,73.8,Unknown,,64.89,A
1341,Bella,BRITISH SHORTHAIR,24,4.28, WHITE,Male,Y,NO,,Berlin,wet,SICK,,63.98, ,37.0,34.63, ,29.0,78.12,D,,83.69,B,81.0,62.11,Unknown,12.0,87.1,b,52.0,9.79,D,7.0,60.64, ,32.0,58.41,a,,23.23,Unknown,99.0,64.78,Unknown,74.0,69.16,D
1342,Simba,SCOTTISH FOLD,19,4.03,black ,female,N,YES,,Tokyo,,healthy,2024/01/05,34.81,D,6.0,44.83,B,6.0,81.45,C,,unknown,D,79.0,20.72, ,11.0,18.42,b,36.0,57.85,b,57.0,67.5,A,9.0,62.0,A,12.0,32.54, ,17.0,56.81,C,60.0,55.65,A
1343,Tiger,scottish fold,13,5.41,Mixed,,N,NO,No,Tokyo,dry,,2024/01/05,26.81,A,68.0,57.77,A,89.0,7.64,D,55.0,6.55,C,,46.12,C,60.0,41.88,a,58.0,50.55,b,49.0,45.81,A,60.0,52.4,B,34.0,85.56,Unknown,53.0,46.18,D,72.0,24.45,C
1344,Oreo,,22,6.31,Brown,Female,,NO,No,Tokyo,Mixed,Healthy,2024-01-05,45.45,b,78.0,49.44,D,88.0,56.91, ,59.0,26.14,b,,76.75,A,12.0,66.54,A,13.0,86.57,D,89.0,79.36, ,87.0,38.31,Unknown,59.0,33.72,a,21.0,41.63,a,59.0,45.67,A
1345,Lucy,,15,4.59,Brown,female,No,Yes,No, london,dry,Checkup Needed,,51.52,C,74.0,54.7,C,48.0,40.68,D,61.0,56.47,C,68.0,76.33,Unknown,,30.74,A,0.0,77.48,B,,46.52,D,55.0,57.03,B,57.0,18.06, ,61.0,41.33,B,89.0,55.91,b
1346,Shadow,RAGDOLL,17,3.92,Mixed,M,Y,YES,Yes,Berlin,,healthy,,77.64,C,23.0,82.71,D,96.0,45.53,B,40.0,69.94,A,3.0,44.32,Unknown,37.0,27.39,A,90.0,56.61,a,48.0,27.09,C,62.0,32.82,Unknown,57.0,26.59,A,90.0,82.38,C,95.0,81.99,a
1347,Lucy, British Shorthair,23,3.89,Gray,M,Y,No,Yes,Sydney,dry,Healthy,,21.94,B,82.0,55.62,b,45.0,42.25,B,,58.77,D,47.0,53.45,a,44.0,55.83,D,80.0,41.26,Unknown,12.0,54.31,D,34.0,28.58,B,42.0,62.17,b,64.0,49.61,B,44.0,66.93,Unknown
1348,Luna,Unknown,-1,4.97,black ,Male,,NO,Yes,,Dry,Sick,2024-01-05,45.35,Unknown,78.0,28.39,Unknown,70.0,69.22,D,62.0,38.61,b,83.0,28.88,Unknown,24.0,37.93,D,86.0,25.24,D,39.0,50.85,D,25.0,89.38,B,,48.63,D,76.0,71.24,C,32.0,51.65,Unknown
1349,Smokey,ABYSSINIAN,8,4.18,Black,female,N,YES,,Tokyo,Wet,Checkup Needed,,56.22,b,12.0,,a,66.0,65.13,D,28.0,80.53,a,33.0,39.02,Unknown,56.0,33.18,B,89.0,53.69,Unknown,88.0,13.58,Unknown,94.0,49.88,B,2.0,68.62,a,94.0,58.74,a,78.0,60.16, 
1350,Lucy,bengal,16,0.88,Black,,no,Yes,Unknown,Paris,wet,SICK,,52.39,B,11.0,69.08,A,99.0,53.5,C,22.0,41.06,B,,44.01, ,81.0,39.54,B,10.0,59.55,C,56.0,37.34,b,53.0,34.2, ,21.0,71.94,b,89.0,55.69,b,63.0,51.89,D
1351,Simba,british shorthair,5,5.36,Brown,male,No,No,Yes,Tokyo,Dry,Healthy,Jan 5 2024,48.63,B,76.0,42.55, ,41.0,18.75,a,34.0,35.02,D,51.0,28.58,D,45.0,50.59,A,50.0,77.02,A,83.0,66.89,A,74.0,69.17,b,99.0,25.3,a,49.0,36.83,a,34.0,29.95,Unknown
1352,Lucy,Sphynx ,9,3.16,black ,female,no,No,No,Tokyo,Mixed,,,49.92,D,91.0,55.77,b,18.0,60.49,a,68.0,89.21,a,56.0,51.88,B,47.0,59.7,a,53.0,53.92,b,56.0,39.35,Unknown,25.0,89.28,B,86.0,93.51,Unknown,58.0,78.82,B,,45.82,A
1353,Milo,Maine Coon ,3,3.89,black ,F,Y,No,,Toronto,dry,healthy,05/01/2024,62.34, ,90.0,79.76,C,83.0,23.74, ,27.0,45.19,A,39.0,52.19,a,72.0,34.04,C,42.0,52.23,Unknown,49.0,87.11,a,56.0,41.42,D,,60.89,b,3.0,error,Unknown,99.0,78.41,C
1354,Oliver,,24,3.47,Black,Male,no,YES,Unknown,London,Wet,Sick,05/01/2024,7.69,a,52.0,23.59,C,66.0,-9.3,Unknown,47.0,45.93,B,25.0,1.96, ,10.0,47.93, ,30.0,59.36,Unknown,0.0,55.49,A,74.0,60.89,B,94.0,29.5,a,79.0,47.68,B,45.0,60.49,A
1355,Bella,,6,4.43,Brown,Male,N,NO,Yes,New York,,Healthy,,38.49,b,16.0,85.06, ,82.0,64.02,b,60.0,38.8,C,38.0,35.14,Unknown,,71.01,Unknown,,40.64,B,99.0,19.31,C,,74.33,B,80.0,48.36, ,47.0,35.34,a,98.0,28.76,C
1356,Smokey,,3,4.84,Mixed,,,Yes,No,Paris,Mixed,Healthy,05/01/2024,64.02,a,42.0,68.2,D,65.0,54.44,B,1.0,70.27,B,4.0,68.73, ,9.0,32.19,A,82.0,48.31,A,58.0,61.47,A,80.0,79.97,A,21.0,16.77, ,45.0,15.4,C,55.0,26.57,A
1357,Luna,,17,5.61, WHITE,F,Yes,NO,Unknown,London,Dry,SICK,2024-01-05,42.84,C,,59.57,D,38.0,60.58,D,42.0,49.08,A,88.0,46.98, ,1.0,70.5,C,7.0,48.62, ,36.0,60.34,B,51.0,43.12,D,61.0,34.07,A,73.0,28.6, ,78.0,39.48, 
1358,Bella,SCOTTISH FOLD,0,7.84,Mixed,Unknown,yes,YES,Yes,London,,,2024-01-05,72.89,C,95.0,47.94,a,6.0,63.01,D,89.0,64.76,a,74.0,29.44,C,61.0,46.14,C,99.0,42.79, ,12.0,42.18, ,69.0,57.7,A,67.0,-5.33,b,86.0,89.84,D,89.0,21.92, 
1359,Nala, Sphynx,19,3.44,Orange,Male,yes,YES,Unknown,London,dry,Checkup Needed,,54.61,B,,83.6,B,98.0,81.06,b,58.0,56.04,A,98.0,44.48,B,35.0,72.69,b,74.0,40.57,C,24.0,58.33,D,86.0,72.43,a,51.0,68.78,Unknown,48.0,59.39, ,1.0,38.6,A
1360,Shadow, Sphynx,2,6.11,Black,Male,yes,No,,,dry,Checkup Needed,2024/01/05,56.26,b,28.0,54.7,a,3.0,58.88,A,42.0,53.46,D,,42.36,A,89.0,53.12, ,37.0,56.73,a,19.0,21.91,b,41.0,62.54,Unknown,,26.01,D,,61.62, ,53.0,44.1,B
1361,Nala,Abyssinian,22,6.5,Orange,Male,,NO,No, london,Dry,Healthy,Jan 5 2024,56.92, ,26.0,46.33,C,58.0,72.06,D,11.0,44.35,B,49.0,47.37,b,,43.9,a,82.0,N/A,C,99.0,70.95,b,11.0,2.98, ,99.0,12.45,Unknown,42.0,48.87, ,13.0,35.58,D
1362,Oliver,BENGAL,-1,5.68,Brown,male,yes,Yes,No,Berlin,wet,Sick,2024-01-05,46.56,Unknown,10.0,61.52,A,36.0,25.76,A,19.0,43.17,Unknown,17.0,30.91, ,23.0,41.14,C,5.0,25.74,B,38.0,47.89,a,0.0,22.92,B,62.0,65.17,a,98.0,61.14,D,28.0,57.49,B
1363,Lucy,Unknown,-2,2.68,black ,Female,Yes,YES,, london,wet,,Jan 5 2024,41.58,D,,48.23,a,1.0,53.55,b,49.0,68.49,Unknown,32.0,31.22,b,34.0,41.4,a,21.0,62.25,Unknown,97.0,78.13,a,97.0,49.15,a,53.0,28.51,C,76.0,39.47,C,90.0,40.19,C
1364,Smokey,Siamese,22,4.92,Black,female,,NO,,London,wet,healthy,,50.8,C,10.0,46.6,Unknown,35.0,59.99,b,71.0,13.08,A,97.0,65.41,b,22.0,64.08,D,78.0,46.05,C,54.0,35.18,C,22.0,70.84,B,94.0,22.62,B,2.0,18.34,B,29.0,error, 
1365,Bella,Bengal ,11,8.07, WHITE,,yes,YES,No,TOKYO,Mixed,,05/01/2024,66.11,B,18.0,57.54,Unknown,93.0,61.07,B,47.0,38.52,b,74.0,100.27,A,78.0,69.2,A,25.0,54.67,B,68.0,61.87, ,5.0,44.39,B,37.0,34.33,Unknown,70.0,46.08,Unknown,74.0,53.05,b
1366,Leo,,13,4.22,,female,Yes,Yes,Yes,Toronto,,SICK,2024/01/05,70.37,A,23.0,64.23,Unknown,8.0,59.3,b,3.0,77.28,A,,12.85,A,34.0,40.49,a,10.0,28.77,b,76.0,25.37,b,44.0,58.85,Unknown,71.0,64.05,a,,65.99,a,63.0,19.67, 
1367,Milo,,22,4.12,black ,Male,No,No,Yes,New York,,Checkup Needed,,36.68,A,,66.71,A,,23.16,a,,65.18,b,24.0,67.72, ,36.0,19.5,A,2.0,47.89,Unknown,77.0,47.66,A,22.0,23.05,Unknown,35.0,39.46,A,97.0,85.18,C,53.0,43.66,A
1368,Simba,,2,6.87,black ,female,Y,No,,TOKYO,,SICK,,21.16,B,76.0,103.78,A,39.0,38.32,A,17.0,47.39,B,77.0,28.79, ,84.0,52.44,C,91.0,88.08,D,87.0,91.85,b,18.0,31.15,B,68.0,47.65,b,30.0,8.98,A,72.0,45.73,A
1369,Leo,bengal,-2,5.78,Gray,,yes,No,Yes,,Dry,,05/01/2024,29.39,B,56.0,55.63,Unknown,16.0,37.53,D,37.0,40.07,B,66.0,66.31, ,50.0,-4.03,A,67.0,32.69,a,,41.3,D,,49.8,C,10.0,90.56,b,35.0,66.91,A,9.0,49.91,A
1370,Chloe,Unknown,2,5.62, WHITE,Male,,NO,Yes,,Wet,SICK,05/01/2024,68.24,A,29.0,unknown,C,,13.0,a,94.0,60.99,D,56.0,64.17,Unknown,87.0,50.38,b,24.0,20.77,C,32.0,23.43,a,83.0,69.1,b,9.0,6.74,D,96.0,72.61, ,,43.27,A
1371,Nala,Ragdoll ,16,2.48,Mixed,male,yes,,, london,Wet,Checkup Needed,05/01/2024,37.38,D,38.0,-5.57,A,60.0,110.14,b,33.0,65.17,C,,45.03,C,66.0,41.5, ,4.0,16.9,a,78.0,48.74,Unknown,66.0,55.69,A,17.0,33.77,D,37.0,63.48,a,20.0,60.93,Unknown
1372,Bella,Sphynx,21,4.23, WHITE,Male,,NO,,New York,dry,Sick,,44.36,B,68.0,57.69,D,75.0,57.66,a,38.0,67.42,D,81.0,42.14,a,49.0,56.02,A,79.0,87.37,a,14.0,50.64,B,67.0,49.49, ,6.0,36.41,a,51.0,36.77,D,12.0,61.74,b
1373,Smokey,Persian,18,6.28,White,male,No,No,No, london,,SICK,2024/01/05,38.0,A,25.0,55.27,C,49.0,26.45, ,83.0,78.05,B,15.0,81.32, ,,58.85,A,88.0,39.58,A,50.0,84.89,Unknown,76.0,58.95,C,97.0,72.82,A,23.0,37.08,b,50.0,77.12,C
1374,Chloe,,2,7.71,White,,Yes,YES,No,New York,dry,Checkup Needed,,49.35,D,99.0,46.34,Unknown,2.0,60.91,D,48.0,20.66,B,0.0,41.39, ,39.0,32.74,a,65.0,65.34,B,4.0,86.41,A,66.0,29.16,Unknown,79.0,error,A,29.0,78.2,C,73.0,89.67, 
1375,Bella,,3,3.44,Gray,female,no,NO,Unknown,Paris,Mixed,,Jan 5 2024,40.09,Unknown,,81.94,D,,32.28,A,75.0,N/A,A,35.0,64.72,b,73.0,40.41,D,88.0,35.77,a,59.0,54.0,C,23.0,86.51,b,,87.57,D,37.0,44.43,D,27.0,29.13,C
1376,Oreo, Bengal,12,4.5,White,,No,YES,Unknown,Sydney,Mixed,Sick,,49.13,B,2.0,48.35,A,,46.76,D,59.0,94.62, ,9.0,84.55,Unknown,93.0,64.87,B,,65.42, ,68.0,42.46,D,8.0,46.28,a,,-3.16,B,65.0,38.12,C,65.0,29.81,Unknown
1377,Milo,Unknown,20,4.82,Brown,Female,no,Yes,No,New York,dry,SICK,,41.62,B,9.0,67.92,D,99.0,29.07,b,75.0,23.55,A,98.0,62.67,a,69.0,48.09, ,61.0,-0.49,B,19.0,29.3,a,87.0,30.16,C,29.0,38.76,a,69.0,40.38,B,90.0,67.16,A
1378,Smokey,,13,6.76,black ,F,yes,,Unknown,Sydney,,healthy,2024/01/05,81.64,b,,72.73, ,14.0,59.12,C,29.0,63.15,a,,64.78,D,44.0,70.08,a,49.0,39.35,a,18.0,40.34, ,57.0,59.55,b,30.0,94.45,C,18.0,66.9,C,17.0,37.14,A
1379,Lucy,Ragdoll,17,6.44,Mixed,Unknown,no,NO,No,TOKYO,dry,,2024-01-05,37.48,B,7.0,41.13, ,46.0,55.11,Unknown,6.0,37.42,A,92.0,48.75,A,60.0,81.93,b,61.0,34.54,b,38.0,89.32,A,3.0,47.87,B,88.0,56.76,C,92.0,13.19,C,25.0,40.46,b
1380,Shadow,,10,4.07,Orange,,yes,,Yes,,,Sick,2024/01/05,66.37,C,82.0,55.92,Unknown,8.0,52.74,Unknown,51.0,49.18,C,56.0,57.03,a,15.0,40.4,b,22.0,15.64,A,42.0,48.74,b,58.0,60.48,Unknown,86.0,60.99,B,5.0,23.2,A,,31.9,C
1381,Simba,Unknown,5,3.55,White,female,Y,Yes,Yes,,wet,SICK,,53.09,A,34.0,59.38,A,78.0,50.56,C,41.0,66.91,a,60.0,71.94,C,,25.67,b,86.0,70.75, ,25.0,64.31,A,40.0,52.03,D,,51.55,A,53.0,37.96,Unknown,89.0,63.66,C
1382,Lucy,,-2,3.24,White,female,Y,No,Yes,Tokyo,Mixed,SICK,2024/01/05,26.5,D,36.0,25.44,Unknown,57.0,56.62,D,,38.96,Unknown,79.0,40.52,D,53.0,68.62, ,,37.36,A,52.0,60.65,C,6.0,58.74,b,42.0,70.14,Unknown,68.0,39.52,a,88.0,47.75, 
1383,Chloe,Maine Coon,23,2.61,black ,Female,,NO,Yes,Tokyo,dry,Sick,,71.6,D,75.0,38.14,Unknown,66.0,73.31,a,12.0,34.51,D,6.0,53.95,C,39.0,34.22,Unknown,46.0,error,D,51.0,56.05, ,67.0,58.47,A,94.0,40.33,D,18.0,86.62,D,5.0,69.98,C
1384,Tiger,ABYSSINIAN,18,6.9, WHITE,M,Yes,,Unknown,Berlin,dry,Sick,Jan 5 2024,62.75,Unknown,21.0,49.89,B,7.0,45.87,a,80.0,error,b,14.0,48.83,Unknown,19.0,48.02,Unknown,28.0,68.71,Unknown,71.0,40.62,b,92.0,62.24,B,40.0,26.93,D,,36.96,a,79.0,68.69, 
1385,Oliver,Unknown,18,2.91, WHITE,Unknown,N,Yes,,Paris,Wet,healthy,2024/01/05,42.96,A,78.0,25.37,a,20.0,61.55,D,76.0,58.88,b,45.0,30.04,Unknown,8.0,45.03,B,21.0,-1.96,b,87.0,43.14,A,81.0,63.38,b,8.0,68.44,A,8.0,39.32, ,18.0,50.81,D
1386,Milo,,24,3.22,black ,,N,No,Unknown,,,SICK,05/01/2024,42.76, ,,33.98,a,97.0,39.69,D,11.0,47.25,B,94.0,11.0,Unknown,48.0,16.31,Unknown,0.0,58.09,A,,68.38,A,77.0,70.05,A,88.0,53.28,A,73.0,49.1,Unknown,24.0,50.93,Unknown
1387,Oreo,british shorthair,3,6.81,Mixed,Unknown,,Yes,,London,dry,Sick,,42.8,Unknown,,30.09,a,16.0,61.8,b,42.0,66.87, ,,62.32,Unknown,70.0,35.75,D,77.0,61.41,C,61.0,56.6,B,6.0,43.77,B,64.0,77.09,Unknown,93.0,26.02,C,,9.67,Unknown
1388,Luna,ragdoll,8,4.38,Gray,male,Y,No,Yes, london,Dry,Sick,Jan 5 2024,61.57, ,61.0,75.2,A,75.0,28.86,b,59.0,53.19,b,6.0,66.83,b,56.0,63.39,D,30.0,71.73,D,61.0,36.56,Unknown,2.0,49.57,Unknown,18.0,59.68,D,22.0,28.59,a,45.0,53.27,C
1389,Milo, Maine Coon,22,5.35,black ,M,yes,,,London,,Healthy,,15.81, ,79.0,58.72,C,44.0,75.63,C,44.0,33.55,A,69.0,52.03, ,53.0,31.82,Unknown,4.0,99.79,C,3.0,16.98,D,17.0,86.51,A,18.0,44.75,B,14.0,29.76,Unknown,33.0,75.17,b
1390,Luna,Maine Coon ,9,5.4,,M,Yes,,,Sydney,dry,SICK,2024-01-05,23.38,A,36.0,21.27,a,68.0,39.81,B,63.0,36.18, ,28.0,62.14,b,,42.11,a,99.0,62.23,b,24.0,45.61,B,85.0,41.09,b,41.0,57.68,C,27.0,43.2,A,74.0,8.91, 
1391,Milo, Abyssinian,19,4.43,,M,N,Yes,No,London,Dry,SICK,2024/01/05,34.76,b,51.0,57.37,B,67.0,20.65,b,18.0,59.04,Unknown,69.0,52.39,D,84.0,33.16, ,26.0,N/A, ,42.0,88.34, ,97.0,49.08,a,45.0,80.27,Unknown,68.0,14.98,Unknown,,78.47, 
1392,Milo,Bengal,4,4.97,black ,Male,Yes,NO,,TOKYO,dry,Healthy,Jan 5 2024,34.15,a,98.0,57.81,C,90.0,41.15,a,62.0,17.38, ,21.0,21.32,B,24.0,59.73,C,85.0,56.97,A,,36.13,C,50.0,35.97,b,91.0,49.06,Unknown,81.0,39.02,Unknown,79.0,6.12,B
1393,Smokey, Persian,-1,7.0, WHITE,female,No,No,Yes,,Dry,healthy,2024-01-05,0.74,D,74.0,29.31,D,,44.95,a,68.0,53.82,B,16.0,46.81,b,85.0,35.25, ,,35.94,C,10.0,30.05,Unknown,,46.3,b,91.0,47.95,B,35.0,46.62,Unknown,54.0,8.06,A
1394,Kitty,Unknown,18,4.73, WHITE,female,no,NO,,Sydney,Dry,healthy,,48.97,Unknown,25.0,80.92,B,95.0,24.72,a,49.0,25.65,Unknown,97.0,37.29,a,75.0,33.25,a,56.0,67.12,Unknown,17.0,25.94, ,24.0,61.07,a,10.0,50.29,a,39.0,41.32, ,7.0,83.8, 
1395,Nala,Maine Coon ,11,8.69,Mixed,female,,YES,Yes,London,,Checkup Needed,2024-01-05,33.64,a,67.0,46.57, ,10.0,21.34,C,66.0,49.37,D,,-2.21,C,29.0,28.99,Unknown,90.0,61.2,D,8.0,77.03, ,25.0,92.9,Unknown,1.0,66.07,a,23.0,28.66,Unknown,,58.95,D
1396,Nala, Siamese,13,6.57,Brown,,Y,YES,No,,wet,Healthy,2024-01-05,27.94,b,33.0,61.24,b,,43.93,B,71.0,13.37,C,36.0,9.47,A,26.0,85.15,D,96.0,61.03,B,56.0,65.92,B,84.0,46.21, ,66.0,53.75,B,61.0,29.55,A,29.0,67.43,A
1397,Tiger,SPHYNX,13,1.51, WHITE,Male,yes,NO,,Toronto,wet,Checkup Needed,2024-01-05,33.35,A,8.0,79.45,a,0.0,44.87,a,93.0,56.1,b,54.0,78.24, ,85.0,59.8,B,38.0,54.35,A,76.0,37.25,A,4.0,43.39,a,94.0,39.39,B,45.0,error,B,44.0,46.43,C
1398,Chloe,Unknown,9,6.36,,Female,,,,Toronto,Dry,healthy,2024-01-05,66.46,C,,68.01,a,81.0,54.94,b,33.0,15.98,b,54.0,43.65, ,4.0,94.11,B,56.0,33.9,D,42.0,53.92, ,6.0,28.95,C,,94.65, ,37.0,44.46, ,27.0,3.49,D
1399,Leo,PERSIAN,19,6.09,Mixed,Unknown,yes,,Yes,Paris,,Healthy,05/01/2024,48.66,C,91.0,29.16,B,8.0,41.01,Unknown,94.0,64.16,B,88.0,69.69,D,92.0,54.99,B,63.0,32.94,B,60.0,58.63,A,41.0,60.79,D,69.0,69.04,A,66.0,51.88,b,89.0,71.51,Unknown
1400,Oliver,MAINE COON,1,17.04,Gray,F,Yes,No,No,,wet,SICK,,, ,8.0,59.47,D,78.0,47.51,D,81.0,67.13,A,80.0,,D,29.0,56.93,Unknown,90.0,21.79,a,6.0,73.93,b,28.0,65.66,D,0.0,36.6,B,85.0,83.24,B,47.0,59.22, 
1401,Luna, Sphynx,7,4.04,Mixed,Female,,,Yes,New York,wet,healthy,2024-01-05,52.85,Unknown,69.0,68.79,A,42.0,50.02,A,38.0,75.06, ,,58.12,Unknown,,32.53,Unknown,54.0,31.64,Unknown,85.0,48.0,a,12.0,57.46,C,12.0,80.15,A,84.0,32.52,b,78.0,29.79, 
1402,Simba,Scottish Fold ,20,4.12,Black,,no,No,No,Berlin,Dry,Sick,Jan 5 2024,68.28, ,39.0,71.3,Unknown,23.0,55.97,A,67.0,59.16,a,,32.25,B,92.0,39.22,Unknown,35.0,55.89,C,43.0,58.97,B,,47.27,a,28.0,40.34,A,15.0,35.01,a,,109.05,A
1403,Loki,RAGDOLL,22,3.4,Brown,Male,Yes,NO,Yes,London,Mixed,Checkup Needed,05/01/2024,58.56,a,72.0,38.4,b,92.0,57.61,B,23.0,44.48,a,61.0,63.43,C,,23.71,C,60.0,16.6,C,16.0,44.87,C,10.0,28.47,Unknown,55.0,28.76,D,30.0,56.49,B,95.0,35.92,b
1404,Kitty, Siamese,21,3.55, WHITE,F,N,,,Tokyo,Dry,Sick,2024-01-05,31.48,A,96.0,76.22,B,1.0,69.12,D,19.0,64.45,b,50.0,70.06,b,2.0,48.53,b,74.0,29.54,A,57.0,56.6,A,69.0,41.19, ,95.0,49.02,B,25.0,32.76,C,96.0,53.09,A
1405,Luna,Maine Coon,2,6.89,White,,Y,YES,Unknown, london,Wet,SICK,,48.76,D,95.0,63.74,Unknown,66.0,25.46, ,54.0,52.72,Unknown,5.0,57.2,b,33.0,25.1,b,82.0,47.07,B,98.0,67.15,a,,69.83,D,,24.4, ,24.0,58.33,b,98.0,52.32,b
1406,Bella,ABYSSINIAN,24,2.49,Gray,,yes,,No,,,Checkup Needed,05/01/2024,27.55, ,13.0,70.9,b,57.0,0.75,b,51.0,1.45,Unknown,62.0,69.3,B,15.0,73.74,C,35.0,56.16,A,99.0,19.43,Unknown,44.0,48.88,A,,56.95,A,,66.7,b,63.0,63.94,C
1407,Leo,Unknown,21,5.62, WHITE,Male,N,NO,Unknown,London,wet,Checkup Needed,,38.41,Unknown,20.0,56.93,A,27.0,51.16, ,25.0,61.37,a,99.0,50.47,D,61.0,56.11,A,9.0,46.58,Unknown,31.0,4.5,D,82.0,, ,74.0,48.58,C,9.0,93.72, ,65.0,34.75,D
1408,Leo,British Shorthair ,22,4.73,Brown,M,No,YES,No,Berlin,,Checkup Needed,,27.1, ,96.0,38.29,Unknown,9.0,40.67,A,62.0,47.29, ,65.0,92.69,C,77.0,50.17,A,65.0,58.86,Unknown,99.0,15.97,Unknown,36.0,73.2,B,15.0,60.94, ,89.0,47.19,A,14.0,33.92,C
1409,Shadow, Scottish Fold,15,5.45,Mixed,M,yes,YES,Yes,Paris,wet,healthy,05/01/2024,55.66, ,75.0,59.68,A,64.0,50.07,A,,81.76,B,,-10.69, ,37.0,22.6,B,6.0,37.09,a,18.0,47.43,a,38.0,34.7, ,19.0,33.96,Unknown,71.0,59.96,D,36.0,80.6, 
1410,Smokey,Maine Coon ,18,7.28,Black,female,N,No,No,TOKYO,Mixed,Healthy,2024/01/05,70.75,Unknown,50.0,72.43,Unknown,89.0,47.46,a,24.0,60.97, ,74.0,51.25, ,48.0,54.16,A,11.0,65.76,D,67.0,59.02,D,52.0,74.02,B,95.0,19.66,A,61.0,31.92,D,42.0,38.82,C
1411,Tiger,,3,5.95,Mixed,male,Yes,,No,Tokyo,Mixed,Sick,,1.67,C,,55.33,A,80.0,68.38,b,14.0,73.55,a,76.0,85.08,C,95.0,18.28,a,75.0,32.8,D,0.0,25.06,a,,48.79,C,,33.29,D,89.0,50.78,C,27.0,67.41,B
1412,Chloe,Unknown,19,6.38,black ,M,Y,Yes,Unknown, london,Dry,healthy,2024-01-05,64.33,Unknown,65.0,5.84,Unknown,24.0,27.42,B,89.0,65.2,B,12.0,82.54,A,96.0,65.6,b,84.0,69.14, ,75.0,40.58,D,6.0,49.87,D,73.0,N/A,Unknown,92.0,58.49,Unknown,13.0,48.66,b
1413,Loki,Siamese ,12,5.1, WHITE,M,no,,No,Toronto,Wet,,Jan 5 2024,43.06,b,55.0,N/A, ,71.0,48.99,B,57.0,47.99,a,12.0,56.11,Unknown,9.0,65.46,a,57.0,32.89,C,74.0,78.17,A,6.0,35.1,C,27.0,43.35,a,8.0,66.52,a,62.0,40.39,C
1414,Shadow,,17,6.72,black ,Female,Yes,YES,Unknown,London,dry,Sick,Jan 5 2024,40.87,C,96.0,72.79,b,1.0,47.95,A,28.0,57.34, ,79.0,43.05,a,41.0,37.45,D,58.0,51.88,Unknown,,39.3,Unknown,13.0,63.0,B,48.0,21.66,A,20.0,50.83,B,19.0,45.73,b
1415,Luna,Unknown,6,3.0,Black,Female,no,No,,New York,Mixed,Healthy,2024/01/05,35.01,B,10.0,73.21,C,80.0,54.96,Unknown,39.0,69.97,Unknown,70.0,59.95,A,0.0,46.59,C,,44.48,b,51.0,95.41,b,58.0,54.94,D,62.0,57.03, ,32.0,37.78,A,60.0,26.23,B
1416,Kitty,SCOTTISH FOLD,1,6.57,,Unknown,,,No,London,Wet,Checkup Needed,05/01/2024,29.69,A,83.0,65.84,a,92.0,58.41,Unknown,17.0,54.75,Unknown,14.0,83.78,b,84.0,97.55,D,68.0,72.49,C,66.0,59.29, ,28.0,57.01,D,57.0,33.64,A,27.0,66.45,A,23.0,27.06,A
1417,Bella,Unknown,3,5.79,Orange,Unknown,yes,NO,Yes,Toronto,Wet,Sick,,23.77,A,97.0,59.31,D,,60.56,D,8.0,55.87,A,8.0,3.58,C,47.0,50.69,Unknown,85.0,44.27,Unknown,40.0,41.47,D,,32.27,A,16.0,56.11,a,43.0,54.27,Unknown,77.0,37.23,A
1418,Oreo,BRITISH SHORTHAIR,1,2.44,,Female,Yes,NO,Yes,Paris,Dry,Sick,,60.65,a,16.0,45.81,A,5.0,70.32,A,55.0,41.85,D,89.0,57.31,B,90.0,57.3,a,41.0,77.04,A,24.0,28.88, ,34.0,37.2,b,,32.94, ,98.0,42.61,a,18.0,52.9,A
1419,Leo,,18,4.18, WHITE,F,No,NO,Yes,TOKYO,,healthy,Jan 5 2024,11.66,a,74.0,42.94,Unknown,,43.22,A,6.0,87.13,a,17.0,52.32,B,,22.79,C,58.0,54.58,Unknown,25.0,31.64, ,,67.65,D,69.0,67.47,B,87.0,55.35,D,64.0,27.49,Unknown
1420,Luna,Unknown,4,4.59,White,M,Y,,Yes,New York,Wet,Checkup Needed,2024/01/05,38.77,A,36.0,67.32,b,21.0,66.77,B,80.0,28.1,b,47.0,67.74,a,,38.19, ,20.0,44.07, ,32.0,68.63,D,9.0,73.38,a,93.0,25.01, ,,67.73,D,,42.05,a
1421,Luna,Ragdoll ,-1,3.28,Gray,M,Yes,Yes,Unknown,TOKYO,,,,40.18,B,22.0,79.12,Unknown,25.0,38.49,D,2.0,34.12,C,14.0,N/A,a,79.0,23.92,B,39.0,61.98,B,41.0,65.52,B,88.0,85.11,Unknown,38.0,49.78,D,1.0,64.58,D,68.0,48.94,Unknown
1422,Milo,,23,5.58,,Unknown,yes,,No,Paris,,healthy,Jan 5 2024,43.48,Unknown,71.0,40.33,b,99.0,41.23,B,18.0,92.02, ,68.0,37.91,A,4.0,N/A,B,32.0,11.78,b,,78.0,a,39.0,28.78,a,52.0,56.68,B,93.0,62.15,B,61.0,64.51,C
1423,Oliver,Siamese,7,4.97,Mixed,,No,No,Yes, london,Mixed,Checkup Needed,2024/01/05,66.65,C,,97.95,C,69.0,15.35,b,42.0,47.78,A,40.0,51.8,a,29.0,8.68,B,42.0,66.66,D,35.0,45.55,A,43.0,62.33,Unknown,91.0,63.2,C,55.0,54.24,C,45.0,-10.34,B
1424,Luna,Persian ,10,7.68,White,,No,Yes,Unknown,TOKYO,,,2024-01-05,52.67,C,77.0,76.18,a,48.0,N/A,B,44.0,69.39, ,62.0,39.92,a,63.0,69.1,B,32.0,68.27,C,0.0,16.03,Unknown,12.0,55.01,D,59.0,88.1,B,83.0,79.01,Unknown,5.0,90.95,D
1425,Lucy,,21,5.21,Black,Unknown,No,No,Unknown,Sydney,Mixed,,,72.63,B,35.0,48.92,b,50.0,91.97,b,85.0,31.52,b,81.0,53.05, ,27.0,68.94, ,15.0,57.82, ,33.0,66.41,Unknown,80.0,75.78,B,11.0,46.96,b,45.0,62.94,A,57.0,45.18,C
1426,Lucy,Maine Coon,20,6.05,Brown,Unknown,Yes,No,Unknown,Sydney,wet,SICK,05/01/2024,33.06,Unknown,61.0,26.64, ,27.0,42.2,A,82.0,27.77, ,97.0,58.55,b,,55.69,C,77.0,N/A,a,75.0,76.26,C,89.0,39.93,A,0.0,41.82, ,,58.65,A,64.0,39.0,D
1427,Oliver, British Shorthair,3,5.55,Gray,Unknown,Yes,Yes,Unknown,London,Dry,Healthy,,39.73,a,19.0,57.67,D,16.0,79.83, ,3.0,63.38,a,,66.03,Unknown,92.0,61.88,A,61.0,44.33,a,20.0,33.66, ,,39.11,a,64.0,64.28,C,51.0,N/A,Unknown,7.0,58.77,A
1428,Oliver,Scottish Fold,0,3.24,White,M,N,No,Yes,Sydney,Dry,,2024-01-05,58.78,B,39.0,82.5,a,31.0,66.15,D,14.0,81.09,Unknown,56.0,52.65,a,,90.22,C,52.0,38.74,D,25.0,46.5,D,34.0,77.68,b,74.0,62.89,D,75.0,48.06, ,30.0,31.1, 
1429,Shadow,Unknown,23,3.77,White,Female,N,,Yes,New York,Dry,healthy,2024/01/05,51.54,b,92.0,27.8,A,9.0,53.86,a,81.0,46.59,a,72.0,85.85,a,26.0,18.57,D,11.0,78.9,b,37.0,74.83,C,84.0,57.34,C,45.0,35.61,C,5.0,53.19,b,33.0,92.46,Unknown
1430,Kitty,Maine Coon,12,4.95,Mixed,male,No,YES,No,TOKYO,wet,,2024-01-05,40.76,Unknown,47.0,56.03,Unknown,2.0,39.59,B,20.0,88.05, ,,50.71,B,93.0,73.66,b,37.0,45.68,Unknown,91.0,24.17,Unknown,79.0,54.8,D,88.0,57.68,B,34.0,55.49, ,46.0,55.54,a
1431,Smokey,Unknown,17,5.7,black ,Unknown,N,,No,Toronto,Dry,,05/01/2024,49.5,a,3.0,31.89,b,0.0,86.12,C,23.0,48.12,A,76.0,49.73,A,45.0,87.56,b,56.0,52.49,a,27.0,42.63,D,31.0,59.32,Unknown,82.0,53.16,C,64.0,80.22,Unknown,52.0,77.14,b
1432,Simba,Bengal,3,2.49,Brown,Male,N,,,,,SICK,Jan 5 2024,52.88,D,82.0,69.43,D,,65.18,b,,45.61,b,35.0,unknown,b,6.0,55.81,C,79.0,30.13,a,5.0,12.76,D,95.0,58.27,b,46.0,50.34,b,,52.91,D,,40.43,D
1433,Lucy, Bengal,24,6.51,Mixed,F,yes,,Unknown,,dry,,,59.74,Unknown,31.0,86.11,C,38.0,56.25,B,,50.01, ,99.0,40.21,C,78.0,38.51,a,77.0,31.82,D,12.0,20.05,a,73.0,24.81,a,,70.16,C,76.0,25.91,C,59.0,31.64,a
1434,Nala,Persian,22,3.59, WHITE,male,,Yes,,Paris,Mixed,Sick,2024-01-05,18.3,C,24.0,63.16,a,81.0,47.43,B,66.0,41.24,B,,40.6,b,97.0,66.13,b,4.0,70.7,B,56.0,29.85,C,72.0,32.74,A,29.0,62.86,C,66.0,64.23,b,73.0,24.11, 
1435,Shadow,british shorthair,1,6.22,black ,Unknown,,NO,Yes,Paris,Mixed,SICK,2024/01/05,50.02,b,87.0,44.45,b,20.0,93.52,B,81.0,56.49,A,45.0,26.6,Unknown,82.0,55.81,A,87.0,59.64,D,66.0,35.26, ,10.0,44.81,A,87.0,26.85,a,94.0,33.11,A,42.0,39.95,Unknown
1436,Chloe,Unknown,13,4.67,Black,M,Yes,,,Berlin,Wet,,,41.91,D,86.0,24.7,a,5.0,87.88,b,8.0,38.19,a,56.0,71.6,C,71.0,50.46,a,14.0,59.88, ,36.0,39.43,Unknown,37.0,23.76,C,,53.31, ,56.0,18.96,A,36.0,56.09,D
1437,Nala, Sphynx,-1,4.98,Black,Male,,YES,Unknown,Berlin,Dry,,Jan 5 2024,40.73, ,41.0,38.99,a,14.0,26.79,A,66.0,80.12,D,,42.5, ,77.0,58.92, ,33.0,42.09,a,31.0,57.4,B,92.0,100.15,B,0.0,,a,13.0,65.3,b,45.0,79.03,A
1438,Smokey,,23,3.7,Mixed,F,No,No,Unknown,New York,Dry,Healthy,,6.98,b,90.0,39.48,a,79.0,57.44,C,75.0,35.51, ,94.0,87.92,a,13.0,56.45,a,9.0,error, ,41.0,36.99,b,87.0,66.43,D,18.0,44.53,Unknown,80.0,27.75,a,15.0,error, 
1439,Tiger,Abyssinian,20,6.79,Orange,Male,Yes,No,No,,Wet,Checkup Needed,2024/01/05,36.21,B,44.0,32.53,D,58.0,41.53,B,49.0,63.91,C,1.0,65.67,b,36.0,39.41,B,18.0,58.77,a,,6.32,Unknown,84.0,33.38,C,86.0,65.64,b,39.0,93.74,C,28.0,51.01,A
1440,Oliver,Scottish Fold ,8,0.33,,Male,yes,Yes,Unknown, london,wet,,Jan 5 2024,29.88, ,68.0,46.76,a,96.0,106.6,B,17.0,35.91,a,96.0,49.42,a,58.0,55.11,A,75.0,26.72,b,67.0,67.82,Unknown,18.0,45.19, ,74.0,41.92,C,57.0,43.17,Unknown,26.0,78.52, 
1441,Oreo,Maine Coon ,5,3.02, WHITE,Male,no,Yes,Yes,Berlin,Wet,SICK,,42.74,C,9.0,21.1,C,92.0,48.55,C,,22.46,C,41.0,54.97, ,67.0,-1.19,b,26.0,60.65,A,80.0,55.87,b,63.0,42.15, ,52.0,19.84,Unknown,69.0,46.21,B,61.0,47.56,a
1442,Oreo,Unknown,6,3.11,White,female,no,,Unknown,London,Wet,SICK,Jan 5 2024,5.33,A,,23.19,D,32.0,43.71,D,26.0,60.34,A,,60.6,b,72.0,16.47,C,5.0,76.82,Unknown,52.0,64.52,C,4.0,55.51,B,6.0,,C,76.0,57.81,D,3.0,67.46, 
1443,Loki,Bengal ,15,3.78,,F,Yes,,Unknown,Toronto,,Checkup Needed,2024-01-05,36.46,a,91.0,43.71,D,34.0,106.2,A,0.0,56.64,D,,70.31,b,93.0,45.35,Unknown,38.0,45.68,D,6.0,73.1,D,7.0,32.53,B,94.0,60.76,B,38.0,46.61,C,83.0,83.76,a
1444,Simba,,23,2.74,White,female,N,No,,Sydney,,Checkup Needed,,61.08,a,88.0,61.83,Unknown,20.0,47.92,Unknown,12.0,64.86,A,79.0,47.74,B,80.0,31.31,B,7.0,59.86,a,41.0,68.5,B,64.0,51.49, ,6.0,61.54,C,86.0,49.49,b,48.0,68.38,a
1445,Simba,Siamese ,5,3.45,Brown,Female,N,Yes,Yes,Toronto,Mixed,SICK,,21.19,a,87.0,52.19,A,11.0,70.37,Unknown,42.0,46.79,B,64.0,50.2,D,36.0,29.82,B,7.0,68.38,B,99.0,41.29,B,45.0,53.09, ,59.0,29.23,D,,60.22, ,33.0,51.7,b
1446,Smokey,SCOTTISH FOLD,17,3.62,Mixed,female,yes,YES,Unknown, london,Dry,Checkup Needed,,60.45,b,58.0,25.85,D,58.0,37.24,B,75.0,35.13,a,67.0,73.45,Unknown,3.0,51.27,a,93.0,45.81,Unknown,,49.85,B,81.0,49.58, ,35.0,49.91,C,72.0,29.48,D,86.0,27.55, 
1447,Lucy,SPHYNX,5,4.41,White,Male,Y,,Yes,Tokyo,dry,Sick,,54.92,C,40.0,75.34,A,44.0,67.4,B,43.0,52.54,b,1.0,76.4,Unknown,31.0,83.09,D,29.0,23.73,Unknown,89.0,52.99,Unknown,16.0,78.76,b,56.0,38.66,Unknown,50.0,110.57,a,34.0,41.94,C
1448,Bella, Bengal,7,5.31,Mixed,female,yes,Yes,,London,dry,Healthy,,36.76,D,80.0,54.79,C,26.0,68.49,D,26.0,71.96,b,57.0,2.47,Unknown,66.0,62.68,Unknown,86.0,40.04,a,54.0,60.16,a,65.0,74.44,C,47.0,76.44,B,59.0,43.98,Unknown,,17.14,Unknown
1449,Lucy,,18,2.92,Brown,male,No,NO,No,Sydney,wet,Checkup Needed,2024-01-05,38.68,B,73.0,68.29,D,13.0,46.11,b,,N/A,A,76.0,48.66, ,26.0,60.16,C,78.0,54.76,a,99.0,22.81,Unknown,42.0,55.21,a,,61.81, ,13.0,52.6,A,7.0,63.74,b
1450,Smokey,Persian ,-1,6.73,Mixed,F,N,,,,wet,Sick,,38.66,D,61.0,79.42,C,61.0,65.69,A,1.0,16.73,A,77.0,52.57,A,73.0,34.08,b,10.0,43.59,a,,71.37,Unknown,20.0,71.95,a,3.0,98.23,D,,39.82,a,85.0,8.78,C
1451,Tiger,Siamese,15,4.45,White,M,yes,NO,Unknown,New York,Dry,Checkup Needed,2024-01-05,21.1,Unknown,91.0,49.42,b,61.0,23.91,Unknown,6.0,48.08,B,93.0,48.12,B,88.0,57.54,a,16.0,51.97,b,,74.78,a,17.0,48.42,A,9.0,22.2,D,28.0,7.94,Unknown,69.0,37.05,C
1452,Simba,sphynx,22,8.71,Mixed,Unknown,N,NO,,TOKYO,,SICK,,52.4,A,48.0,54.63,b,87.0,76.29,D,31.0,51.28,Unknown,38.0,58.6,b,48.0,13.34,a,57.0,52.96,Unknown,96.0,55.09,b,93.0,78.12,B,79.0,54.51,B,58.0,42.7,A,1.0,50.73,A
1453,Lucy,,8,6.73,Black,Female,N,,No,London,Wet,,05/01/2024,34.2,D,45.0,32.64,Unknown,7.0,70.2,A,49.0,76.85, ,45.0,73.37,C,,49.81,a,7.0,58.86,Unknown,1.0,66.38,Unknown,1.0,15.85,C,,51.09,a,47.0,25.44, ,19.0,81.52,B
1454,Tiger,abyssinian,10,5.63,Brown,,yes,No,No,Paris,Mixed,Healthy,,56.03,b,38.0,71.84,D,42.0,45.39, ,52.0,90.56,B,66.0,32.83,b,93.0,54.0,Unknown,63.0,44.64,C,4.0,12.68,b,47.0,53.98,D,10.0,37.68,b,11.0,49.81,Unknown,8.0,40.16,D
1455,Oreo,SIAMESE,13,6.26,Orange,male,Yes,No,,New York,Mixed,,2024/01/05,65.18,B,30.0,24.69,C,,80.12,a,1.0,67.86,B,14.0,48.74,a,,36.5,Unknown,77.0,40.83, ,96.0,55.41,B,47.0,64.64,A,43.0,43.54, ,31.0,103.43,a,22.0,44.4,Unknown
1456,Tiger,Unknown,0,5.6,Black,Unknown,No,Yes,Unknown,,,healthy,2024-01-05,41.95,b,48.0,50.02,B,55.0,30.77,C,98.0,21.66,Unknown,96.0,27.37,b,61.0,41.94,D,10.0,53.75,C,42.0,57.8, ,21.0,70.91,A,25.0,68.53,A,91.0,64.92,D,88.0,28.84,A
1457,Oreo,,-2,4.14,Gray,Male,No,No,,Paris,,Healthy,2024/01/05,56.52,C,44.0,34.09,B,27.0,20.17,C,93.0,12.95,a,35.0,67.05,A,2.0,69.96,D,27.0,66.82,C,49.0,68.34,b,70.0,67.97,A,,N/A,D,62.0,49.96,Unknown,55.0,33.99,D
1458,Oliver,MAINE COON,22,1.34,Orange,F,no,No,, london,Dry,Healthy,,46.57, ,44.0,54.01, ,13.0,55.88,A,3.0,69.9,A,67.0,66.02,b,60.0,34.15,b,88.0,45.83, ,65.0,82.27,A,69.0,61.59,a,66.0,80.15,b,47.0,70.23,D,7.0,15.65,B
1459,Loki,Siamese,19,5.56,Mixed,male,yes,No,Yes,New York,wet,,05/01/2024,13.04,D,11.0,50.09,C,72.0,24.72,D,10.0,47.19,C,9.0,38.98,D,41.0,50.27,C,61.0,38.44,A,72.0,82.6,C,67.0,64.97,D,,45.16,B,83.0,26.12,b,77.0,34.22,a
1460,Smokey,ragdoll,3,3.43,Black,,Y,NO,Yes,,dry,healthy,05/01/2024,35.7, ,54.0,77.96,B,0.0,54.67,A,11.0,59.69,Unknown,33.0,5.68,b,93.0,48.71,Unknown,97.0,35.91,Unknown,80.0,76.45,A,85.0,70.36,A,60.0,59.36,B,95.0,32.07,a,82.0,55.31,a
1461,Milo, Sphynx,17,5.18,black ,F,Yes,NO,Yes,,wet,Sick,,54.23,B,28.0,35.55,Unknown,26.0,55.97,b,73.0,51.12,C,61.0,25.22,B,72.0,unknown, ,43.0,77.76,A,64.0,16.68,D,,6.13,a,1.0,84.76,b,78.0,68.67,C,22.0,34.66, 
1462,Milo,Unknown,-2,4.86, WHITE,Male,,NO,,Berlin,,,Jan 5 2024,42.34,a,23.0,90.56,B,86.0,55.36,Unknown,74.0,46.29,B,,77.49,Unknown,51.0,80.01,A,42.0,7.97,Unknown,43.0,63.37,D,12.0,47.61,D,57.0,64.84, ,44.0,60.28,A,17.0,16.16,C
1463,Milo, Scottish Fold,15,3.7,Gray,Male,Yes,No,Yes,Paris,Mixed,Sick,Jan 5 2024,94.06,B,,52.68,B,22.0,44.68,D,10.0,48.78, ,72.0,22.76,a,74.0,28.18,C,47.0,76.2,Unknown,91.0,52.13, ,67.0,38.94,Unknown,4.0,42.72,Unknown,,39.72,B,98.0,70.41,C
1464,Simba,Abyssinian ,21,4.97,Mixed,M,Yes,YES,No,Paris,wet,Sick,2024-01-05,34.15,C,16.0,54.51,D,84.0,62.66,Unknown,92.0,61.88,D,93.0,22.17,A,8.0,65.45,D,6.0,36.52,A,34.0,23.14,C,18.0,68.54,D,90.0,-15.74,D,19.0,57.4,D,21.0,80.83, 
1465,Shadow,Siamese,12,3.1,,female,yes,YES,Unknown, london,,Healthy,Jan 5 2024,90.25, ,25.0,34.97,B,75.0,22.71,A,6.0,27.02,A,92.0,33.63,Unknown,8.0,30.57,Unknown,69.0,24.2,A,16.0,54.67,a,87.0,50.76, ,75.0,60.37,A,29.0,58.17,C,42.0,52.05,B
1466,Luna, Ragdoll,18,7.13,Black,male,N,No,Unknown,Toronto,,Sick,2024-01-05,unknown,Unknown,31.0,40.67,b,55.0,71.03,Unknown,42.0,35.59,C,72.0,41.38,b,53.0,49.66,a,69.0,61.39,D,76.0,72.12, ,66.0,76.02, ,,54.75,b,91.0,42.35,A,5.0,44.84,a
1467,Shadow,,24,5.44,black ,Unknown,Yes,NO,No,,dry,healthy,2024-01-05,36.22, ,84.0,92.59, ,22.0,84.27,D,83.0,8.35,A,28.0,43.47,B,,56.21,b,61.0,85.5,A,28.0,53.32,D,,54.11,a,23.0,49.91,D,26.0,67.6,b,39.0,27.15,a
1468,Chloe,British Shorthair ,2,2.27,black ,,yes,NO,Yes, london,Wet,Sick,Jan 5 2024,30.0,D,73.0,14.93,D,6.0,58.61, ,18.0,89.2,C,60.0,36.81,Unknown,8.0,67.66,D,15.0,36.64,B,7.0,53.42,C,15.0,84.85,D,22.0,64.14,C,85.0,65.69, ,28.0,28.19,B
1469,Luna,Scottish Fold ,2,4.94,Mixed,,Y,,,TOKYO,Dry,Sick,,65.7,Unknown,17.0,39.88,Unknown,41.0,23.54,A,73.0,72.71,Unknown,56.0,96.76,D,35.0,49.75,B,54.0,97.52, ,31.0,42.2,B,69.0,48.43,B,42.0,60.32,b,,41.6,Unknown,66.0,unknown,Unknown
1470,Oliver,British Shorthair ,10,1.66,,female,No,No,Unknown,New York,wet,,05/01/2024,25.77,C,23.0,47.44,B,8.0,9.73,B,54.0,32.94,Unknown,3.0,20.77, ,65.0,25.76,D,65.0,83.7,A,,26.12,C,2.0,49.9,C,81.0,52.88, ,81.0,41.65,B,26.0,40.66,Unknown
1471,Milo,siamese,10,5.94,White,female,no,NO,,Sydney,wet,,,25.03,Unknown,93.0,37.98,D,48.0,57.33,Unknown,3.0,59.77, ,88.0,42.3, ,66.0,89.28,a,82.0,49.89,D,37.0,30.68,Unknown,54.0,49.67,b,42.0,5.85, ,87.0,91.11,Unknown,19.0,58.41,B
1472,Loki,Unknown,2,8.28,Orange,F,yes,No,Unknown,London,Wet,SICK,,50.76,b,0.0,43.14,C,65.0,65.19,b,1.0,15.37,A,16.0,40.0,Unknown,55.0,65.24,D,86.0,26.36,b,72.0,72.83, ,8.0,40.08,B,10.0,-1.12,a,15.0,52.31,C,3.0,26.43,A
1473,Kitty,,13,3.59,black ,,Y,NO,Unknown,Tokyo,Dry,Sick,05/01/2024,61.16,D,10.0,76.95,D,12.0,57.54,Unknown,10.0,75.75,b,82.0,34.23,C,32.0,49.28,b,3.0,59.57,Unknown,31.0,68.3,D,77.0,52.01,a,,50.58,C,56.0,40.99,A,24.0,39.92,D
1474,Luna,ABYSSINIAN,3,6.22,black ,F,No,Yes,, london,,healthy,Jan 5 2024,57.12,C,43.0,48.28,A,78.0,63.51,B,49.0,61.05, ,51.0,37.73,A,22.0,75.09,C,42.0,56.1,B,,59.97,A,39.0,32.5,a,46.0,16.77,Unknown,,52.96,b,16.0,63.15,A
1475,Kitty,Maine Coon,20,1.25,White,Unknown,Y,Yes,, london,,SICK,Jan 5 2024,36.68,A,19.0,33.63,B,59.0,47.84,A,75.0,12.86,C,55.0,34.96, ,18.0,unknown, ,45.0,25.28, ,62.0,40.57,C,,77.32,B,44.0,14.16,B,,61.36,Unknown,1.0,46.55,C
1476,Smokey,maine coon,22,4.7,Mixed,M,,Yes,Yes,Tokyo,Dry,SICK,2024-01-05,80.58,A,62.0,33.31,b,51.0,74.12,a,78.0,28.81, ,49.0,23.3,Unknown,26.0,18.5,C,4.0,71.49,Unknown,42.0,73.98, ,89.0,43.71, ,41.0,79.23,a,1.0,90.94,Unknown,57.0,11.51,a
1477,Kitty, Persian,11,3.65,Mixed,Unknown,Y,No,No, london,Dry,SICK,05/01/2024,28.67, ,16.0,52.09,C,,-1.32,a,50.0,20.57,C,3.0,67.8,a,47.0,66.74,Unknown,90.0,69.21,D,43.0,68.01,b,98.0,52.97,b,57.0,44.57,C,38.0,17.86,a,60.0,63.58,B
1478,Chloe,Unknown,18,3.64,Brown,M,no,,Yes,Paris,Wet,,,75.16,C,65.0,55.98,B,6.0,8.06,B,41.0,30.76,A,40.0,46.95,C,16.0,27.7,D,50.0,43.17,a,48.0,41.91, ,93.0,37.78,C,,91.67,D,69.0,29.88,A,57.0,46.2,C
1479,Oliver,Siamese ,18,5.55,black ,M,Yes,NO,No,London,Wet,healthy,05/01/2024,49.54,b,93.0,103.93,B,61.0,39.32,C,49.0,58.77,A,,47.07,A,4.0,7.12,C,80.0,59.93,C,37.0,77.06,A,,72.98,A,38.0,25.95,B,,47.71,A,35.0,69.48,a
1480,Nala,Sphynx ,24,6.53,Orange,,no,YES,,,,Healthy,,unknown,Unknown,35.0,36.09,a,96.0,58.45,b,71.0,72.97,a,90.0,43.55,a,5.0,14.55,A,85.0,36.21,A,6.0,52.54,D,11.0,39.35,D,73.0,45.27,D,28.0,47.84,b,38.0,34.74,D
1481,Kitty,SPHYNX,5,4.31,Orange,Female,no,Yes,Unknown,Berlin,wet,healthy,,54.12,C,,56.5,Unknown,60.0,34.28,Unknown,46.0,46.37,Unknown,26.0,41.05,A,48.0,34.52,B,92.0,61.34,B,75.0,46.65,B,38.0,51.56,b,,36.07,D,27.0,28.59,b,6.0,77.86,B
1482,Kitty, Scottish Fold,12,5.56,,Male,,No,Unknown,London,wet,,,70.11,a,,unknown, ,,63.72, ,78.0,57.58, ,30.0,38.71, ,94.0,55.36,C,22.0,56.83,C,55.0,53.01,Unknown,36.0,33.6,A,31.0,61.7,D,6.0,33.18,Unknown,98.0,51.7,C
1483,Bella,Unknown,21,3.74,,Male,N,No,Unknown,Sydney,Mixed,SICK,2024/01/05,-2.4,C,70.0,48.27,b,51.0,45.85,Unknown,8.0,75.18,b,16.0,30.77,C,92.0,48.49,a,35.0,19.2,B,14.0,90.54,C,64.0,68.37,b,89.0,31.02,C,86.0,57.6,D,83.0,20.92,Unknown
1484,Oliver,Scottish Fold ,18,7.8,Orange,M,No,Yes,Unknown,Toronto,dry,Healthy,2024-01-05,28.59,A,73.0,56.54,b,14.0,22.46,Unknown,9.0,33.95,Unknown,3.0,67.04,Unknown,70.0,71.01,b,75.0,13.49,Unknown,24.0,79.6,C,42.0,56.56,b,4.0,38.64,Unknown,73.0,48.98,B,43.0,73.96,a
1485,Bella,ragdoll,3,6.25,black ,Unknown,N,No,No,New York,Wet,Checkup Needed,,16.32,B,52.0,28.52,C,25.0,66.39,a,96.0,50.65,B,0.0,57.74,b,7.0,40.35,D,60.0,54.47,a,29.0,44.45,A,,9.4,C,14.0,48.01, ,7.0,-19.64,b,,33.99,b
1486,Luna,Abyssinian,5,4.37, WHITE,Unknown,Y,NO,Unknown, london,Dry,Checkup Needed,2024/01/05,51.66,b,61.0,61.14,Unknown,52.0,44.92,B,,68.68,B,63.0,78.43,A,14.0,35.21,A,80.0,75.22,C,56.0,N/A,A,17.0,unknown,b,10.0,29.39,B,19.0,55.99,B,61.0,64.43,B
1487,Chloe,,2,5.65, WHITE,female,yes,No,No,Sydney,,healthy,Jan 5 2024,56.69,a,77.0,54.16, ,45.0,53.28,Unknown,26.0,26.01,Unknown,11.0,56.85, ,9.0,58.92,a,82.0,31.79,A,41.0,66.85,C,0.0,70.73,Unknown,,unknown,B,72.0,52.72,A,27.0,14.37,A
1488,Smokey,RAGDOLL,13,4.38, WHITE,Male,Yes,YES,,Berlin,wet,Checkup Needed,,34.8,a,63.0,9.97, ,20.0,25.72,C,97.0,45.93,Unknown,7.0,30.8,A,48.0,47.94,D,65.0,64.91,A,3.0,47.09,A,29.0,44.2,C,66.0,38.69,C,36.0,35.51,Unknown,28.0,30.98,C
1489,Leo,Abyssinian,7,3.4,Brown,Unknown,Y,YES,,Toronto,dry,Sick,,66.84,D,3.0,39.51,C,64.0,N/A,Unknown,86.0,70.34,a,,82.91,Unknown,15.0,47.64,D,,38.28,b,75.0,54.66,B,39.0,56.24,A,31.0,71.56,C,2.0,58.62, ,54.0,62.59,b
1490,Shadow,Bengal ,3,4.82,black ,Male,N,YES,Unknown,Toronto,Mixed,Sick,,71.58,A,,34.2,B,80.0,10.55,Unknown,53.0,80.17,a,96.0,84.78,A,48.0,65.13, ,69.0,24.41, ,44.0,39.63, ,10.0,64.86,A,74.0,106.55,B,72.0,40.35,D,67.0,47.68,D
1491,Shadow, Siamese,23,6.76,White,F,yes,NO,,Berlin,Dry,Checkup Needed,,16.17,b,80.0,62.19,Unknown,63.0,54.35,C,68.0,38.75,C,7.0,36.51,A,26.0,73.75,C,70.0,43.6,C,66.0,10.96,A,69.0,47.3,a,65.0,32.78,b,55.0,38.17,b,96.0,60.46, 
1492,Simba,SIAMESE,-1,1.9,,,,NO,,,dry,,Jan 5 2024,43.26,Unknown,7.0,31.47,Unknown,29.0,91.97,a,82.0,39.4,D,89.0,56.94,C,86.0,71.9,a,,23.68,A,35.0,62.86,D,58.0,55.51, ,5.0,43.76,a,82.0,54.22,b,89.0,49.71, 
1493,Lucy,,18,2.73, WHITE,female,Y,YES,Yes,Toronto,wet,Healthy,Jan 5 2024,54.78,b,14.0,27.46,C,28.0,50.66,C,12.0,36.6,D,0.0,54.4,B,,49.28,A,4.0,80.15,b,7.0,83.87,A,0.0,55.67,Unknown,21.0,48.32,C,33.0,92.27,b,92.0,55.37, 
1494,Lucy,Bengal ,-2,4.14, WHITE,F,yes,NO,Yes,London,Wet,Healthy,,58.46,Unknown,12.0,26.68,C,92.0,20.16,a,91.0,68.32,C,,55.73,C,91.0,109.8,Unknown,72.0,50.04,B,75.0,64.45,b,71.0,52.82, ,8.0,74.67,A,66.0,41.61, ,58.0,85.96,a
1495,Luna,Persian ,-1,4.06,black ,F,no,No,,New York,Dry,Sick,,48.37,D,49.0,58.13,A,11.0,84.96,C,33.0,23.27,C,74.0,36.44, ,97.0,52.3,C,83.0,50.71,C,41.0,-4.41,C,3.0,34.16, ,11.0,26.15,A,,52.83,C,34.0,48.31, 
1496,Chloe,Abyssinian,17,3.93,Gray,Male,N,No,,Tokyo,Wet,Sick,05/01/2024,62.7,D,93.0,91.59,a,79.0,27.83,B,61.0,62.77,C,86.0,105.13,A,21.0,44.32,D,78.0,63.71,C,,50.14,a,94.0,83.19,Unknown,44.0,error,Unknown,,30.23,Unknown,21.0,61.57,B
1497,Loki,Persian ,7,5.97, WHITE,Male,No,Yes,,New York,wet,Healthy,2024-01-05,38.5,a,,34.64,Unknown,85.0,66.01,C,78.0,21.26,D,32.0,32.54,B,,48.38,D,4.0,70.53,B,47.0,64.06,Unknown,64.0,67.82,D,,52.57,Unknown,20.0,80.24,a,,36.64,Unknown
1498,Milo,Ragdoll,0,7.83,black ,female,yes,Yes,Yes,Tokyo,,Checkup Needed,2024/01/05,80.24,B,,66.06,Unknown,67.0,44.42,a,75.0,59.25,a,94.0,34.73,Unknown,6.0,, ,79.0,19.58,a,54.0,33.75,D,54.0,45.34,Unknown,12.0,108.13,A,94.0,23.71,a,87.0,74.9,A
1499,Leo,ragdoll,14,4.04,,,no,Yes,Unknown,Berlin,Dry,,Jan 5 2024,78.81,B,57.0,72.98,C,35.0,37.18,a,,49.22,C,49.0,63.74,D,38.0,44.81, ,,56.16,A,13.0,9.33, ,53.0,35.38,a,39.0,31.54,A,75.0,61.76,a,99.0,70.29,C
1500,Bella,RAGDOLL,21,4.33,black ,Unknown,no,NO,No,Tokyo,Dry,healthy,2024/01/05,27.0,B,98.0,51.69,b,99.0,59.33,a,1.0,61.59,a,60.0,37.58,C,,35.08, ,,63.58,A,8.0,32.08,B,31.0,37.25,B,21.0,45.82,C,76.0,64.14,a,44.0,53.08,Unknown
1501,Oreo, Scottish Fold,24,3.08,,,yes,YES,No,Toronto,wet,Sick,2024/01/05,22.5, ,81.0,39.14, ,,37.78,a,1.0,75.11,b,30.0,40.16,Unknown,25.0,21.94,D,4.0,37.39,B,75.0,96.42,Unknown,93.0,65.78,b,50.0,65.72,D,18.0,52.93,C,98.0,8.87,B
1502,Simba,British Shorthair,16,2.04,Brown,M,N,NO,Unknown,Sydney,dry,,05/01/2024,25.7, ,47.0,95.05,Unknown,81.0,21.36,a,98.0,45.96,A,79.0,51.56,D,64.0,-4.35,B,80.0,32.05,b,38.0,40.11,Unknown,65.0,38.72,b,,56.32,Unknown,40.0,67.24, ,16.0,40.79,D
1503,Tiger,Unknown,23,5.72,Gray,M,Y,YES,No,Toronto,Wet,Checkup Needed,2024/01/05,89.46,A,92.0,64.51,D,79.0,54.99,a,50.0,56.03, ,42.0,54.43,D,31.0,59.86,D,86.0,17.36,B,66.0,34.51,D,12.0,81.76,a,40.0,26.26,Unknown,28.0,58.55,B,95.0,59.51,B
1504,Kitty,Unknown,24,5.82,,Female,No,Yes,Unknown,Toronto,wet,Checkup Needed,,57.86,D,57.0,55.28,a,20.0,57.23,b,31.0,33.42,A,96.0,45.14,Unknown,77.0,44.07,C,92.0,13.58, ,46.0,48.54,Unknown,99.0,61.31,C,78.0,50.62, ,,42.47, ,50.0,41.24,D
1505,Lucy,Unknown,8,3.45,White,Male,Yes,Yes,No,New York,dry,healthy,2024-01-05,33.36,C,62.0,67.94,a,6.0,72.39,A,0.0,34.47,C,0.0,42.65,C,50.0,51.32,A,52.0,53.52,Unknown,78.0,20.87,A,59.0,34.02,b,4.0,77.77,D,18.0,13.13,C,73.0,74.26,A
1506,Oreo,Maine Coon,14,3.43,White,M,No,,Unknown,New York,dry,Healthy,05/01/2024,59.78,C,0.0,40.1,Unknown,72.0,35.56,b,55.0,19.27, ,52.0,22.67,A,71.0,63.36,b,,26.21,A,60.0,N/A,B,83.0,63.05, ,86.0,33.75,Unknown,,59.2,b,12.0,69.27,b
1507,Lucy,Scottish Fold ,15,6.71,Brown,Female,No,,Unknown,Sydney,Dry,SICK,Jan 5 2024,45.67,A,16.0,24.53,Unknown,75.0,79.62,C,78.0,72.76,D,8.0,16.22,D,42.0,unknown,a,47.0,61.28,D,70.0,87.77,B,67.0,39.95,B,16.0,60.11,C,,54.79,D,74.0,105.95,C
1508,Oliver,,6,6.36,Black,Female,yes,No,,,Wet,healthy,,39.87,C,37.0,46.87,a,42.0,62.77,Unknown,17.0,12.58,Unknown,44.0,37.62,a,34.0,17.85,Unknown,37.0,64.12,D,21.0,37.91,D,83.0,20.79, ,78.0,70.62,C,,46.39,Unknown,54.0,27.54,Unknown
1509,Tiger,Unknown,15,3.04,black ,female,N,No,,New York,Wet,Sick,,32.74,B,88.0,49.57,C,9.0,unknown,A,91.0,24.03,A,,62.19,a,,32.99,b,53.0,40.52, ,99.0,46.14,a,72.0,63.43,D,86.0,65.89,Unknown,5.0,42.36,A,19.0,53.31,b
1510,Smokey,Unknown,24,4.73,,F,yes,,No,New York,,healthy,Jan 5 2024,32.22,C,7.0,62.93,C,57.0,64.14,A,56.0,68.99,a,19.0,58.05,a,13.0,72.13,Unknown,98.0,13.03,Unknown,64.0,76.07,a,43.0,70.1, ,43.0,40.59,A,31.0,79.21,D,97.0,84.12,Unknown
1511,Simba,scottish fold,15,5.56,Gray,female,yes,No,No, london,Wet,Sick,Jan 5 2024,54.09,B,70.0,70.65,B,14.0,77.37,D,74.0,35.64,D,11.0,16.31,C,76.0,55.92,B,3.0,17.49, ,,41.74,Unknown,45.0,4.41,b,51.0,59.26, ,96.0,36.37,Unknown,49.0,47.03,Unknown
1512,Leo,Unknown,3,5.4,Gray,male,No,YES,,Tokyo,wet,Sick,,70.96,B,28.0,36.07,b,10.0,52.08,A,94.0,55.61,A,82.0,25.19,a,52.0,88.06,D,38.0,80.97,A,23.0,16.31,C,,49.16,A,89.0,21.2,A,24.0,51.57,A,24.0,50.06,C
1513,Loki,Scottish Fold ,7,3.16,Mixed,,no,Yes,Yes,Tokyo,Wet,,,37.51,a,5.0,13.59,A,59.0,39.22,C,93.0,43.8, ,90.0,74.97,b,37.0,66.0,A,44.0,53.32,a,17.0,25.79,C,28.0,61.03,D,90.0,58.73,Unknown,65.0,50.95, ,28.0,71.0,b
1514,Shadow,Maine Coon ,4,3.15,Gray,Unknown,Yes,No,Unknown,Berlin,Mixed,Sick,2024/01/05,21.29,C,88.0,72.99, ,96.0,9.89, ,26.0,47.37,B,57.0,71.52,B,65.0,35.36,C,60.0,45.56,C,15.0,88.69, ,,17.56,C,59.0,34.29,a,0.0,42.8,a,28.0,39.92,D
1515,Simba,SCOTTISH FOLD,10,6.17,Gray,Female,No,YES,,Paris,Dry,,Jan 5 2024,37.78,Unknown,95.0,48.35,C,55.0,28.83,C,32.0,38.26, ,27.0,64.1, ,56.0,54.64,Unknown,97.0,32.61,D,,65.03,C,40.0,75.97,D,94.0,45.92,D,,34.71,b,36.0,43.25, 
1516,Luna, Ragdoll,4,6.25,Orange,F,N,Yes,No,New York,dry,Checkup Needed,,67.67, ,90.0,84.18,B,24.0,75.04,b,85.0,51.09,b,59.0,54.72,C,52.0,28.44,a,61.0,58.76,B,44.0,45.28,A,91.0,53.6,b,75.0,39.48,A,54.0,64.74,Unknown,90.0,32.15,D
1517,Luna,Maine Coon ,13,2.65,White,Male,No,,Yes,Toronto,Wet,Healthy,,16.31,A,,,C,90.0,66.78,Unknown,,56.01, ,90.0,51.18, ,87.0,66.75,Unknown,,85.88, ,26.0,39.85,A,69.0,39.57, ,27.0,41.45,a,93.0,32.05,Unknown,95.0,38.45,B
1518,Milo, British Shorthair,22,6.52,White,Female,Yes,Yes,No,Berlin,dry,SICK,,65.44,D,53.0,35.58,A,11.0,37.56,A,14.0,39.42,b,87.0,62.94,b,56.0,error, ,89.0,17.18,A,28.0,67.89,D,96.0,60.99,b,57.0,44.36,C,32.0,9.05,D,91.0,36.75,a
1519,Nala,BENGAL,-1,1.64,black ,male,No,,,TOKYO,wet,,2024-01-05,67.06,C,46.0,40.4, ,13.0,54.27,Unknown,29.0,71.89,b,60.0,49.05,Unknown,78.0,29.74,b,18.0,81.98,b,18.0,25.88,Unknown,66.0,30.37,Unknown,,71.4,Unknown,,15.96,B,48.0,77.46,D
1520,Leo,BRITISH SHORTHAIR,12,4.79,White,Female,Yes,,No,TOKYO,wet,Healthy,,72.18,Unknown,67.0,59.88, ,1.0,73.16,Unknown,5.0,71.67,A,7.0,58.83,b,11.0,58.74,b,34.0,43.45,C,93.0,44.87,b,54.0,34.73,A,56.0,63.61,D,28.0,39.49,a,72.0,85.86,b
1521,Bella,bengal,3,6.59,Gray,Female,Y,NO,Unknown,Paris,Mixed,Checkup Needed,,45.14, ,33.0,109.26, ,17.0,41.73, ,62.0,24.54,B,71.0,60.35, ,20.0,86.81,B,4.0,39.96,D,26.0,100.53,a,77.0,41.49,B,4.0,21.53,b,10.0,36.65,C,51.0,22.25,B
1522,Oreo,sphynx,7,5.24,Orange,Unknown,no,NO,No,TOKYO,Mixed,Checkup Needed,Jan 5 2024,69.06,a,3.0,94.94,C,34.0,73.06,D,,36.65,C,0.0,55.92,A,91.0,25.43,b,16.0,80.41,b,34.0,48.64,Unknown,,17.84,a,,70.05,b,89.0,53.07,a,99.0,30.95,A
1523,Chloe,Abyssinian ,3,3.6,,,,YES,Yes,London,,Checkup Needed,05/01/2024,42.31,Unknown,91.0,8.68,B,87.0,41.26,Unknown,32.0,unknown,B,66.0,62.88,b,24.0,10.36,B,64.0,18.36,C,67.0,42.26,D,72.0,38.5,A,42.0,39.35,D,26.0,82.6,D,25.0,,b
1524,Luna, Ragdoll,4,7.15, WHITE,Unknown,N,Yes,Yes,Toronto,Mixed,Checkup Needed,Jan 5 2024,21.96,A,93.0,65.43,C,68.0,40.56,Unknown,64.0,101.19, ,3.0,10.02,C,29.0,39.54,D,34.0,50.16,b,69.0,45.06, ,5.0,48.31,a,56.0,13.0,A,83.0,48.02,B,1.0,36.87,a
1525,Milo,Bengal ,9,6.82,Brown,male,Yes,No,,Paris,dry,,,59.82,B,43.0,41.1,C,1.0,65.99,A,14.0,54.43,Unknown,95.0,87.85,B,7.0,71.48, ,2.0,96.92,D,53.0,19.35, ,47.0,56.36,D,11.0,22.54,b,7.0,47.86,B,21.0,84.69,A
1526,Chloe,Ragdoll ,23,4.71,,F,no,NO,Yes,TOKYO,wet,,05/01/2024,33.62,Unknown,69.0,93.89,b,92.0,71.25,A,39.0,,D,,52.19,b,7.0,34.2,B,61.0,57.87,b,91.0,80.24,a,70.0,33.77,B,6.0,62.96,a,64.0,73.88,Unknown,,46.39,C
1527,Milo,MAINE COON,14,3.4, WHITE,,no,No,Yes,TOKYO,wet,Healthy,2024/01/05,39.15,D,81.0,48.46,D,,20.86,C,59.0,72.78,a,66.0,46.04, ,39.0,50.3,Unknown,,44.44,b,0.0,50.64,a,94.0,24.79,D,79.0,48.25,C,40.0,44.29,B,84.0,54.48,Unknown
1528,Leo,bengal,17,3.44,Brown,Male,N,,,Toronto,Wet,healthy,,49.43,D,36.0,78.4,B,48.0,41.29,Unknown,83.0,49.24, ,37.0,41.73,C,0.0,59.39,D,7.0,80.05, ,35.0,52.12,D,,15.16,Unknown,99.0,44.7, ,27.0,17.55,B,59.0,50.51,b
1529,Simba,Sphynx ,24,2.48,Brown,female,N,YES,Unknown,Berlin,,healthy,05/01/2024,38.32,b,0.0,45.42,D,95.0,73.73,A,80.0,59.46,A,70.0,52.85,a,4.0,80.83, ,38.0,40.62,Unknown,53.0,60.13,Unknown,62.0,33.04,C,35.0,59.78,a,3.0,29.34,Unknown,,63.93,a
1530,Shadow,Maine Coon ,21,-0.68,black ,M,,YES,No,Tokyo,dry,Sick,,32.76,B,71.0,69.47,B,51.0,30.01,C,71.0,56.36, ,27.0,55.33,a,,64.81,A,91.0,74.96,a,71.0,2.71,D,54.0,34.53,Unknown,4.0,71.17,D,56.0,56.85,D,92.0,52.32,D
1531,Tiger, Siamese,16,4.59, WHITE,F,yes,NO,Yes,,Dry,SICK,Jan 5 2024,21.96,b,53.0,51.6,b,48.0,51.85,Unknown,87.0,82.54,b,92.0,23.32,Unknown,18.0,95.53,Unknown,,75.93,Unknown,8.0,,Unknown,41.0,51.76,D,72.0,25.83,B,31.0,8.51, ,3.0,48.26,B
1532,Leo,scottish fold,23,3.96,Brown,female,Yes,YES,Unknown,Paris,,SICK,2024-01-05,92.97,Unknown,68.0,39.81, ,63.0,60.71,D,45.0,40.71,C,71.0,39.65,Unknown,52.0,74.55,B,52.0,40.5,a,13.0,38.73,A,9.0,91.3,C,56.0,27.05,a,0.0,22.37,D,46.0,49.87,A
1533,Simba,Maine Coon ,14,6.99,White,male,No,Yes,No, london,wet,healthy,05/01/2024,33.13,Unknown,19.0,59.46,D,15.0,70.55,a,28.0,52.31, ,77.0,23.58,b,37.0,32.13,D,7.0,45.21,B,77.0,15.61,a,88.0,36.46,b,30.0,57.29,D,69.0,87.77,b,46.0,43.48,a
1534,Luna,Ragdoll ,7,1.81,Gray,Unknown,no,,Unknown,London,Dry,healthy,Jan 5 2024,38.4,C,12.0,84.22,D,41.0,55.55,B,98.0,54.96,b,25.0,56.99,B,,33.95,B,73.0,63.31,b,31.0,81.94,D,22.0,44.89,b,36.0,54.68,b,19.0,45.52, ,20.0,55.66, 
1535,Oliver,Unknown,8,4.13, WHITE,M,no,Yes,,Berlin,Dry,,2024-01-05,95.81,b,42.0,45.6,B,58.0,45.08,C,85.0,38.15,b,75.0,29.15,B,96.0,33.55,B,,72.38,C,77.0,41.8,A,28.0,47.09,C,20.0,44.44,D,,28.69,A,73.0,36.49,B
1536,Loki,Siamese ,7,5.43,Mixed,M,no,YES,Unknown,New York,Mixed,Sick,Jan 5 2024,65.95,C,44.0,50.11,a,21.0,-0.26,B,70.0,16.72,B,14.0,69.27, ,27.0,77.3, ,17.0,59.65,A,76.0,34.71, ,0.0,74.27,Unknown,59.0,64.95,C,93.0,9.4,a,28.0,78.74,a
1537,Tiger,scottish fold,7,4.24,,Female,no,No,No,Sydney,,healthy,,68.95,D,72.0,30.67,a,,43.28, ,,65.73,a,65.0,73.48,B,11.0,46.23,b,32.0,77.67, ,94.0,27.79,B,89.0,62.67,a,48.0,57.9,D,28.0,53.66,b,16.0,58.18, 
1538,Chloe, Sphynx,5,4.16,White,Unknown,N,Yes,Unknown, london,Mixed,healthy,2024-01-05,70.87,D,79.0,76.61, ,24.0,54.18,B,92.0,94.73,A,70.0,59.0,B,59.0,63.85, ,22.0,69.72,a,,32.92,B,78.0,62.5,C,49.0,43.14,b,31.0,50.13,Unknown,76.0,14.26,Unknown
1539,Loki,Sphynx ,24,5.67,Mixed,F,Yes,NO,Yes,London,dry,,2024-01-05,57.21,b,8.0,74.58,B,13.0,52.15,D,58.0,34.74,C,2.0,48.71,a,,82.71, ,,57.53,a,53.0,52.03, ,19.0,38.45, ,10.0,33.2,b,36.0,33.85,D,65.0,48.03,C
1540,Kitty,BENGAL,21,3.88,Mixed,Female,no,NO,Unknown,TOKYO,Mixed,healthy,2024/01/05,44.89,C,15.0,49.94,b,16.0,90.63,A,70.0,55.85, ,61.0,60.2,B,,46.01,D,76.0,32.34,Unknown,85.0,36.45,Unknown,63.0,55.76,b,22.0,58.73,B,5.0,61.39,Unknown,54.0,42.25,a
1541,Luna,BRITISH SHORTHAIR,20,4.71,black ,M,,NO,,Sydney,Dry,,2024-01-05,59.04,B,70.0,53.57,Unknown,23.0,39.18,B,7.0,41.24,Unknown,16.0,92.73, ,39.0,75.99,B,29.0,50.35,D,90.0,54.17,Unknown,,66.71,C,,57.8,D,85.0,50.88,a,23.0,unknown,A
1542,Milo,Persian,8,4.52,Gray,F,Y,NO,Yes, london,Mixed,healthy,2024-01-05,54.83,b,16.0,41.33,C,29.0,52.43,b,69.0,49.57,A,8.0,78.9,A,34.0,38.14,a,6.0,61.15,C,23.0,31.49, ,,58.7,C,61.0,71.26,Unknown,,36.88, ,49.0,19.63,a
1543,Simba,bengal,9,3.98,White,female,Yes,YES,Unknown,Tokyo,Dry,SICK,Jan 5 2024,42.63,a,83.0,20.34,b,22.0,38.22,A,23.0,64.91,B,0.0,40.67,b,30.0,61.51,a,93.0,31.1,C,32.0,37.02,C,51.0,43.03,B,6.0,23.87,D,48.0,30.56,C,66.0,50.78,b
1544,Kitty,,5,4.24,Black,Unknown,yes,,,London,Dry,SICK,,35.23,Unknown,36.0,53.58,D,17.0,46.58,D,98.0,40.2,a,94.0,40.21,B,39.0,77.33,a,46.0,27.33,D,41.0,61.26,Unknown,8.0,51.59,A,,12.35,C,55.0,58.99,C,29.0,58.55,A
1545,Bella, Abyssinian,-2,5.01, WHITE,F,Y,No,Unknown,Paris,wet,healthy,,36.06,Unknown,73.0,28.73,b,68.0,27.93,Unknown,76.0,60.45,C,50.0,56.57,b,80.0,7.74,b,18.0,57.64,C,30.0,54.23,Unknown,65.0,66.95,D,79.0,82.47,b,38.0,14.17,A,20.0,98.6,a
1546,Bella,SIAMESE,20,4.8,Black,Female,N,,No,Tokyo,wet,healthy,2024-01-05,26.27,C,10.0,62.38, ,58.0,43.75,D,,62.89,A,20.0,56.27,D,29.0,35.04,D,39.0,57.65,a,76.0,95.53,B,32.0,47.69,b,87.0,54.69,b,56.0,41.02,A,59.0,58.42,a
1547,Simba,ABYSSINIAN,-2,2.16,black ,Male,N,No,Unknown,Paris,,,2024/01/05,55.85,a,54.0,71.26,a,1.0,59.89,B,41.0,61.36,B,0.0,24.03,C,24.0,54.9,A,77.0,40.07,b,77.0,17.15,b,81.0,59.27, ,,38.82,a,16.0,73.27, ,80.0,1.32,B
1548,Lucy, Scottish Fold,0,5.49,Brown,,,,No,Toronto,Wet,healthy,,2.7,B,26.0,75.56,C,15.0,56.79,b,58.0,34.14,b,81.0,77.74, ,,44.39,a,,69.52,C,72.0,63.32,B,52.0,43.17,a,31.0,64.5,b,44.0,64.92,b,46.0,63.16,D
1549,Leo,,20,2.14,black ,Male,yes,NO,Yes,London,wet,healthy,,17.13,A,4.0,49.45,A,66.0,90.19,a,99.0,61.35,B,,45.39,B,84.0,97.02,D,26.0,43.34,C,7.0,27.32,Unknown,,36.02,a,96.0,35.0, ,42.0,63.41, ,41.0,5.92,a
1550,Oreo,British Shorthair,13,3.32,Orange,female,Yes,NO,Unknown,TOKYO,dry,Sick,,58.8,C,54.0,20.79,D,54.0,35.66,a,89.0,54.86,a,,36.21,B,70.0,error, ,38.0,42.95,C,36.0,44.39,a,32.0,62.24,a,73.0,-0.38,a,61.0,17.61,B,0.0,86.13,B
1551,Lucy,Siamese,6,2.93,Gray,Female,yes,,,Berlin,Wet,Sick,Jan 5 2024,84.96,C,57.0,70.11,D,93.0,33.29, ,44.0,72.73,b,89.0,76.36,Unknown,34.0,10.09,B,58.0,78.46,Unknown,32.0,56.82,Unknown,80.0,33.22,B,21.0,43.71,b,56.0,54.47,C,18.0,44.02,A
1552,Kitty,ragdoll,13,7.24,Black,M,no,NO,Unknown,New York,Dry,healthy,2024-01-05,53.67, ,42.0,68.55,C,31.0,53.25,D,73.0,36.87,A,96.0,76.55,C,92.0,17.19,a,16.0,86.86,b,49.0,43.4,B,,35.41,D,80.0,58.08, ,17.0,65.77, ,0.0,72.23, 
1553,Nala,Sphynx ,22,5.47,White,Female,yes,,Unknown,Paris,Mixed,,2024/01/05,92.62,D,36.0,70.54,D,38.0,59.32,A,31.0,50.35,D,21.0,58.28,Unknown,31.0,43.78, ,,91.84,b,8.0,62.87,Unknown,,28.7,D,28.0,9.31, ,62.0,54.48,D,96.0,43.25, 
1554,Nala, Abyssinian,20,5.87,White,M,Y,,Unknown,Tokyo,dry,healthy,05/01/2024,46.52, ,35.0,62.23,B,53.0,50.9,a,58.0,52.08,C,58.0,64.38, ,43.0,67.55,D,,68.75,b,,56.39,Unknown,5.0,59.91,a,61.0,38.21,Unknown,,30.32,a,29.0,27.78,C
1555,Tiger,Sphynx ,17,6.62,Mixed,Unknown,N,NO,No,Paris,dry,,,47.7,B,63.0,67.72,A,9.0,63.87,b,78.0,45.06,A,19.0,24.59,a,19.0,46.81,a,81.0,29.44,a,51.0,65.18, ,17.0,52.71, ,97.0,54.4,a,97.0,30.72,a,72.0,56.28,A
1556,Smokey,,12,2.88,black ,Male,Yes,Yes,Unknown,TOKYO,,,2024-01-05,56.25,C,85.0,71.74,Unknown,4.0,103.58,D,24.0,49.47,A,21.0,24.17,D,21.0,52.09, ,11.0,68.08,b,52.0,81.08,b,,74.14,D,63.0,77.11,C,19.0,35.26, ,18.0,46.4,C
1557,Oliver,SCOTTISH FOLD,0,5.18,Orange,M,,,,New York,dry,,,36.52,b,89.0,30.37,a,9.0,48.53,b,29.0,74.42,a,49.0,65.51, ,44.0,6.32,B,96.0,64.71,a,24.0,50.72,Unknown,34.0,54.87,b,,53.93,b,7.0,45.07,a,44.0,60.66,A
1558,Chloe,Unknown,1,5.14,,Female,yes,,Yes, london,,Healthy,,56.87,b,14.0,29.02,Unknown,50.0,54.6,a,39.0,55.78,b,17.0,38.27,D,87.0,35.05, ,51.0,52.28,D,74.0,36.03,Unknown,18.0,44.36,B,21.0,47.44,C,39.0,52.43,C,58.0,65.83,Unknown
1559,Oreo,Unknown,-1,3.61,,Unknown,yes,NO,,TOKYO,wet,Healthy,,57.54,Unknown,86.0,79.51,a,7.0,63.34,Unknown,,43.2,a,72.0,28.49,a,70.0,49.78,A,88.0,51.48, ,,16.34,a,82.0,54.58,a,18.0,66.28,C,92.0,29.34,Unknown,39.0,41.52,b
1560,Milo,,8,6.01,Orange,female,no,YES,Yes,Toronto,wet,healthy,2024-01-05,57.23,C,48.0,56.82, ,2.0,27.63,D,23.0,25.23,B,42.0,76.69,a,5.0,76.19,C,89.0,72.8, ,43.0,51.32,B,33.0,9.53,B,27.0,41.05,D,93.0,71.93,B,99.0,35.93, 
1561,Smokey,Siamese ,2,4.78,,F,No,Yes,No,Tokyo,,Sick,05/01/2024,46.65,B,,70.69,b,83.0,34.26,a,81.0,30.49,Unknown,7.0,26.75,b,,32.81, ,86.0,35.08,B,15.0,53.24,A,2.0,74.42,C,67.0,48.92,B,5.0,41.83,C,70.0,52.67,D
1562,Luna,,-2,2.5,Brown,female,Yes,,Yes,New York,Dry,Healthy,Jan 5 2024,51.88,a,,43.93,Unknown,86.0,49.47,C,91.0,unknown,a,67.0,48.25,b,98.0,47.49,a,13.0,51.05,B,,51.33,D,25.0,72.91,C,18.0,24.36, ,3.0,41.5,B,0.0,52.69, 
1563,Nala,ABYSSINIAN,22,5.71,Orange,male,,NO,Unknown,Tokyo,wet,Sick,Jan 5 2024,45.21,b,60.0,46.86,D,81.0,40.14,A,56.0,52.91,D,18.0,57.28,b,,66.31,b,0.0,83.51,B,76.0,43.88, ,77.0,,A,92.0,57.36,Unknown,46.0,40.25, ,28.0,74.63,C
1564,Lucy,Siamese ,16,3.46,Orange,,N,,Unknown,Paris,Dry,healthy,,30.53, ,85.0,38.6,B,1.0,78.05,Unknown,87.0,69.22,D,10.0,35.25,C,42.0,9.5,C,56.0,3.89,C,54.0,76.94,Unknown,99.0,61.57,a,94.0,63.51,C,40.0,63.36,A,14.0,61.81,A
1565,Simba,Bengal,4,4.36, WHITE,Female,yes,No,Unknown,Tokyo,,,05/01/2024,48.94,A,20.0,76.0,D,92.0,62.41,a,35.0,59.4, ,48.0,51.0,A,38.0,17.68, ,89.0,32.57,Unknown,94.0,3.01,a,30.0,47.67,Unknown,17.0,36.16,Unknown,10.0,24.98,D,79.0,36.89,D
1566,Smokey,,21,3.66, WHITE,Unknown,No,NO,Yes, london,wet,Sick,,59.37, ,10.0,38.83, ,,59.27,a,,43.16, ,40.0,91.18,Unknown,63.0,79.5,D,10.0,76.83,Unknown,67.0,49.96,Unknown,80.0,59.04,C,,58.45,B,22.0,53.2,Unknown,12.0,35.6,C
1567,Simba,,10,2.9,Orange,Female,N,,Unknown,Berlin,Mixed,Healthy,,75.03,C,59.0,47.06,a,39.0,29.81,C,37.0,50.51,D,,error,b,,49.43, ,40.0,40.3,b,31.0,38.07,A,28.0,72.48,B,50.0,56.3, ,30.0,7.28,b,74.0,68.61,C
1568,Smokey,Sphynx,13,5.61,Mixed,male,No,NO,,Paris,dry,,05/01/2024,45.73,B,,60.85, ,72.0,20.49,D,89.0,25.12,a,11.0,73.5,a,68.0,72.08,D,88.0,34.88,a,96.0,34.64,a,42.0,13.75,B,2.0,41.05,A,24.0,45.54,Unknown,79.0,44.35,D
1569,Luna,Unknown,24,3.92,black ,Female,no,No,Yes,Berlin,wet,Sick,,6.15,b,74.0,45.81,b,43.0,73.71,a,33.0,47.98,A,85.0,34.17,A,36.0,58.3,B,82.0,21.17,B,76.0,40.68,Unknown,86.0,63.33,C,50.0,57.84, ,61.0,43.62,D,43.0,79.07, 
1570,Loki,,21,3.38,black ,,N,No,Yes,Berlin,wet,Sick,,64.59,D,4.0,24.37,b,13.0,50.08,C,66.0,46.32,A,6.0,63.2,B,60.0,32.26,b,20.0,73.71,a,47.0,56.84,Unknown,40.0,30.78,C,8.0,14.59,D,,20.66,B,83.0,47.99, 
1571,Lucy,,22,4.55, WHITE,female,yes,YES,Yes,Berlin,,Healthy,2024/01/05,24.45,b,25.0,22.31, ,,47.06,A,28.0,52.43,C,32.0,46.11,C,30.0,52.45,D,21.0,72.73,C,28.0,45.63,D,,64.63, ,83.0,56.0,D,5.0,64.14,C,39.0,26.62,a
1572,Lucy,BENGAL,14,4.31,White,male,Yes,YES,,TOKYO,dry,,2024-01-05,48.15,B,45.0,30.97,Unknown,11.0,23.91,a,,38.02,B,84.0,35.45,A,82.0,71.56,D,,62.31,Unknown,25.0,73.0,C,55.0,44.06,b,77.0,29.69,D,53.0,89.89,Unknown,75.0,62.91,b
1573,Tiger,sphynx,16,2.95,,F,Y,NO,,Paris,dry,healthy,2024/01/05,56.4, ,77.0,57.66,Unknown,42.0,34.2,A,45.0,17.36,Unknown,51.0,78.08,A,53.0,66.73,Unknown,35.0,73.78,Unknown,34.0,45.79,D,31.0,42.9,B,71.0,26.66,B,74.0,30.82,Unknown,44.0,60.96,a
1574,Nala,Maine Coon ,11,4.49,Mixed,male,Y,YES,No,Tokyo,Wet,Checkup Needed,2024-01-05,31.14, ,,26.54,b,78.0,78.42,C,22.0,69.79,C,94.0,95.58,B,,55.39,A,20.0,61.33,a,,41.24,a,89.0,78.33, ,9.0,59.3, ,37.0,31.5,Unknown,19.0,25.85, 
1575,Luna,bengal,-1,2.6, WHITE,Male,N,YES,No,,wet,Checkup Needed,,75.21,Unknown,47.0,63.63,C,25.0,75.91,A,38.0,91.51,D,68.0,80.79, ,41.0,104.41,B,49.0,61.27,A,30.0,20.99, ,26.0,31.96,D,0.0,48.06, ,26.0,error,Unknown,6.0,20.39, 
1576,Loki,maine coon,20,5.59, WHITE,M,no,,Unknown,TOKYO,Dry,,2024/01/05,40.0,C,94.0,60.91,Unknown,4.0,56.49,D,,73.46,a,10.0,48.66,Unknown,1.0,60.72,a,18.0,49.95,Unknown,82.0,52.51,B,84.0,50.4,b,89.0,25.25,b,64.0,-1.51,b,78.0,54.6,b
1577,Tiger, Sphynx,1,7.73, WHITE,Unknown,,NO,Yes,Toronto,Dry,Sick,,64.11,A,35.0,82.8,A,41.0,49.06,C,,58.17,D,40.0,54.24,a,5.0,48.95, ,90.0,69.83,b,28.0,56.1,A,62.0,27.39,a,60.0,86.75,a,33.0,44.67,a,74.0,85.95,a
1578,Smokey,sphynx,24,2.25, WHITE,Unknown,N,Yes,Unknown,Berlin,Mixed,,Jan 5 2024,39.33,A,26.0,74.1,A,5.0,43.98,A,,86.36,b,30.0,74.68,Unknown,99.0,54.07,Unknown,44.0,24.73,C,24.0,75.0,C,,52.16,B,94.0,28.43,D,39.0,75.34,C,36.0,75.87,D
1579,Tiger,sphynx,4,4.17,White,Male,No,No,No,TOKYO,Dry,healthy,2024-01-05,59.45,D,67.0,86.0,a,67.0,51.24,D,90.0,47.86,A,1.0,53.09, ,4.0,55.23,b,45.0,41.39,A,17.0,17.43,Unknown,53.0,58.58, ,,36.91,D,17.0,23.26,D,23.0,77.56,a
1580,Bella,siamese,5,5.14,Mixed,female,Yes,NO,Yes,Tokyo,,,05/01/2024,95.66,B,2.0,56.14,D,57.0,73.6,Unknown,21.0,23.56,B,64.0,51.76,A,92.0,53.15,D,81.0,69.61,a,29.0,12.84,C,78.0,17.63,Unknown,98.0,89.42,C,53.0,61.57, ,89.0,58.63,C
1581,Tiger,british shorthair,23,2.63,Black,Female,,,Yes,,Mixed,SICK,,75.93,D,35.0,36.27,B,,45.34,a,,29.14,Unknown,55.0,35.47,C,82.0,37.54,B,41.0,46.99,b,54.0,83.17,A,56.0,63.69,Unknown,12.0,53.0,A,89.0,72.74,D,25.0,86.1,C
1582,Simba,,18,3.8,Orange,,no,NO,Yes,Sydney,wet,SICK,Jan 5 2024,29.57, ,82.0,60.62,Unknown,81.0,31.14,B,19.0,83.42,A,35.0,45.87,b,5.0,33.72,B,39.0,40.56,b,20.0,27.98,B,91.0,106.07,D,25.0,39.85,C,38.0,11.47,Unknown,33.0,31.56,B
1583,Oliver,PERSIAN,14,3.23,black ,male,no,,,Paris,Mixed,,05/01/2024,5.78,Unknown,70.0,31.17,C,,56.59,D,42.0,27.72,C,86.0,39.8, ,23.0,50.79,B,73.0,40.03,b,99.0,22.71,D,91.0,45.83,A,80.0,55.53,b,30.0,69.0,Unknown,9.0,66.65,C
1584,Loki,Unknown,22,3.97,,female,,YES,Yes,New York,Dry,,,54.42,D,91.0,66.17,B,35.0,59.37,a,23.0,43.3,D,84.0,16.19,A,24.0,60.14,A,40.0,67.95,B,65.0,45.62,B,68.0,52.98,a,13.0,63.48,C,,45.23,C,36.0,30.56,A
1585,Oreo,Unknown,0,7.69,Brown,,yes,,Yes,Sydney,dry,SICK,05/01/2024,39.36,D,94.0,37.5,D,69.0,56.73, ,62.0,36.31,Unknown,39.0,63.71,A,78.0,74.39,Unknown,83.0,35.07,a,93.0,51.54,A,19.0,54.49,C,56.0,29.96,D,39.0,42.41,a,43.0,70.98,D
1586,Smokey,,8,7.09,Gray,,Y,NO,No,Berlin,dry,Sick,05/01/2024,11.69,A,74.0,40.92,C,10.0,61.77, ,46.0,45.94,b,74.0,59.08, ,51.0,71.67,B,79.0,47.41,A,62.0,46.09,B,72.0,27.34,C,13.0,45.46,a,6.0,55.36,A,8.0,64.54,a
1587,Shadow,Sphynx,17,2.53,black ,Male,N,NO,Unknown,TOKYO,Mixed,SICK,,50.31,Unknown,89.0,69.94,b,53.0,58.69,Unknown,17.0,69.14,Unknown,66.0,63.69,a,5.0,59.83,A,24.0,49.55,B,98.0,43.84,b,72.0,73.94,a,18.0,50.0,Unknown,20.0,64.41,a,88.0,54.03,C
1588,Simba,,0,5.4,Orange,Unknown,N,Yes,,Paris,wet,,2024/01/05,53.5,A,56.0,52.22, ,78.0,21.04,A,36.0,83.94,Unknown,41.0,55.78,a,3.0,36.41,B,65.0,44.38,A,,61.3,B,,26.51,a,82.0,88.99,Unknown,24.0,28.69,A,11.0,41.66, 
1589,Bella,Bengal,22,3.68,Black,Female,,YES,Unknown,Berlin,Dry,SICK,05/01/2024,42.76,B,14.0,77.71,A,35.0,28.64,C,48.0,35.72,a,87.0,43.94,A,85.0,86.58,B,21.0,47.77, ,49.0,33.02,D,87.0,63.48,A,51.0,39.39,B,46.0,42.43,Unknown,12.0,51.27,a
1590,Luna,,-2,4.38,Black,M,Yes,No,,Tokyo,Mixed,healthy,05/01/2024,66.41,D,42.0,82.02,C,8.0,57.68,b,65.0,74.7,C,11.0,43.87,D,26.0,75.91,Unknown,85.0,105.67,A,,33.53,D,,101.24,D,25.0,63.35,Unknown,4.0,57.27, ,,72.65, 
1591,Loki,Unknown,4,4.42, WHITE,female,,No,,London,dry,Sick,Jan 5 2024,54.76,a,39.0,70.61,a,20.0,53.58,a,48.0,55.3, ,51.0,64.74,D,6.0,33.33,Unknown,3.0,54.3,b,67.0,28.04,C,43.0,36.22,a,30.0,51.79,B,50.0,60.32,A,28.0,20.33, 
1592,Shadow, Persian,11,4.31,White,Unknown,yes,NO,Unknown,Toronto,Mixed,Sick,,70.86, ,91.0,38.77,b,43.0,68.97,D,28.0,-1.79,b,2.0,45.6,C,88.0,37.07,b,24.0,73.75,B,35.0,65.73,b,73.0,19.35,C,77.0,62.29, ,88.0,38.88,C,70.0,52.3,Unknown
1593,Loki,maine coon,4,7.42,White,female,yes,No,No,London,Mixed,SICK,2024/01/05,54.43,C,2.0,54.98,Unknown,27.0,30.01,C,8.0,96.45,C,11.0,46.6,Unknown,60.0,40.61,B,86.0,42.94,Unknown,87.0,53.99,D,54.0,32.55,C,49.0,55.6,Unknown,25.0,33.76,C,60.0,47.88,a
1594,Luna,Scottish Fold ,23,4.34,Gray,Female,yes,No,No,Tokyo,dry,,2024-01-05,46.16, ,79.0,39.17,C,78.0,54.06,Unknown,48.0,46.54,Unknown,44.0,82.4, ,74.0,38.54, ,47.0,, ,59.0,44.77,C,96.0,12.54,b,75.0,24.74,b,2.0,39.48, ,55.0,68.08,D
1595,Oliver,Persian ,13,3.68,Orange,Female,no,YES,No,TOKYO,dry,SICK,05/01/2024,18.27,D,69.0,24.43, ,77.0,34.46, ,,47.46,b,38.0,75.77,D,1.0,unknown,a,60.0,28.14,C,40.0,47.73,B,82.0,32.97, ,85.0,23.18,b,99.0,51.8,D,27.0,unknown,b
1596,Bella,ragdoll,3,6.66,White,Female,no,,Unknown,London,Wet,SICK,Jan 5 2024,11.84,C,30.0,53.21,a,91.0,59.75,C,60.0,N/A,A,,34.4,A,81.0,35.03,C,43.0,46.47, ,,72.25,Unknown,96.0,75.17, ,18.0,43.2,A,65.0,31.32,b,20.0,41.15,b
1597,Oreo, Maine Coon,11,5.73,black ,Unknown,yes,Yes,Yes,Tokyo,wet,,2024/01/05,43.65, ,61.0,41.33,B,43.0,85.93,a,37.0,53.04,a,57.0,52.18,b,1.0,74.56,D,66.0,51.31,Unknown,70.0,44.89,a,93.0,62.42,A,15.0,53.74,a,6.0,48.48,b,90.0,58.37,A
1598,Bella,Unknown,7,5.88,Black,female,yes,No,Yes,TOKYO,Wet,,2024-01-05,41.55,B,,49.69,Unknown,29.0,81.69,Unknown,65.0,42.93,D,72.0,58.98,A,11.0,71.39,B,11.0,68.71,D,28.0,80.78,b,51.0,87.85,a,11.0,47.2,A,21.0,39.9,C,90.0,64.74,C
1599,Oreo,scottish fold,21,3.04,Brown,M,Y,Yes,No,Berlin,Wet,Checkup Needed,,37.74,Unknown,58.0,31.71,a,0.0,25.27,Unknown,51.0,69.29,D,40.0,49.42,Unknown,,10.56,C,40.0,73.17,A,60.0,44.09,D,42.0,60.25,b,69.0,32.63,B,69.0,82.55,Unknown,80.0,28.0,Unknown
1600,Leo,Unknown,17,5.04,Gray,Male,Yes,,Yes,,Wet,Sick,2024-01-05,58.08,A,61.0,40.52, ,96.0,5.5,Unknown,,error,Unknown,33.0,48.74,C,6.0,49.99,b,81.0,60.68,C,13.0,19.13, ,10.0,65.94,B,82.0,25.64,Unknown,31.0,27.56,C,29.0,62.85,A
1601,Luna,Bengal,20,4.93,Brown,Female,yes,,,Tokyo,,,,42.96,D,93.0,52.66,Unknown,63.0,38.57,D,7.0,7.67,A,,67.71,A,49.0,86.35,a,49.0,55.38,A,34.0,41.92,B,81.0,40.94,Unknown,,0.14,A,96.0,68.74,C,66.0,49.13,Unknown
1602,Luna, Ragdoll,22,1.78,Gray,F,No,NO,Yes,Berlin,wet,Healthy,2024/01/05,72.98,B,76.0,75.98,B,8.0,62.5,D,94.0,56.36,B,81.0,55.41,A,60.0,50.58,A,65.0,16.49,a,9.0,43.7,D,,63.93, ,84.0,41.54,D,27.0,25.65,a,47.0,43.04,a
1603,Milo,SPHYNX,11,3.93,Mixed,female,Yes,NO,,TOKYO,Dry,Checkup Needed,Jan 5 2024,44.59,B,3.0,40.25,B,54.0,36.96,Unknown,70.0,60.09,a,91.0,56.8,b,94.0,32.46,Unknown,84.0,34.04,Unknown,25.0,47.09,b,73.0,31.86,A,25.0,16.54,A,15.0,56.88,a,20.0,50.3,a
1604,Shadow,Abyssinian ,19,6.36,Orange,Male,,NO,Unknown, london,dry,healthy,2024/01/05,26.63,a,4.0,62.45,Unknown,,60.14,D,98.0,32.07,A,48.0,74.73,B,24.0,N/A,B,85.0,66.13,D,,89.19,D,97.0,50.19,A,6.0,64.46,D,50.0,37.42,a,17.0,40.84, 
1605,Shadow,sphynx,11,4.6, WHITE,Unknown,N,No,,Paris,dry,Checkup Needed,,22.68,B,75.0,58.13, ,,46.8, ,71.0,57.48,b,84.0,97.78,D,17.0,40.88,D,74.0,57.53,D,2.0,52.89,b,82.0,37.85,b,15.0,50.72,A,61.0,48.23,A,66.0,77.92,B
1606,Oliver,Sphynx ,0,4.77,Orange,Male,,No,Unknown,Toronto,Dry,Healthy,,49.04,B,37.0,47.45,B,51.0,46.28,A,67.0,48.47,A,29.0,55.34,A,88.0,68.69,B,25.0,43.15, ,83.0,47.67,B,60.0,35.43, ,19.0,34.79,B,89.0,42.96,Unknown,18.0,12.0,D
1607,Milo,British Shorthair,22,5.4,Orange,male,No,,Unknown,Berlin,dry,,Jan 5 2024,37.97,a,4.0,45.8,b,27.0,25.45,A,87.0,37.42,b,2.0,75.08, ,18.0,51.81,b,4.0,26.95,B,37.0,70.73,a,95.0,61.65,Unknown,56.0,45.43,A,30.0,39.35,Unknown,81.0,54.04,A
1608,Luna, Maine Coon,7,1.75,Brown,Female,N,YES,Yes,Toronto,Dry,,2024-01-05,19.55,C,60.0,46.38,C,32.0,61.64,Unknown,11.0,37.49,Unknown,,-17.12,B,5.0,error,a,7.0,55.97,a,78.0,90.29,D,66.0,54.3,a,70.0,43.89,a,65.0,28.14,b,55.0,40.21,a
1609,Milo,Siamese ,-1,5.61,Brown,male,N,,No,TOKYO,Mixed,SICK,Jan 5 2024,38.83,Unknown,65.0,53.38,Unknown,70.0,41.73,a,59.0,46.18,b,40.0,74.61,B,79.0,32.18,Unknown,69.0,22.2,D,38.0,24.33,A,42.0,24.05,Unknown,65.0,52.89,B,,53.23,D,28.0,75.05,b
1610,Smokey,Siamese ,24,4.16,Orange,Female,no,NO,Unknown,London,Mixed,Healthy,,43.64,Unknown,,39.86,Unknown,16.0,33.85,A,16.0,47.1,b,4.0,30.2, ,93.0,31.54,D,42.0,60.99,D,,45.81,a,9.0,38.31,D,69.0,39.45,C,13.0,63.16,a,,38.77,D
1611,Kitty,Unknown,11,5.41,black ,,Y,NO,Unknown,Berlin,Mixed,Sick,2024-01-05,48.35,b,3.0,44.0,Unknown,,69.75, ,,62.86,D,31.0,33.77,b,76.0,78.8,B,82.0,67.18, ,41.0,49.73,b,31.0,41.46,a,,46.16,A,86.0,63.93,b,35.0,57.66,A
1612,Smokey,scottish fold,18,3.34,Brown,F,N,Yes,,Berlin,Mixed,SICK,2024/01/05,73.96,D,22.0,49.57,Unknown,71.0,69.97, ,25.0,27.5,D,28.0,57.14, ,47.0,54.1,a,43.0,81.67, ,29.0,70.03,a,0.0,28.47,A,64.0,49.3,B,,62.95, ,41.0,33.05,C
1613,Leo,BRITISH SHORTHAIR,-2,6.36,Mixed,female,yes,NO,Unknown,TOKYO,Wet,healthy,Jan 5 2024,37.93, ,32.0,30.59, ,60.0,61.62,b,3.0,55.59,Unknown,,23.65,A,,34.35,Unknown,29.0,38.12,Unknown,78.0,89.21, ,,35.47,Unknown,5.0,50.99,B,0.0,63.81,b,,73.61,B
1614,Loki,abyssinian,23,4.85,Orange,male,N,YES,,Toronto,Wet,SICK,Jan 5 2024,39.66,A,73.0,24.11,Unknown,96.0,46.85, ,29.0,59.06,D,59.0,38.82, ,,73.67,B,83.0,32.69,Unknown,68.0,61.29,B,36.0,68.86,B,18.0,30.75,a,83.0,48.19,a,10.0,19.98, 
1615,Leo,Unknown,12,5.08,Orange,M,no,Yes,No,Sydney,Mixed,Sick,,130.93, ,63.0,67.69,a,71.0,40.54,b,20.0,61.07,A,,75.74,A,,32.27,D,13.0,78.88,b,90.0,56.4,C,,9.3,A,14.0,75.86,C,70.0,63.81,b,25.0,67.92,C
1616,Kitty,SIAMESE,2,3.0, WHITE,Female,,Yes,No,Paris,Wet,Sick,,45.52,D,44.0,50.09,B,8.0,36.56,b,92.0,81.68,Unknown,52.0,61.86, ,15.0,81.17,Unknown,10.0,71.0,C,66.0,57.57,Unknown,,81.78, ,47.0,46.46,C,65.0,error,C,,39.54,A
1617,Loki,SCOTTISH FOLD,5,2.47,Black,Unknown,Yes,YES,No,New York,Wet,Sick,05/01/2024,45.27,D,41.0,54.54,A,21.0,66.57,b,95.0,9.45, ,44.0,47.83,b,45.0,9.45,D,51.0,N/A,Unknown,16.0,55.01,D,97.0,73.44,b,,67.73,Unknown,8.0,56.14,b,92.0,54.29,A
1618,Oreo,British Shorthair ,14,2.02,Orange,F,no,YES,,London,Dry,healthy,Jan 5 2024,32.84,B,71.0,94.97, ,72.0,14.28,Unknown,0.0,64.76,A,6.0,30.13,B,66.0,60.96,b,68.0,41.81, ,86.0,25.56,a,97.0,35.53,Unknown,6.0,67.93, ,45.0,54.04,D,11.0,34.21,C
1619,Oliver,PERSIAN,7,1.69,White,M,Y,YES,, london,,Sick,,97.38,b,,48.24,Unknown,7.0,33.28, ,87.0,91.02, ,41.0,77.12,C,34.0,10.52,a,25.0,53.0,Unknown,24.0,36.38,C,43.0,37.42,b,79.0,64.78,A,,75.57,C,98.0,50.43,a
1620,Leo,Unknown,10,5.78,Gray,F,No,No,Yes,Toronto,Dry,healthy,2024-01-05,22.94,Unknown,22.0,41.87,a,49.0,37.7,B,17.0,52.7,A,68.0,53.25,D,18.0,34.32,C,80.0,36.2,D,17.0,63.08,a,10.0,90.68,C,43.0,19.86,b,4.0,52.45,C,,29.35,C
1621,Kitty,British Shorthair ,15,3.05,Brown,Female,no,YES,Unknown,Sydney,wet,Sick,2024/01/05,62.77,D,26.0,26.65,b,1.0,73.15,b,99.0,19.46,C,72.0,51.39,A,54.0,90.92,A,88.0,76.56,B,89.0,30.64,a,97.0,55.6,D,53.0,65.96, ,85.0,75.77,C,65.0,36.24,Unknown
1622,Smokey,,2,3.52,Black,female,,YES,, london,,healthy,2024-01-05,51.32,D,93.0,14.15,Unknown,88.0,36.26,C,32.0,55.01,B,42.0,49.96, ,69.0,52.91,D,33.0,72.08,a,76.0,29.13, ,31.0,51.24,B,45.0,34.15,B,17.0,64.81,a,17.0,51.59, 
1623,Leo,Abyssinian ,14,5.91,Gray,female,,,No, london,Dry,Sick,,42.12,a,47.0,48.37,a,90.0,78.69,Unknown,6.0,57.32,C,99.0,64.76,C,83.0,11.59,b,91.0,55.03, ,37.0,62.49, ,24.0,28.7,A,34.0,55.84,Unknown,87.0,63.14,a,33.0,12.0,D
1624,Oreo,Unknown,14,5.65,black ,Unknown,Yes,Yes,,Paris,dry,SICK,,22.72, ,,79.17,B,2.0,39.49,a,,18.94,a,41.0,86.74,D,26.0,41.89,a,73.0,41.32,Unknown,4.0,61.77,a,30.0,47.46,C,48.0,unknown, ,77.0,30.61,A,80.0,54.17,b
1625,Tiger,PERSIAN,23,2.42,Brown,Unknown,,YES,No,TOKYO,Wet,SICK,2024-01-05,35.9,b,27.0,74.96,D,23.0,72.18,C,47.0,73.43,b,26.0,unknown,C,59.0,66.98,Unknown,31.0,114.29,A,61.0,46.87, ,85.0,50.79,C,34.0,75.2,C,,60.95,Unknown,97.0,49.58,a
1626,Leo,Scottish Fold ,14,5.35,Black,male,Yes,No,Unknown,London,,SICK,,39.6,B,63.0,37.11,B,28.0,49.98,b,77.0,27.27,a,54.0,7.99,a,34.0,68.64,A,43.0,63.12,B,77.0,85.18,D,19.0,44.58,D,74.0,79.54,Unknown,80.0,28.46,b,26.0,52.37,B
1627,Smokey,british shorthair,1,3.23,Black,Female,yes,,Yes,New York,Mixed,Checkup Needed,05/01/2024,74.02, ,14.0,11.01,a,29.0,12.9,b,,70.91,C,25.0,52.13, ,86.0,65.21,Unknown,10.0,56.49,D,36.0,15.21,C,42.0,72.99,B,81.0,38.75,C,62.0,36.03,Unknown,92.0,N/A,D
1628,Nala,scottish fold,6,5.23,Gray,female,no,YES,No,Sydney,dry,,2024-01-05,57.02,D,88.0,-5.65,A,29.0,23.45,D,94.0,21.04, ,43.0,68.16,C,68.0,74.16,C,99.0,66.4,Unknown,97.0,85.11,D,27.0,64.63,Unknown,80.0,70.64,Unknown,21.0,error, ,21.0,67.54,Unknown
1629,Milo,British Shorthair,20,4.28,Mixed,female,Yes,,, london,,Sick,,72.61,D,78.0,78.52,D,65.0,7.07,B,59.0,51.46,a,13.0,49.55,b,76.0,47.38,Unknown,68.0,17.6,D,52.0,58.11,C,86.0,79.08, ,20.0,55.93,a,42.0,39.73,C,,39.66,D
1630,Leo,Siamese ,0,6.04,Brown,M,Yes,Yes,,,Wet,SICK,,23.23, ,69.0,33.18,C,89.0,44.55,Unknown,15.0,44.36,D,89.0,42.11,b,,80.35,b,30.0,42.74, ,,-2.77, ,62.0,58.63, ,39.0,48.59,A,66.0,16.03,A,87.0,21.15,D
1631,Tiger,British Shorthair,-2,2.34,black ,Unknown,Y,YES,Unknown,,Dry,SICK,,48.93,C,82.0,46.41,B,84.0,70.54,a,34.0,39.3,b,48.0,78.69,D,16.0,46.07,C,61.0,65.39, ,91.0,63.22,a,,53.11,B,50.0,83.38,a,,N/A,b,66.0,35.73, 
1632,Lucy,Unknown,23,4.32,White,M,Y,NO,,Sydney,Wet,Healthy,05/01/2024,55.52, ,64.0,53.26,Unknown,,102.14,C,,43.57,C,89.0,38.89,B,76.0,57.35,B,30.0,57.43,C,78.0,83.03, ,66.0,36.64,C,21.0,89.3, ,98.0,77.26,D,24.0,47.59,b
1633,Leo,Unknown,4,4.65,Gray,Unknown,No,Yes,Yes,,Dry,healthy,05/01/2024,31.26,B,,39.49,a,42.0,82.72,Unknown,53.0,34.82,A,8.0,85.66,B,88.0,82.33,D,37.0,66.8,a,24.0,29.16,b,67.0,37.63, ,6.0,36.6,Unknown,86.0,27.37,C,74.0,54.03,D
1634,Milo,Maine Coon,19,4.54,,Male,,NO,Yes,Toronto,Wet,SICK,,42.12,b,78.0,49.09,a,19.0,65.08,b,60.0,97.12,A,,50.71,b,,71.08,a,84.0,70.5,C,1.0,19.41,C,87.0,40.85, ,35.0,34.64,D,61.0,32.11,a,63.0,41.1,B
1635,Bella,bengal,20,7.14,Brown,Male,Yes,NO,,Berlin,,Sick,05/01/2024,73.54,B,78.0,,A,4.0,58.98,b,72.0,39.64,A,82.0,45.31,B,4.0,45.64,D,84.0,36.68,A,52.0,34.86, ,10.0,67.24,b,69.0,57.88,D,89.0,60.15,b,34.0,52.87,D
1636,Leo,Bengal,23,6.05,White,Unknown,N,Yes,No,New York,Dry,Checkup Needed,,45.18,a,52.0,37.73,D,24.0,39.7,C,85.0,56.86,B,23.0,78.74,a,58.0,42.73,b,10.0,76.17,C,43.0,59.65,C,55.0,43.2,b,94.0,71.16,b,20.0,55.93,C,48.0,58.64,D
1637,Kitty, British Shorthair,15,3.02,,Unknown,yes,No,No,Paris,dry,SICK,2024/01/05,35.19,A,84.0,83.73,B,25.0,5.46,B,61.0,66.02,b,76.0,67.86,Unknown,24.0,34.63,B,10.0,77.26,B,15.0,36.32,D,88.0,49.67,B,2.0,45.37,Unknown,5.0,80.53, ,81.0,unknown, 
1638,Lucy,,2,2.7,Orange,M,,No,,Toronto,dry,,Jan 5 2024,21.47,Unknown,32.0,64.68,A,61.0,53.69,D,,38.83,A,50.0,59.2,C,60.0,64.19,D,62.0,24.29,Unknown,11.0,49.41,A,45.0,31.53, ,41.0,51.52,A,68.0,40.48,A,1.0,35.47,Unknown
1639,Loki,abyssinian,2,4.6,Gray,Male,Yes,NO,No,TOKYO,Wet,,Jan 5 2024,35.76,A,46.0,41.97,b,82.0,49.9,D,83.0,60.82,C,80.0,11.22,A,48.0,68.41,B,96.0,57.42,C,,49.48,C,15.0,72.85,b,80.0,45.28,b,8.0,23.37,D,,50.83,b
1640,Nala,abyssinian,0,2.39,White,Unknown,No,,No,Paris,dry,Healthy,,71.86,B,44.0,81.77,b,79.0,32.98,B,83.0,24.54,a,,41.89,A,,,B,30.0,77.69,D,65.0,47.98,A,68.0,40.68,b,,35.61,D,25.0,54.16,D,80.0,45.8,b
1641,Bella, Bengal,23,5.02,Gray,Female,no,,Yes,Paris,,Sick,2024-01-05,41.61,C,58.0,50.21,Unknown,6.0,60.95,B,58.0,103.79,C,84.0,27.49, ,48.0,75.59,Unknown,21.0,78.52,B,92.0,54.85,a,47.0,59.52,D,83.0,75.42,B,52.0,35.66, ,83.0,79.21,a
1642,Simba,siamese,9,2.95,Gray,Male,yes,YES,Unknown,Tokyo,wet,Healthy,2024/01/05,16.97,C,0.0,36.85,C,15.0,45.2,C,46.0,26.78,Unknown,51.0,44.38,D,38.0,30.37,C,60.0,83.11,Unknown,66.0,21.49,A,,52.44,b,,60.32,A,55.0,47.81,C,81.0,30.66,D
1643,Chloe,Siamese ,8,7.86, WHITE,Female,,No,,Paris,,SICK,2024-01-05,32.0,D,14.0,57.67,C,48.0,55.04,A,6.0,39.12,D,31.0,39.52,D,68.0,34.3,Unknown,59.0,35.6,a,15.0,,D,71.0,49.1,C,33.0,76.01,b,,80.76,D,58.0,69.64,B
1644,Chloe,Maine Coon ,0,3.56,Gray,Male,yes,Yes,Yes,TOKYO,dry,Healthy,05/01/2024,83.34,b,93.0,32.21,a,23.0,86.11,A,,64.14,C,,29.37,Unknown,97.0,83.72,C,,46.22,B,94.0,27.96,A,11.0,35.3,a,67.0,39.52, ,23.0,46.13,b,34.0,30.59,Unknown
1645,Tiger,Bengal ,9,2.63,Black,M,Yes,,,London,Mixed,Sick,2024/01/05,30.71,B,62.0,83.35,A,34.0,46.67,Unknown,12.0,47.86,C,38.0,52.84,Unknown,22.0,51.01,Unknown,54.0,54.49,A,25.0,91.47, ,89.0,58.2, ,79.0,21.68, ,31.0,66.37,D,43.0,35.17,Unknown
1646,Milo,Unknown,10,3.73,Mixed,Male,Y,YES,Yes,New York,,Checkup Needed,2024/01/05,64.15,A,2.0,40.29,C,9.0,80.49,a,16.0,51.89,A,79.0,56.12,A,41.0,68.5, ,30.0,100.6,D,59.0,64.56,a,12.0,40.31,Unknown,61.0,52.41, ,0.0,45.02,a,21.0,62.44,a
1647,Tiger,British Shorthair ,18,5.67,black ,Male,no,Yes,Unknown,TOKYO,Wet,Healthy,2024-01-05,71.44,A,93.0,80.91,B,44.0,68.85,Unknown,,68.31,Unknown,84.0,51.7,A,15.0,76.58,A,41.0,56.12,Unknown,38.0,49.58,B,76.0,67.31,A,96.0,52.06, ,7.0,41.59,Unknown,35.0,31.01,b
1648,Tiger,,7,4.5,Brown,Unknown,N,NO,No,TOKYO,,,2024-01-05,60.87,Unknown,3.0,25.32,D,79.0,76.64,Unknown,49.0,35.91,Unknown,12.0,50.96,D,80.0,75.42,a,49.0,14.99,D,78.0,34.79,b,31.0,49.01,D,96.0,48.3,A,37.0,59.93,C,46.0,91.72,b
1649,Chloe,Unknown,24,2.92,Orange,male,Y,NO,,Sydney,Mixed,,05/01/2024,38.7,b,95.0,55.11,a,10.0,34.65,A,23.0,25.52,D,14.0,24.04,B,48.0,47.93,a,72.0,12.0,D,61.0,31.07,C,96.0,17.86, ,70.0,36.19,A,47.0,40.57, ,45.0,28.62,a
1650,Nala,Unknown,1,6.42,black ,,no,No,No,TOKYO,,healthy,,34.11,D,80.0,45.92,B,,58.86,Unknown,,43.51,C,41.0,70.26,B,,31.98,b,48.0,67.27,a,42.0,46.71,D,3.0,62.2,Unknown,9.0,25.81,D,,36.08,b,14.0,75.5,B
1651,Oliver,PERSIAN,17,6.07,Mixed,Female,Yes,Yes,Yes,,Dry,Healthy,Jan 5 2024,29.37,A,64.0,35.45,a,77.0,36.36,Unknown,36.0,46.54,a,14.0,77.83,a,83.0,85.15,C,,16.71,a,73.0,56.81,b,40.0,57.92, ,75.0,75.85,b,,37.68,B,6.0,47.93,Unknown
1652,Luna,,4,2.59,White,Female,No,YES,,Paris,dry,,,48.42,D,3.0,16.23,B,22.0,65.06,D,19.0,38.39,a,55.0,13.72, ,55.0,91.17,D,15.0,38.89,Unknown,40.0,35.7,B,20.0,39.33,B,,error,Unknown,72.0,33.78,C,66.0,60.85,b
1653,Luna,Unknown,8,4.15,black ,Male,No,Yes,Unknown,London,,Sick,2024/01/05,33.28,C,23.0,66.48,b,67.0,89.21,B,10.0,79.18,Unknown,86.0,24.35,D,,44.19,b,70.0,96.91, ,27.0,60.57,D,,25.29,B,,38.07,a,74.0,12.83, ,54.0,31.76,b
1654,Loki,persian,14,3.42, WHITE,Unknown,,YES,Yes,New York,,Healthy,Jan 5 2024,34.3,C,87.0,58.54,b,70.0,51.07,a,51.0,54.1,b,96.0,46.17, ,4.0,19.51,A,78.0,53.18,A,83.0,20.22,D,18.0,6.94,b,30.0,56.93,b,84.0,62.56,D,,67.59,Unknown
1655,Oliver,scottish fold,6,6.91,,female,yes,Yes,,Berlin,Dry,Checkup Needed,05/01/2024,26.64,B,62.0,66.73,b,,59.12,D,28.0,66.89,A,32.0,43.09,D,92.0,46.94,Unknown,39.0,57.53,b,3.0,44.0,A,83.0,, ,90.0,47.45,A,75.0,35.91,B,63.0,1.95,C
1656,Lucy,Unknown,23,4.3,,female,N,NO,,London,Dry,,,41.1, ,17.0,44.82,a,46.0,21.21,C,42.0,37.21, ,64.0,24.23,C,,35.28,C,43.0,26.92,D,86.0,43.8,D,87.0,34.62,b,50.0,58.56,Unknown,51.0,30.99,B,3.0,63.08,B
1657,Tiger,,3,6.1,Black,female,No,,,Toronto,Wet,SICK,,71.6,D,1.0,23.91, ,83.0,30.45,B,80.0,55.49,C,3.0,32.83,B,19.0,4.85,D,81.0,57.65,a,78.0,55.87,Unknown,58.0,71.84,A,84.0,45.38,B,54.0,69.89,D,67.0,13.24,D
1658,Milo,persian,13,3.55,Orange,Male,yes,YES,,,Dry,Healthy,2024-01-05,58.37,B,49.0,-8.49,b,29.0,47.84,D,59.0,66.67, ,72.0,37.27, ,99.0,51.36,A,29.0,64.47,Unknown,66.0,65.26,Unknown,25.0,49.11,B,80.0,61.92, ,47.0,56.73,Unknown,8.0,41.53,C
1659,Lucy, Bengal,24,5.31,Black,Female,Yes,YES,Unknown,Paris,,SICK,Jan 5 2024,53.14,D,84.0,25.5,B,92.0,76.59,b,17.0,34.66,b,63.0,21.85,A,52.0,46.75,B,79.0,69.59,B,33.0,36.09,D,,69.75,D,15.0,54.1,b,33.0,42.19,b,34.0,44.79,C
1660,Oliver,Scottish Fold,3,2.87,Mixed,Female,,,Unknown,Toronto,,SICK,Jan 5 2024,89.0,B,16.0,45.92, ,16.0,43.45,A,98.0,67.51,Unknown,40.0,31.33,B,91.0,40.48,a,,39.9,a,8.0,71.02,a,68.0,52.41,b,21.0,76.51,Unknown,,55.3,D,76.0,88.02,b
1661,Oliver,,16,3.78,,female,Y,NO,Unknown,,dry,SICK,Jan 5 2024,13.13,D,94.0,53.52,a,12.0,45.07,a,,70.78,b,18.0,53.53,a,44.0,50.29,Unknown,,71.71,B,,78.38, ,41.0,48.2,A,83.0,56.37,a,63.0,50.01,a,41.0,66.21,A
1662,Leo, Sphynx,-2,4.49,,female,Y,NO,Yes,New York,dry,healthy,05/01/2024,85.69,D,66.0,49.16,B,77.0,36.61,B,58.0,44.8,B,,22.7,b,97.0,57.03,C,92.0,66.67,a,98.0,61.65,A,53.0,54.97,C,20.0,55.39,Unknown,,73.34,C,62.0,9.41,b
1663,Loki,Unknown,2,6.48,Mixed,,yes,NO,No,Tokyo,,Sick,Jan 5 2024,58.8,Unknown,85.0,64.44,Unknown,39.0,22.28,Unknown,42.0,89.51, ,85.0,75.99,A,39.0,51.29,A,,62.91,Unknown,99.0,29.88, ,42.0,49.53,a,93.0,57.08,Unknown,70.0,34.31,a,6.0,49.05,Unknown
1664,Chloe,Unknown,-2,2.29,Orange,F,yes,YES,Yes,New York,wet,Checkup Needed,05/01/2024,44.69,B,59.0,7.8, ,45.0,44.84,a,14.0,30.16,B,4.0,27.99,b,74.0,70.12,C,71.0,73.32,b,9.0,62.0,A,,31.37,A,36.0,45.32,A,44.0,27.07,Unknown,59.0,48.34,a
1665,Smokey,Siamese ,3,3.91,Gray,F,Y,Yes,Yes, london,,Healthy,,22.32,b,38.0,41.71,B,27.0,63.19,D,,43.71, ,23.0,58.07,a,95.0,49.89, ,38.0,61.49,C,11.0,47.58,b,91.0,41.32, ,53.0,46.84,A,22.0,41.74,C,80.0,55.18,A
1666,Oreo,,16,2.99,,F,N,YES,Unknown,Berlin,dry,Sick,,74.34,C,18.0,32.75,A,89.0,69.93,B,69.0,30.6,C,92.0,43.83,b,89.0,60.03,a,59.0,59.21, ,23.0,48.19,B,,34.85,b,86.0,54.75, ,60.0,53.97,B,55.0,,Unknown
1667,Simba,SCOTTISH FOLD,11,7.46,Gray,Male,,YES,Unknown,Tokyo,Wet,Checkup Needed,,52.3,A,36.0,40.26,a,38.0,125.75,C,,33.03, ,2.0,51.08,a,32.0,44.57,B,52.0,11.99,Unknown,95.0,40.43,C,,20.48,B,56.0,22.4,C,73.0,42.26,A,68.0,56.04,B
1668,Bella,siamese,17,5.42, WHITE,Unknown,no,YES,Yes,,Mixed,Sick,Jan 5 2024,32.99,Unknown,5.0,72.96, ,23.0,64.82,b,16.0,47.75,B,5.0,77.55,D,6.0,40.69,A,91.0,76.69,Unknown,31.0,71.04,A,41.0,58.38,b,90.0,77.89, ,22.0,52.64,Unknown,,32.18,C
1669,Tiger, Maine Coon,0,2.62,Gray,Unknown,yes,YES,Yes, london,dry,,,58.99,A,74.0,57.56,C,,21.15,A,4.0,56.0,b,,49.96,B,86.0,68.94,Unknown,10.0,47.15,C,76.0,37.28,D,46.0,71.99,A,73.0,41.26,D,9.0,46.2,A,5.0,78.24,D
1670,Milo,,13,3.54,Black,Unknown,Yes,No,Yes,New York,dry,Sick,,25.84,D,49.0,70.91, ,82.0,40.28,b,24.0,71.11, ,42.0,45.63,B,2.0,N/A,b,71.0,81.03,A,63.0,48.16,a,36.0,39.55,Unknown,41.0,22.65,Unknown,50.0,58.57,b,78.0,54.44,B
1671,Chloe, Persian,23,4.14,Orange,,Y,YES,Yes,Sydney,Mixed,Sick,,70.87,a,72.0,63.83,A,30.0,74.74,D,45.0,62.33,B,99.0,54.82,B,87.0,43.45,C,25.0,39.59,a,,39.52, ,87.0,43.93,A,64.0,68.22, ,50.0,48.88,B,54.0,33.2,b
1672,Leo,sphynx,6,3.94,black ,Unknown,yes,NO,Unknown,New York,,SICK,05/01/2024,55.68,D,17.0,21.0,D,37.0,83.66,C,24.0,73.92,Unknown,18.0,error,D,38.0,40.05,B,43.0,41.73,C,33.0,32.34, ,30.0,79.37,B,94.0,47.48, ,5.0,53.9,b,1.0,48.99,b
1673,Smokey,,7,3.67,White,F,yes,Yes,,TOKYO,,healthy,05/01/2024,35.26,Unknown,77.0,73.05,B,32.0,51.31,b,,46.35,b,79.0,44.72,b,7.0,54.48,Unknown,28.0,25.08,a,80.0,37.61, ,56.0,55.39,a,36.0,56.66,A,48.0,error,D,87.0,30.6,A
1674,Milo,Unknown,-2,4.15,Mixed,male,,No,Yes,Berlin,Dry,Healthy,,54.55,D,31.0,53.26, ,58.0,20.14,D,7.0,57.12,B,53.0,55.95,D,10.0,46.96,C,,34.85,a,16.0,43.75,B,16.0,38.9,B,95.0,51.8,b,88.0,37.88, ,35.0,58.02,A
1675,Luna,Maine Coon,4,2.74,Mixed,Male,Y,NO,,Tokyo,wet,SICK,2024/01/05,40.59,Unknown,59.0,59.36,D,21.0,34.76,a,18.0,80.95,D,32.0,46.7,D,32.0,83.76,C,10.0,61.09,b,,66.99,b,97.0,48.51,D,10.0,50.7,b,63.0,37.45,D,83.0,58.86,C
1676,Milo,ABYSSINIAN,-2,4.0,Black,female,Yes,No,No,London,wet,Checkup Needed,2024-01-05,88.37,b,94.0,43.07,b,0.0,71.61,C,39.0,41.63,A,19.0,83.2,D,67.0,59.1,D,32.0,25.0,Unknown,57.0,62.84,a,13.0,31.96,A,61.0,32.15,Unknown,78.0,70.01,C,19.0,55.13,a
1677,Loki,Unknown,7,1.74,,female,no,NO,Unknown,New York,Dry,Sick,2024/01/05,80.38,B,12.0,42.53,C,33.0,59.27,a,37.0,47.09, ,47.0,38.32,Unknown,45.0,35.65,B,,64.46, ,43.0,66.35,D,22.0,41.39,b,39.0,60.89,C,21.0,2.13,A,79.0,49.3,D
1678,Chloe,SIAMESE,15,6.34, WHITE,Unknown,,NO,Yes,Berlin,,,05/01/2024,49.12,C,87.0,59.09,A,38.0,46.72,a,68.0,23.05,C,41.0,54.04,a,96.0,86.53, ,41.0,79.77,b,91.0,38.54,a,2.0,40.78,Unknown,76.0,17.56,B,56.0,64.17,C,45.0,45.3,C
1679,Chloe,bengal,1,6.35, WHITE,Unknown,Y,YES,Unknown,Toronto,Wet,SICK,,16.21,B,81.0,51.24, ,20.0,87.44,D,0.0,14.93, ,25.0,error,B,80.0,19.68,Unknown,91.0,-1.34,B,68.0,27.27,A,,32.71,A,94.0,63.27,b,24.0,23.45,D,64.0,48.72,B
1680,Luna,Sphynx ,3,5.44,Black,male,Yes,NO,No,Toronto,Mixed,healthy,Jan 5 2024,43.3,D,89.0,53.14,A,79.0,46.68,Unknown,,54.68,D,,29.96,B,61.0,51.14,A,56.0,55.75,B,26.0,72.11,D,14.0,31.44,A,39.0,46.56,a,62.0,59.84,B,17.0,68.35,a
1681,Oreo,Unknown,15,4.19,Mixed,,no,,,TOKYO,Mixed,Healthy,2024/01/05,51.16,A,72.0,65.79,a,27.0,30.39,B,42.0,37.83, ,85.0,41.41,a,64.0,37.13,b,56.0,56.36, ,20.0,46.08,b,87.0,45.63, ,79.0,38.38,b,63.0,60.86,A,,11.47,D
1682,Smokey, British Shorthair,16,3.39,Black,M,,No,No,Sydney,Wet,Checkup Needed,2024-01-05,71.56,Unknown,37.0,56.01,B,62.0,53.58,b,98.0,77.76,b,61.0,78.03,Unknown,,35.01, ,62.0,44.32,a,99.0,53.78,C,82.0,35.55, ,53.0,26.26, ,6.0,37.39,C,46.0,38.81,D
1683,Chloe,persian,11,1.77,Mixed,Male,Y,YES,Unknown,New York,,Checkup Needed,,33.6, ,,47.58, ,12.0,7.85,b,78.0,80.53,C,70.0,52.54,a,31.0,48.62,C,,17.13,D,27.0,55.03,D,43.0,38.01,b,19.0,51.32,Unknown,1.0,51.96,Unknown,,37.91,C
1684,Oliver,Scottish Fold,9,0.89,Gray,Unknown,Y,Yes,No, london,Wet,Healthy,,29.83,Unknown,52.0,19.39,D,87.0,50.92,D,68.0,23.46,b,40.0,69.44,Unknown,10.0,41.3,a,72.0,47.22,C,,44.86,C,38.0,35.75,C,63.0,48.22,D,41.0,81.08,D,29.0,54.29,a
1685,Smokey,Unknown,-2,3.67,Orange,F,yes,NO,No,TOKYO,dry,SICK,,22.69,D,52.0,59.92,Unknown,8.0,48.18, ,26.0,52.17,C,,53.84,A,67.0,42.71,a,14.0,68.86,B,3.0,64.82, ,55.0,68.29,D,57.0,53.75,C,70.0,76.86,a,38.0,24.12,a
1686,Milo,Maine Coon ,19,5.78,Black,female,No,NO,Unknown,Toronto,,,2024/01/05,72.48,a,34.0,55.28,b,92.0,56.17, ,38.0,69.56,C,89.0,72.68,Unknown,26.0,43.99,C,66.0,50.32,D,74.0,36.24,Unknown,82.0,46.56,b,50.0,18.25,a,62.0,58.94,C,66.0,84.19,A
1687,Tiger,,4,1.48,White,Male,Y,YES,,Sydney,Dry,Checkup Needed,2024-01-05,21.68,a,,4.1,A,79.0,51.21,D,0.0,79.99,A,84.0,32.78,a,61.0,55.57,A,26.0,27.48,D,56.0,55.33,B,73.0,34.86,b,58.0,29.0,D,86.0,40.28,Unknown,92.0,58.69, 
1688,Leo,SCOTTISH FOLD,10,4.35,black ,Unknown,yes,,Unknown,New York,wet,healthy,05/01/2024,14.75,D,81.0,51.09,C,76.0,84.27,B,89.0,33.66,B,5.0,37.99,a,28.0,45.71,A,6.0,54.48,b,83.0,51.33,A,59.0,32.2,Unknown,1.0,66.21,A,91.0,63.28,D,39.0,39.57,C
1689,Milo,Maine Coon ,7,3.9,Gray,F,N,No,,Sydney,wet,,,24.93, ,79.0,48.04,C,12.0,63.93,D,36.0,8.82,Unknown,38.0,22.15,B,38.0,80.62,C,43.0,42.49,B,27.0,54.46,D,,45.84,D,64.0,58.7,C,36.0,33.83, ,,45.92,Unknown
1690,Loki,Maine Coon ,15,6.39,,male,,NO,Yes,Sydney,,SICK,2024/01/05,41.57,C,54.0,74.3,Unknown,49.0,52.4,A,25.0,71.63,b,77.0,42.59,B,46.0,38.05,b,78.0,39.03,a,67.0,76.33, ,82.0,57.36,a,12.0,94.08,C,14.0,25.58,A,54.0,69.6,a
1691,Simba,BRITISH SHORTHAIR,10,4.78,black ,Female,no,,,London,dry,Checkup Needed,2024-01-05,71.51,D,69.0,40.21,D,22.0,64.31,B,70.0,44.08, ,24.0,27.2,a,,34.65,B,1.0,47.25,B,2.0,113.7,b,18.0,37.25,D,73.0,40.34,B,26.0,37.12, ,8.0,46.92,D
1692,Bella,Bengal,16,3.93,Mixed,female,Y,Yes,Unknown,London,Wet,SICK,2024-01-05,71.69,C,65.0,53.37,C,71.0,29.43, ,,28.95,a,79.0,47.6,C,,82.68,A,81.0,21.46,A,82.0,44.07,b,72.0,63.61,C,12.0,12.56,C,53.0,57.78,C,92.0,15.9, 
1693,Kitty,maine coon,4,7.06,,F,Y,YES,Unknown,Paris,wet,Checkup Needed,05/01/2024,30.15,C,99.0,51.23,B,37.0,94.92, ,70.0,18.79,C,76.0,56.05,B,52.0,74.15, ,74.0,61.62,b,,62.66,A,93.0,53.06,C,,26.52, ,22.0,62.29,a,,63.63,a
1694,Shadow,,13,4.48,,Unknown,,Yes,Unknown, london,,healthy,,33.73,C,81.0,42.59,C,54.0,37.71, ,9.0,82.65, ,98.0,42.28,a,97.0,31.02,C,49.0,57.19,Unknown,92.0,54.1,C,78.0,82.47, ,54.0,31.03,D,16.0,65.2,A,23.0,60.77,a
1695,Oliver, Abyssinian,20,3.51,Orange,F,no,,No,Sydney,Mixed,Sick,2024/01/05,42.11,C,52.0,62.54,Unknown,22.0,57.74,a,98.0,39.87,B,41.0,54.42,C,18.0,57.81, ,37.0,49.91,B,35.0,63.45,b,12.0,35.97,C,97.0,,Unknown,82.0,57.59,a,49.0,56.81,A
1696,Tiger,,5,4.03,Black,F,no,NO,Unknown,Toronto,,Sick,Jan 5 2024,73.93,B,2.0,106.66,Unknown,73.0,23.28, ,60.0,57.18,b,95.0,50.71,B,3.0,67.04,Unknown,83.0,10.49,D,12.0,44.06,B,72.0,34.8,A,53.0,68.09,D,65.0,42.94,a,60.0,42.33,b
1697,Bella,PERSIAN,-2,5.06, WHITE,male,yes,Yes,No,Berlin,dry,healthy,05/01/2024,55.07,A,20.0,55.77,B,19.0,70.68,a,58.0,45.5,D,73.0,44.9,C,,39.88,D,48.0,21.55,C,45.0,52.44,D,,98.25,a,63.0,53.58,b,31.0,12.21,C,9.0,,a
1698,Smokey,Scottish Fold ,3,3.83,White,female,Yes,NO,Yes,Tokyo,wet,healthy,,16.07,B,10.0,,b,21.0,26.69,b,26.0,41.27,B,19.0,55.97,B,3.0,62.07, ,18.0,51.04,b,96.0,54.79,C,37.0,48.77,A,13.0,58.83, ,17.0,26.37,Unknown,,67.73,A
1699,Chloe,Unknown,2,3.82,Mixed,female,yes,Yes,,TOKYO,Wet,healthy,Jan 5 2024,27.87,b,31.0,22.75,D,47.0,42.19, ,76.0,66.25,C,26.0,58.72,Unknown,47.0,56.53,B,49.0,57.15,B,58.0,33.27, ,64.0,61.23,A,74.0,42.28, ,77.0,22.73,C,65.0,6.31,Unknown
1700,Oliver,Unknown,5,5.14,White,Unknown,N,NO,Yes,TOKYO,Dry,healthy,,7.64,A,76.0,49.76,C,37.0,51.73,b,20.0,58.7,a,89.0,29.17,D,9.0,32.76,b,77.0,50.04, ,83.0,38.23,D,93.0,41.48,b,2.0,23.07,b,40.0,73.4,B,90.0,38.95,b
1701,Oliver,Siamese,11,4.77,Orange,Female,,Yes,,London,Wet,Sick,,unknown, ,68.0,-19.16,B,39.0,64.34,D,66.0,78.14,b,18.0,56.59,a,87.0,26.03,A,20.0,41.28,b,32.0,73.18,Unknown,55.0,77.53, ,95.0,38.75,a,57.0,89.15,D,37.0,40.62,C
1702,Tiger,scottish fold,9,3.06,Black,Unknown,yes,NO,, london,,,,91.98,Unknown,65.0,30.57, ,56.0,50.26,B,23.0,69.25,C,45.0,79.11,b,49.0,59.17,C,3.0,64.7,Unknown,57.0,48.94,b,19.0,47.93,a,4.0,37.74,b,4.0,20.22,Unknown,38.0,48.23,B
1703,Milo,Abyssinian,2,5.3,,female,No,YES,Yes,New York,,Sick,,,a,86.0,72.58,a,5.0,60.37,D,85.0,51.57, ,15.0,81.72,C,30.0,59.59,D,80.0,62.6,B,72.0,39.58,D,31.0,18.35,b,21.0,46.49,a,31.0,48.21,a,81.0,47.82,B
1704,Leo,,4,7.19,Brown,M,no,NO,Yes,New York,dry,healthy,2024/01/05,23.02,Unknown,94.0,16.4,B,5.0,46.25,B,30.0,87.49,B,2.0,49.54,A,19.0,60.55,B,,46.26,Unknown,53.0,58.83,a,1.0,55.45,b,6.0,54.95,A,67.0,77.48, ,89.0,63.88,C
1705,Nala, Siamese,4,6.0,Brown,Male,No,Yes,Yes,,dry,SICK,,22.85,D,22.0,33.62,A,43.0,88.25,A,33.0,69.18,a,52.0,28.37,B,70.0,41.48,C,39.0,40.51,b,41.0,,C,74.0,41.21,Unknown,40.0,57.87,Unknown,72.0,48.05,b,82.0,57.01,b
1706,Leo,Unknown,6,5.98,Brown,male,N,,Yes,London,,Healthy,,23.11,A,76.0,66.09,B,77.0,34.0,b,64.0,38.07,a,89.0,1.45,a,31.0,60.71,C,98.0,71.35,b,,66.82,a,19.0,51.71,Unknown,1.0,47.48,Unknown,73.0,30.95,A,,39.7, 
1707,Luna,Unknown,4,4.49, WHITE,M,,No,Unknown,Toronto,Dry,,05/01/2024,43.17,a,58.0,69.76, ,94.0,49.65,a,,33.36,D,75.0,75.02,b,30.0,60.66,a,7.0,23.94,A,,21.52,Unknown,57.0,61.85,C,61.0,40.43,C,13.0,35.92,a,49.0,57.57,A
1708,Simba,,14,4.7,Mixed,F,Yes,,,Berlin,wet,SICK,2024/01/05,7.65,Unknown,35.0,38.12,Unknown,57.0,51.8, ,14.0,70.86,Unknown,,54.66,D,75.0,65.07, ,68.0,72.93,a,31.0,39.99,C,72.0,69.09,a,21.0,78.63,D,,61.95, ,69.0,56.97,B
1709,Smokey,british shorthair,0,3.77,Orange,F,Yes,No,Yes,,Mixed,SICK,05/01/2024,75.13,b,32.0,21.71, ,58.0,73.09,a,54.0,31.88, ,,59.84,A,60.0,83.23,B,5.0,59.79,Unknown,84.0,24.99,B,98.0,22.07,B,86.0,42.53,Unknown,34.0,64.03,D,52.0,52.99,D
1710,Leo,Unknown,14,4.91,Orange,F,yes,NO,No,Tokyo,Mixed,Checkup Needed,Jan 5 2024,50.98,D,42.0,46.45,Unknown,60.0,49.11,A,77.0,15.62,A,36.0,88.17,B,7.0,56.43,B,67.0,88.09,b,93.0,38.15,b,15.0,70.71,C,79.0,62.93,Unknown,32.0,72.6,C,43.0,66.23,a
1711,Tiger,Unknown,-2,8.5,Brown,Unknown,Y,Yes,No,Paris,Dry,,2024/01/05,61.15,Unknown,53.0,22.5,b,93.0,53.25,b,65.0,29.56,b,80.0,72.9,a,3.0,82.69,A,33.0,78.8,b,72.0,48.97,b,18.0,75.38,B,56.0,47.05,A,39.0,12.32, ,93.0,47.31,b
1712,Nala,abyssinian,22,9.32, WHITE,,N,Yes,,Berlin,dry,Healthy,,45.59,Unknown,51.0,47.78,A,40.0,49.7,A,86.0,72.82,D,36.0,65.82,C,13.0,36.65,Unknown,25.0,57.48,D,98.0,90.15,B,96.0,48.91,A,46.0,44.96,B,13.0,45.53,D,24.0,unknown,b
1713,Oliver,Unknown,2,4.0,Mixed,male,no,Yes,Yes, london,dry,,,49.24,b,65.0,29.81,B,68.0,30.7,A,79.0,17.65,b,61.0,28.75,b,3.0,53.98,A,22.0,46.47,B,27.0,56.12,Unknown,75.0,56.0,D,92.0,16.51, ,47.0,70.36,Unknown,85.0,44.72,D
1714,Loki,Bengal,-2,3.22,White,F,Yes,Yes,Unknown,Berlin,dry,healthy,05/01/2024,78.87,B,51.0,38.33,Unknown,89.0,54.32,D,71.0,63.62, ,53.0,70.35,D,3.0,50.68,A,63.0,47.57,D,17.0,43.5,B,,54.28,b,63.0,60.78, ,27.0,56.58,Unknown,8.0,56.33,Unknown
1715,Leo,bengal,15,4.99,Gray,Female,,YES,Yes,Sydney,Dry,,2024-01-05,21.58, ,63.0,69.8,D,33.0,65.59,D,4.0,23.6, ,71.0,38.99,C,87.0,59.39, ,30.0,23.07,a,82.0,75.31,b,18.0,18.91,b,26.0,69.74,b,26.0,57.19,b,55.0,68.45,Unknown
1716,Milo,,14,5.51,Gray,female,Y,NO,Yes,TOKYO,Mixed,healthy,2024-01-05,32.54,A,87.0,75.81,D,38.0,72.66, ,37.0,96.81,D,53.0,76.17,Unknown,33.0,65.75,C,6.0,54.22, ,33.0,53.97,a,,38.84, ,,21.79,C,30.0,45.99,A,56.0,71.88, 
1717,Smokey,,6,5.39,Brown,F,Y,No,,TOKYO,Mixed,Healthy,2024/01/05,60.32,C,92.0,-7.66,a,10.0,34.41,B,49.0,56.77,Unknown,52.0,27.37,Unknown,,unknown,B,97.0,69.32,B,94.0,37.62,D,,48.44,a,72.0,68.92,A,81.0,36.15,B,3.0,42.77,A
1718,Kitty,Maine Coon,19,5.04,White,F,No,,Unknown,Toronto,wet,healthy,Jan 5 2024,40.26,a,74.0,80.99,B,3.0,36.21, ,38.0,42.19,C,88.0,44.92,C,10.0,67.65,A,74.0,51.88,D,72.0,26.93,B,5.0,35.64,b,27.0,79.79,A,,51.24, ,60.0,25.75,Unknown
1719,Chloe,SIAMESE,16,6.02,White,female,N,No,Yes, london,Wet,SICK,05/01/2024,28.18,D,45.0,42.63,B,69.0,54.29,b,78.0,57.55,b,,34.46,B,44.0,50.89,B,11.0,52.14,D,88.0,37.11, ,6.0,60.0,D,82.0,41.43,C,56.0,83.86,Unknown,68.0,17.84,D
1720,Chloe,SIAMESE,22,3.51,Brown,Male,Yes,NO,,Sydney,Mixed,,2024/01/05,21.09,b,,30.79,b,96.0,34.95,b,39.0,61.39,A,16.0,32.86,C,7.0,46.82,D,30.0,46.87, ,8.0,41.18,A,67.0,27.77,A,53.0,29.82,b,79.0,58.4,D,61.0,59.61,B
1721,Bella,Scottish Fold ,14,4.75,,F,N,,Yes,TOKYO,dry,,2024/01/05,93.98,D,86.0,62.56, ,2.0,16.88,A,82.0,57.62, ,74.0,29.58,A,83.0,14.08,b,,38.6,a,,43.01,A,44.0,17.77,B,46.0,68.16,b,36.0,,A,40.0,40.9,D
1722,Chloe,Sphynx ,19,3.19,Gray,Female,no,No,Unknown,London,dry,Checkup Needed,2024-01-05,52.3,a,75.0,49.91, ,,59.82,B,3.0,22.45,Unknown,,40.51,A,93.0,80.39,B,44.0,84.21,C,20.0,35.69,B,3.0,81.09,A,76.0,68.97,b,48.0,73.18,Unknown,,36.6,D
1723,Nala,British Shorthair,8,0.82,Gray,F,,NO,,New York,Dry,Checkup Needed,2024-01-05,error, ,98.0,69.32,b,22.0,70.04,A,4.0,47.13,C,97.0,48.8,b,85.0,14.82,Unknown,47.0,52.37,b,72.0,53.79,Unknown,25.0,64.74,B,73.0,51.61,Unknown,80.0,62.23,C,4.0,24.59,b
1724,Lucy,siamese,-2,6.33,Brown,M,Y,YES,,,wet,Sick,Jan 5 2024,21.45,D,43.0,2.18,C,46.0,54.39,C,,51.23,D,50.0,32.19,A,83.0,34.2,A,39.0,25.99,B,5.0,50.39,a,60.0,27.74,a,14.0,28.09,Unknown,55.0,62.09,A,28.0,69.33,a
1725,Loki,Scottish Fold,6,3.98,,Male,Yes,NO,,Toronto,Mixed,,,67.39,D,,67.48, ,94.0,51.69, ,3.0,59.68,Unknown,95.0,65.57,B,60.0,46.23,a,80.0,67.45,C,4.0,25.96,B,4.0,65.56,Unknown,29.0,46.1, ,35.0,36.24, ,,56.95,D
1726,Leo,RAGDOLL,3,2.42,White,Female,,No,Unknown,Tokyo,dry,healthy,05/01/2024,31.07,B,33.0,29.5,D,33.0,39.24,Unknown,74.0,42.95,B,26.0,77.35,Unknown,57.0,46.58,Unknown,60.0,27.02, ,10.0,27.71,A,14.0,59.65,D,38.0,39.27,b,99.0,39.38,b,95.0,50.19,Unknown
1727,Kitty,Unknown,4,5.22,White,M,Y,No,No,Berlin,Dry,,,59.78, ,60.0,37.03,C,96.0,54.62,C,23.0,46.06, ,66.0,53.72,A,61.0,31.77,D,14.0,48.53,C,61.0,54.58,B,60.0,32.93,A,78.0,13.04,b,45.0,56.28,B,66.0,74.74,a
1728,Bella, British Shorthair,24,5.58,Orange,male,no,Yes,No,Sydney,Mixed,,05/01/2024,56.67,Unknown,,63.6,A,78.0,24.76,D,70.0,68.0,b,73.0,58.92, ,,-6.48,a,41.0,15.64,a,14.0,27.58,b,15.0,58.79,b,78.0,53.99,A,89.0,7.58,D,59.0,81.38,C
1729,Leo,PERSIAN,8,5.22,Gray,,no,Yes,No, london,Wet,,Jan 5 2024,82.3,A,71.0,17.02,a,21.0,29.19,A,,48.73,C,82.0,64.24,Unknown,85.0,5.75,C,89.0,44.95,A,92.0,62.21, ,21.0,23.13,Unknown,,43.33,b,47.0,48.78, ,90.0,44.38,a
1730,Oreo,bengal,24,4.41,Mixed,M,No,YES,Unknown,Tokyo,,SICK,2024/01/05,59.87,A,12.0,58.15,B,31.0,40.34,B,11.0,42.94,Unknown,89.0,55.93,D,26.0,34.41,D,59.0,78.73,Unknown,23.0,68.67,D,,31.27,a,9.0,44.53,C,2.0,25.47,b,,23.88,C
1731,Simba,Siamese ,11,5.76,,M,Yes,,,Paris,Wet,healthy,05/01/2024,47.05,A,19.0,108.4,C,12.0,37.76, ,38.0,54.11, ,57.0,110.18,a,62.0,44.98,D,55.0,91.74, ,,92.16, ,85.0,25.24,B,40.0,19.37,C,30.0,64.8, ,57.0,18.3,a
1732,Nala,maine coon,23,5.94,Gray,Female,Y,NO,Unknown,Sydney,wet,Healthy,2024/01/05,55.5,C,39.0,53.32,b,25.0,62.5,B,82.0,39.31,Unknown,26.0,41.64,B,67.0,44.72,C,90.0,67.03, ,98.0,111.02,D,96.0,24.06,b,68.0,86.1,D,60.0,44.13,A,1.0,43.98, 
1733,Nala,abyssinian,18,2.11,Brown,Female,Y,Yes,Yes,Sydney,wet,,2024-01-05,33.55,D,24.0,50.45,b,28.0,25.13,Unknown,7.0,39.95,b,9.0,80.96,C,,71.53,B,38.0,27.96,D,78.0,54.85,C,48.0,37.57,a,47.0,4.94,D,18.0,17.06,B,90.0,59.85,b
1734,Chloe,SCOTTISH FOLD,18,4.2,black ,male,Yes,YES,Yes,TOKYO,Dry,Healthy,05/01/2024,66.23,C,39.0,23.54,a,25.0,60.0,C,51.0,39.0,B,,58.92,Unknown,,34.74,D,69.0,43.52,D,5.0,33.28, ,68.0,40.21,Unknown,42.0,47.86, ,56.0,61.72,b,2.0,72.02,A
1735,Leo,,11,6.36,Black,Female,,,No,Sydney,wet,healthy,Jan 5 2024,83.76,Unknown,85.0,27.64,C,,42.41, ,68.0,50.78,Unknown,16.0,31.66,D,94.0,68.67,b,50.0,84.82, ,30.0,52.13,C,86.0,53.17,Unknown,83.0,43.37,A,99.0,N/A,A,57.0,46.03,B
1736,Tiger, Sphynx,0,4.21,Gray,Female,No,YES,No,London,,Sick,,56.08,A,60.0,34.64,a,62.0,60.62,B,34.0,37.35,D,33.0,66.39,D,44.0,66.93,D,89.0,55.3,b,81.0,76.25,Unknown,52.0,44.58,C,29.0,70.92,B,46.0,36.58,A,19.0,96.44,Unknown
1737,Simba,Abyssinian ,2,4.97,White,female,Y,No,,,dry,Healthy,Jan 5 2024,53.83,A,38.0,unknown,A,5.0,20.0,a,,57.82,Unknown,48.0,64.94,a,81.0,72.5,Unknown,33.0,31.15,a,80.0,33.54,b,14.0,47.08, ,96.0,76.38,C,86.0,45.73,a,99.0,52.35,A
1738,Nala,Unknown,14,4.22,Mixed,Male,,Yes,Yes,New York,,Sick,2024/01/05,45.44,C,99.0,15.01,b,32.0,42.62,a,32.0,56.52,D,2.0,80.76, ,27.0,68.07,D,45.0,55.78,B,,34.15, ,4.0,62.23,a,84.0,39.6,Unknown,68.0,21.94,B,48.0,59.5,Unknown
1739,Bella,Unknown,12,4.87,,male,,No,Unknown,TOKYO,wet,,2024/01/05,54.76,C,33.0,30.27,C,75.0,82.02,A,,22.05,a,85.0,94.02,a,26.0,29.0,B,0.0,34.96,b,86.0,50.1,b,38.0,62.01,b,81.0,28.76,A,,47.85,b,80.0,66.5,a
1740,Simba, Abyssinian,22,8.29,Black,F,no,YES,No,New York,,Sick,05/01/2024,-6.53,A,63.0,73.31,D,63.0,61.39,C,28.0,58.61,Unknown,39.0,57.49, ,91.0,49.09,b,,65.03,b,77.0,70.26,Unknown,43.0,35.62,C,57.0,25.79,A,,50.94,Unknown,61.0,62.27, 
1741,Oliver,BENGAL,-1,4.06,Black,Female,N,No,,Toronto,Dry,,,57.94,A,96.0,41.94, ,20.0,50.48,Unknown,94.0,30.55,D,45.0,35.01,a,,52.38,C,66.0,47.67,a,43.0,66.01,C,99.0,66.34,a,,36.17,a,95.0,44.54, ,7.0,54.54,a
1742,Simba, Siamese,5,4.67,Orange,Female,Y,Yes,No,Berlin,Dry,SICK,05/01/2024,30.98,a,72.0,68.5, ,62.0,77.77,B,63.0,38.46,b,50.0,31.29,B,73.0,48.96,A,33.0,77.69,B,,16.75, ,36.0,unknown,b,21.0,54.04,a,20.0,55.7,C,72.0,12.3,b
1743,Smokey,sphynx,9,5.82,black ,male,N,No,No,Paris,dry,Healthy,,54.12,D,94.0,50.71, ,23.0,34.25,B,43.0,48.93,C,47.0,51.71,C,2.0,56.89,D,73.0,58.75,A,15.0,40.18,C,68.0,35.46,a,37.0,64.47,a,10.0,80.27,A,42.0,62.68,D
1744,Nala,,11,2.94,White,male,N,YES,Yes,Berlin,wet,SICK,2024-01-05,66.42,C,22.0,63.9,C,42.0,45.7,a,0.0,76.06,a,67.0,44.59,A,51.0,37.41,b,7.0,71.74,B,58.0,37.92,C,99.0,54.81,B,10.0,58.51,A,90.0,22.05,b,15.0,49.38,D
1745,Luna,Sphynx,2,2.54,Brown,F,Y,,,TOKYO,Mixed,Checkup Needed,,48.64,B,18.0,40.46,A,90.0,42.58,B,54.0,37.34,B,,45.27,Unknown,82.0,53.37,D,95.0,46.26,b,39.0,80.89,Unknown,,55.62, ,,37.97,a,71.0,65.41,C,63.0,64.76, 
1746,Smokey,ragdoll,-1,2.94,black ,male,no,,No,Berlin,Mixed,SICK,2024/01/05,68.92,A,17.0,50.32,D,,52.86,A,56.0,86.41, ,3.0,85.65,A,24.0,36.91,C,63.0,5.35,Unknown,65.0,37.09,C,7.0,40.29, ,80.0,9.8,C,72.0,87.31,D,44.0,57.56,Unknown
1747,Simba,Scottish Fold,10,5.26,Gray,M,no,No,,Tokyo,Wet,,2024/01/05,44.79,a,16.0,57.52,a,3.0,35.38,B,89.0,34.6, ,13.0,83.31,a,,74.01,D,82.0,64.54,C,87.0,93.58, ,,69.85,D,,47.7,C,98.0,89.41,A,55.0,78.15, 
1748,Loki,Unknown,14,5.32, WHITE,,N,NO,Yes,Berlin,,,Jan 5 2024,56.51,D,,52.35,C,60.0,59.25,C,25.0,20.15,A,53.0,47.69,B,72.0,38.76,a,22.0,28.98,D,30.0,62.89,C,,51.91,a,52.0,74.01, ,46.0,59.06,Unknown,81.0,98.66,b
1749,Nala,Scottish Fold,23,5.57, WHITE,M,,,,TOKYO,,Checkup Needed,,52.84, ,,33.58,D,26.0,-2.89,B,23.0,56.56, ,56.0,43.92, ,8.0,44.34,Unknown,67.0,100.86,b,25.0,69.94, ,58.0,-7.9,D,7.0,38.93,D,55.0,50.25, ,64.0,47.64,C
1750,Oreo,Sphynx ,3,6.55,Brown,female,Yes,Yes,Yes,,dry,Checkup Needed,Jan 5 2024,49.17,C,55.0,39.44,B,,55.33,a,19.0,61.75,a,16.0,26.59,C,16.0,73.32,Unknown,0.0,60.72,a,,31.88,b,,43.36,a,40.0,89.72,C,,70.7, ,98.0,39.38, 
1751,Loki, British Shorthair,-1,4.29,,Male,N,No,No, london,,,2024/01/05,66.84,C,30.0,65.85,a,15.0,63.15,b,15.0,66.1, ,36.0,56.16,D,59.0,44.63,D,40.0,62.75,b,20.0,28.71,B,34.0,77.44,b,80.0,40.21,C,,35.63,a,82.0,error,Unknown
1752,Loki,abyssinian,6,2.72,Brown,M,No,Yes,Unknown,New York,dry,healthy,,64.9,D,80.0,53.29,C,45.0,39.56,b,65.0,57.9,B,,55.01,D,,unknown, ,0.0,49.42,D,29.0,65.54,a,24.0,61.64,D,59.0,46.57,A,89.0,21.85, ,16.0,46.64,Unknown
1753,Chloe,,-1,3.04,Orange,female,N,NO,Yes,Sydney,Dry,Checkup Needed,,54.6,B,69.0,69.4,B,91.0,40.22,C,43.0,44.24,Unknown,8.0,-7.43,Unknown,,59.78,b,89.0,77.15, ,98.0,37.22,B,72.0,9.98, ,94.0,39.88,Unknown,9.0,60.82,B,6.0,54.29,A
1754,Luna,PERSIAN,20,2.95,black ,F,No,Yes,Yes,Berlin,Wet,Healthy,05/01/2024,error,A,34.0,48.44,a,65.0,13.47,B,46.0,64.34,C,36.0,44.57,a,34.0,47.14,Unknown,16.0,56.32,B,8.0,55.17,Unknown,62.0,41.55,a,8.0,79.11,A,67.0,89.19,D,43.0,52.29,B
1755,Loki,,-2,6.03,Gray,female,,No,Unknown,Tokyo,dry,Checkup Needed,Jan 5 2024,67.29,D,77.0,32.07, ,54.0,49.77,B,1.0,111.83,B,41.0,36.22,B,84.0,48.6,b,30.0,unknown,D,3.0,32.68,a,16.0,70.49, ,15.0,29.72, ,84.0,39.67,B,23.0,32.67,D
1756,Chloe,Unknown,-2,4.33,Gray,Unknown,no,No,No, london,Mixed,Sick,,43.69,b,19.0,107.44,b,79.0,72.52,b,54.0,78.6,A,14.0,68.17,a,47.0,42.35,A,27.0,17.12, ,47.0,51.72,Unknown,1.0,65.7,D,53.0,34.21,A,1.0,81.52,Unknown,27.0,31.95,Unknown
1757,Nala,sphynx,0,5.14,Black,,yes,,Yes,Berlin,Dry,Healthy,Jan 5 2024,64.08,D,57.0,40.58,b,25.0,32.87, ,75.0,24.03,D,72.0,41.39,a,3.0,47.97, ,6.0,91.55,A,2.0,56.07,D,51.0,41.3, ,36.0,53.12, ,,44.13,b,0.0,34.33,C
1758,Luna, Scottish Fold,8,4.21,White,F,Y,Yes,Yes,New York,,healthy,Jan 5 2024,44.67,Unknown,12.0,84.47,Unknown,13.0,31.15,a,,67.2,D,98.0,33.25,A,57.0,44.22,a,31.0,66.95,D,58.0,62.24,a,,78.58,D,97.0,23.13,D,17.0,31.42,b,,44.41,C
1759,Oreo,Sphynx ,14,3.88,Mixed,M,,NO,No,Tokyo,wet,Checkup Needed,05/01/2024,37.2,B,22.0,92.4,a,98.0,6.64,b,92.0,11.51,A,74.0,39.66,a,97.0,55.23, ,67.0,29.28,A,,38.78,b,51.0,40.28,a,96.0,50.22, ,64.0,13.71,a,48.0,40.63,A
1760,Luna,british shorthair,21,5.53,Mixed,Male,No,NO,Yes,Paris,Mixed,Checkup Needed,2024-01-05,32.91,B,64.0,73.49, ,52.0,95.49, ,82.0,49.38,B,7.0,42.03,B,4.0,20.08,D,,70.17,B,21.0,79.46, ,81.0,57.53,b,11.0,36.99,A,32.0,48.74,b,11.0,76.45, 
1761,Oreo,SCOTTISH FOLD,0,5.66,Orange,male,N,Yes,No, london,Wet,Checkup Needed,Jan 5 2024,29.32,C,81.0,28.03,B,,50.96,D,,59.95,C,4.0,47.87,Unknown,35.0,33.02,a,40.0,62.01,Unknown,26.0,54.66,D,24.0,40.31,b,33.0,58.16,B,85.0,74.06,B,25.0,49.55,B
1762,Loki,Unknown,5,4.32,Orange,M,yes,,Yes,,wet,Sick,,79.88,A,54.0,61.54,b,,37.87,A,3.0,65.95,A,69.0,61.94,A,93.0,32.05,D,62.0,48.66,C,94.0,56.43,D,86.0,42.95,a,44.0,71.23,Unknown,22.0,84.36,b,9.0,87.47, 
1763,Simba,persian,3,3.64, WHITE,female,Y,No,,London,dry,Sick,05/01/2024,30.24,b,30.0,45.91,C,,42.53, ,86.0,59.16,D,9.0,32.31,A,50.0,66.89,D,62.0,47.76, ,79.0,65.8,b,46.0,64.94,a,68.0,39.32,C,0.0,35.05,b,2.0,32.14,Unknown
1764,Smokey,RAGDOLL,11,3.53,Black,M,,No,,Sydney,Dry,Sick,2024-01-05,53.5,Unknown,52.0,69.29,C,70.0,57.3,a,80.0,24.05,A,73.0,38.61,Unknown,90.0,58.62,D,16.0,57.76,Unknown,33.0,28.67,a,,63.19,Unknown,,50.56,D,78.0,46.67,Unknown,23.0,56.06,b
1765,Leo,Unknown,18,3.32,Black,M,Yes,,,Sydney,Dry,SICK,Jan 5 2024,69.36,Unknown,80.0,60.89,a,24.0,39.75,A,30.0,25.49,A,15.0,69.39,D,64.0,69.57, ,7.0,30.88,B,53.0,-10.8, ,74.0,42.24,b,90.0,error,C,92.0,22.61,b,40.0,47.58,a
1766,Simba, Persian,-2,5.26,Black,male,Yes,No,No,Tokyo,wet,Healthy,05/01/2024,81.15,a,23.0,29.05,A,85.0,74.82,a,34.0,69.64,a,49.0,58.93,B,3.0,63.44,D,14.0,41.15,Unknown,,87.71,D,,69.84,D,8.0,58.81, ,31.0,55.78,C,45.0,87.29,D
1767,Simba,SPHYNX,5,2.96,black ,female,Y,Yes,Yes,Berlin,Wet,,2024-01-05,29.66,A,96.0,43.89,Unknown,31.0,35.35,a,71.0,65.45,b,85.0,102.97, ,61.0,30.42,Unknown,,55.42, ,85.0,49.75, ,68.0,44.41,a,10.0,79.96,a,65.0,70.42,a,64.0,61.38,A
1768,Oliver,BENGAL,23,4.32,White,F,No,No,Yes, london,Wet,Healthy,2024-01-05,41.42,Unknown,93.0,38.71, ,20.0,78.05,B,69.0,68.59,b,,71.08,Unknown,11.0,77.84,a,6.0,52.18,b,5.0,53.84,b,37.0,98.36,b,,53.54,D,69.0,70.06,D,,74.41,D
1769,Lucy,,22,2.61,Black,male,No,No,Unknown, london,dry,Healthy,2024/01/05,17.67,B,84.0,97.37,a,32.0,56.17,Unknown,85.0,49.71,Unknown,97.0,72.63,B,17.0,64.51,Unknown,55.0,31.22,B,98.0,67.29,A,48.0,50.82,B,18.0,73.94,D,61.0,51.79,A,70.0,16.59,C
1770,Tiger,Unknown,-1,2.02,,Female,No,No,No,,Wet,healthy,,51.6,b,60.0,46.71,Unknown,15.0,65.97,A,,8.83,B,86.0,16.08,A,6.0,73.46,D,23.0,53.89, ,27.0,68.25, ,75.0,13.89,D,96.0,32.14, ,30.0,29.56,b,5.0,error,B
1771,Oliver,siamese,1,4.88,Orange,Female,Yes,,Unknown,Tokyo,wet,Healthy,Jan 5 2024,59.21,b,8.0,53.89, ,74.0,85.9,D,,47.94,a,74.0,79.44, ,,24.18,A,75.0,42.29,C,18.0,72.9, ,37.0,60.57,b,1.0,51.2,b,89.0,72.78, ,39.0,80.82,A
1772,Milo,,0,5.26,black ,,N,Yes,Yes,London,Wet,Sick,,34.25,a,33.0,36.64,C,62.0,72.69,D,3.0,42.45,A,57.0,69.5,a,22.0,36.26,B,44.0,47.24,C,98.0,59.43,Unknown,92.0,52.69,C,76.0,39.23,a,83.0,53.93,A,29.0,46.59,D
1773,Simba, Scottish Fold,0,4.46,Mixed,F,No,NO,,Tokyo,,Checkup Needed,,50.23,a,,78.17,b,28.0,89.44,B,48.0,48.33,C,44.0,35.46, ,,44.88,D,68.0,29.33,b,,51.59,b,55.0,56.46, ,50.0,48.98,D,45.0,33.88,C,88.0,41.34, 
1774,Lucy,Unknown,19,5.87,Orange,Female,Y,No,Unknown,Toronto,Dry,healthy,2024/01/05,43.12,a,78.0,,Unknown,16.0,53.31,B,14.0,62.47, ,40.0,48.98,B,58.0,59.16,b,93.0,77.12,B,85.0,44.14,Unknown,86.0,43.9,a,0.0,55.35,A,7.0,44.98,Unknown,71.0,36.14, 
1775,Tiger, Ragdoll,21,4.01,black ,female,Y,NO,,Tokyo,Wet,,05/01/2024,64.88,C,60.0,56.02,B,10.0,42.68,D,,55.47,a,85.0,24.44,D,92.0,68.55,a,77.0,40.28,D,71.0,44.87,D,17.0,43.95,B,63.0,73.81,b,48.0,33.93,b,24.0,8.5,b
1776,Luna, British Shorthair,15,2.72,,M,Yes,YES,No,Paris,Dry,Healthy,,86.31,A,85.0,error,a,96.0,57.11,a,63.0,72.26, ,64.0,50.35,B,75.0,52.15,Unknown,,34.24,B,50.0,61.23,Unknown,28.0,49.98,b,99.0,39.6,D,26.0,37.83,B,63.0,58.92,C
1777,Simba,Ragdoll ,3,6.02,Black,male,Y,,No, london,,,05/01/2024,67.25,Unknown,23.0,71.15,D,13.0,54.12,Unknown,13.0,,b,75.0,86.44,A,0.0,72.08,a,3.0,44.93,Unknown,24.0,48.91,a,17.0,59.52,B,86.0,70.92,a,56.0,28.07,A,,71.3, 
1778,Oreo,Siamese,1,7.96,Gray,Male,,Yes,No,London,Dry,Checkup Needed,Jan 5 2024,40.54,a,72.0,25.99,B,75.0,27.64,b,89.0,42.82,D,72.0,35.04,D,16.0,47.14,A,54.0,31.28,A,,unknown,B,7.0,95.39,a,47.0,77.07,Unknown,95.0,-3.0,b,,32.17,D
1779,Bella,,23,4.81,Orange,M,N,Yes,No,TOKYO,Wet,Sick,2024-01-05,24.64,B,36.0,90.79,C,9.0,46.56,D,,14.08,Unknown,,61.84,b,17.0,27.97, ,28.0,89.6,Unknown,2.0,46.91,A,,43.51,B,26.0,39.09, ,89.0,35.64,C,1.0,36.45,a
1780,Shadow,scottish fold,19,5.83, WHITE,Male,no,YES,Unknown,Sydney,Wet,SICK,05/01/2024,42.13,b,2.0,45.06, ,49.0,53.5, ,71.0,47.34, ,17.0,43.37,D,10.0,51.24,A,93.0,48.11,C,,58.04,a,32.0,52.02,Unknown,,30.2, ,,52.94,a,46.0,58.5,B
1781,Simba,Siamese,4,4.36, WHITE,Male,no,YES,,Sydney,wet,Checkup Needed,,29.13,C,59.0,66.53,A,2.0,56.73,a,31.0,52.37,Unknown,10.0,61.38,Unknown,22.0,41.92,Unknown,35.0,36.68, ,32.0,12.71, ,79.0,20.93,a,,67.36,a,18.0,31.52,C,23.0,38.68,b
1782,Milo,,17,2.55,Black,Female,no,NO,No,Berlin,Wet,Checkup Needed,2024/01/05,39.5,A,26.0,61.61, ,,N/A,B,1.0,27.9,Unknown,91.0,49.37,A,51.0,42.73,Unknown,77.0,50.48,D,35.0,48.87,C,27.0,9.27,Unknown,49.0,62.66,A,84.0,12.89,C,35.0,28.22,A
1783,Milo,Unknown,20,5.01, WHITE,M,Yes,YES,, london,wet,Healthy,2024-01-05,56.55,D,,30.01,a,68.0,69.76,B,23.0,43.29, ,78.0,47.1,B,21.0,60.51,C,61.0,29.24,A,43.0,45.82,Unknown,74.0,93.18,b,17.0,62.44,a,5.0,48.05,Unknown,55.0,54.62,B
1784,Oliver,scottish fold,21,5.44,White,M,Y,NO,Unknown,Sydney,Mixed,healthy,2024/01/05,44.89,C,39.0,57.23,C,73.0,28.15,Unknown,75.0,62.53,D,4.0,51.42, ,77.0,67.07,a,26.0,32.03, ,15.0,32.03,C,98.0,80.61,b,,65.53,A,43.0,77.32,C,97.0,48.56, 
1785,Smokey,Unknown,19,7.39,Black,F,No,No,,TOKYO,Wet,Healthy,2024-01-05,71.01,a,26.0,61.15,D,52.0,57.9, ,50.0,65.18,B,78.0,31.6,B,39.0,31.97,C,50.0,55.86,B,78.0,45.2,B,38.0,34.44,A,99.0,56.09,a,,55.65,b,63.0,43.13,B
1786,Loki, Siamese,10,5.04,Gray,Unknown,No,No,Unknown,Tokyo,Dry,Healthy,,39.35,b,19.0,41.61,D,21.0,40.86,b,,57.72,Unknown,41.0,34.06, ,37.0,64.04, ,82.0,42.19,Unknown,62.0,68.5,C,90.0,54.68, ,94.0,37.63,Unknown,50.0,28.37,a,36.0,34.77,a
1787,Milo,Unknown,20,1.44,Gray,Unknown,,Yes,, london,dry,SICK,05/01/2024,41.47,D,17.0,57.42,Unknown,34.0,65.7,a,62.0,65.86,a,46.0,83.58,B,16.0,46.67,a,85.0,51.73,A,48.0,48.42,D,,76.24, ,,41.95,B,29.0,46.8, ,92.0,53.14,Unknown
1788,Loki,Sphynx ,8,2.65, WHITE,male,No,,,Sydney,dry,SICK,05/01/2024,52.13,B,6.0,59.61,C,42.0,61.79,B,3.0,63.49,B,40.0,25.07,b,9.0,84.23,A,34.0,7.42,Unknown,82.0,35.54,b,33.0,76.36,a,53.0,95.58,B,50.0,46.91,b,69.0,65.14,B
1789,Bella,MAINE COON,12,6.58,Mixed,Female,yes,YES,Yes,Toronto,wet,Healthy,,66.28,Unknown,,61.51,Unknown,45.0,69.98,A,56.0,78.26,A,42.0,27.93, ,5.0,51.13,B,62.0,56.67,a,99.0,60.71,D,45.0,32.3,A,93.0,48.35,C,96.0,42.25, ,76.0,63.07,Unknown
1790,Nala,Sphynx ,10,5.62,White,Unknown,N,No,Yes,Berlin,Wet,Healthy,2024/01/05,55.45,D,,32.28,B,59.0,47.18,a,24.0,40.11,b,30.0,55.77,Unknown,50.0,48.97,B,27.0,62.5,B,77.0,N/A,b,4.0,60.5,D,16.0,82.39,C,,36.07,A,99.0,47.48,B
1791,Smokey,Siamese ,23,4.85,White,,,Yes,,New York,wet,healthy,,99.62,B,39.0,32.23,B,43.0,61.33,b,7.0,75.18,B,52.0,73.18, ,33.0,25.07,Unknown,30.0,42.09,D,24.0,63.47,B,74.0,54.77, ,32.0,34.12,D,32.0,43.0,D,88.0,55.19,a
1792,Oliver,Ragdoll,7,3.56,black ,F,,,,New York,,,,78.89,Unknown,,35.48,B,,31.7,B,61.0,58.49,C,59.0,63.71,B,35.0,66.56,B,25.0,53.69,B,95.0,-3.04,D,86.0,43.96,B,57.0,34.64,B,30.0,unknown,A,,89.01,B
1793,Milo,Maine Coon,3,3.69,Orange,M,No,Yes,Unknown,New York,Mixed,Checkup Needed,2024/01/05,67.04,b,69.0,51.3,a,84.0,54.38,C,69.0,62.28, ,89.0,54.51,D,4.0,71.4,a,53.0,22.42,b,81.0,59.33,Unknown,93.0,71.04,b,52.0,38.2, ,4.0,49.96,C,3.0,33.69,A
1794,Kitty,SIAMESE,5,6.55,Mixed,,yes,YES,Unknown,New York,Dry,healthy,05/01/2024,39.81,Unknown,94.0,41.81,A,34.0,64.94,a,36.0,28.1,a,93.0,55.84,B,68.0,68.26,a,66.0,52.49,A,53.0,38.47,Unknown,9.0,50.78,B,58.0,75.81,C,53.0,57.9,a,14.0,40.4,a
1795,Leo, Ragdoll,19,6.94,Orange,Female,No,YES,No,Berlin,,Sick,05/01/2024,59.27,Unknown,82.0,70.8,a,18.0,32.96,B,98.0,52.1,b,89.0,36.16, ,99.0,21.88,b,38.0,54.24,C,32.0,55.42,Unknown,40.0,46.72,b,,72.22,b,2.0,54.06,b,89.0,73.64,D
1796,Luna,bengal,17,6.73,Mixed,,Y,,Unknown,Paris,dry,SICK,Jan 5 2024,51.21,Unknown,,3.18,a,16.0,51.2,b,80.0,53.28,a,96.0,27.52,A,16.0,3.64,B,12.0,33.06,B,9.0,69.61,a,94.0,84.15, ,37.0,46.37,A,95.0,51.85,a,86.0,25.86,a
1797,Leo,Unknown,8,5.17,Brown,Unknown,Y,YES,, london,dry,Sick,05/01/2024,36.57,D,,26.89,A,27.0,50.56,a,66.0,64.83,B,88.0,42.71,A,53.0,65.14,A,75.0,36.62,b,23.0,39.79,A,69.0,36.81,Unknown,24.0,22.84,A,48.0,55.89,b,27.0,42.03,D
1798,Shadow,SCOTTISH FOLD,24,6.7,Brown,Female,yes,No,No,Toronto,Mixed,Sick,05/01/2024,46.68,B,65.0,79.15,B,50.0,18.46,B,72.0,66.31,a,10.0,14.04, ,51.0,34.33,b,17.0,40.47,Unknown,,61.94,A,77.0,77.16,D,39.0,8.54,D,8.0,82.96,B,87.0,51.94,B
1799,Bella,abyssinian,24,6.84,Black,Unknown,Y,,Yes,Sydney,Wet,healthy,Jan 5 2024,24.05, ,82.0,-4.18,A,53.0,56.16,D,65.0,27.76,B,74.0,27.54,B,3.0,52.23,a,95.0,43.69,B,13.0,3.41,D,18.0,35.14,b,19.0,80.0,b,13.0,73.09, ,37.0,56.65,a
1800,Milo, Scottish Fold,17,3.03,Brown,Female,,Yes,Unknown, london,dry,Sick,05/01/2024,48.29,b,74.0,34.84,D,46.0,53.26,A,65.0,22.19,A,94.0,74.54,b,99.0,39.9,A,28.0,82.48,b,94.0,54.75,C,78.0,48.91,A,5.0,38.46,b,6.0,46.0,a,31.0,48.32,C
1801,Leo,Persian,12,3.43,Black,M,,Yes,Yes, london,Mixed,,2024/01/05,24.1, ,18.0,N/A,D,80.0,error,A,24.0,30.33,A,82.0,39.02,C,,28.66,a,72.0,40.99, ,90.0,44.9,D,22.0,47.25,C,52.0,19.84,b,,45.47,A,83.0,66.82,Unknown
1802,Simba,Persian,18,2.65,Gray,,no,YES,No,TOKYO,Wet,,,62.26,D,63.0,4.82,A,76.0,31.6,Unknown,18.0,40.37,C,98.0,23.73,b,,60.5,Unknown,69.0,28.69,D,43.0,47.11,A,19.0,31.31,Unknown,67.0,39.46,C,78.0,77.31,b,79.0,43.46,b
1803,Milo,Unknown,14,4.2,black ,M,,NO,Yes,Sydney,dry,Healthy,,42.41,B,78.0,36.03,B,6.0,24.27,B,27.0,42.65,b,4.0,N/A,D,65.0,56.48,A,92.0,60.02,D,82.0,83.31,D,53.0,26.35,C,59.0,43.6,A,97.0,62.08,A,43.0,84.67,A
1804,Milo,BENGAL,-1,3.87,Brown,male,N,Yes,Unknown,Sydney,Wet,Sick,Jan 5 2024,79.93, ,88.0,48.95,Unknown,26.0,41.99,D,,63.49,a,81.0,64.0, ,54.0,49.53,a,76.0,54.88,Unknown,94.0,45.06,Unknown,87.0,90.79,A,58.0,76.29,B,,60.66,a,47.0,41.14,A
1805,Simba,Abyssinian,17,4.66,Mixed,Unknown,Y,YES,,Sydney,Mixed,Healthy,Jan 5 2024,62.9,A,42.0,55.82,b,42.0,49.64,C,29.0,82.96,C,90.0,85.78,C,,69.36, ,54.0,64.13,A,21.0,62.29,b,77.0,error,a,52.0,38.55, ,32.0,47.54,Unknown,83.0,49.92, 
1806,Shadow,,12,5.66,Gray,male,yes,YES,Yes,New York,dry,,Jan 5 2024,70.94,a,42.0,73.25,Unknown,45.0,76.95,Unknown,53.0,31.47,a,76.0,34.9,Unknown,46.0,60.23,A,56.0,10.45,B,85.0,50.65,b,57.0,58.3,C,92.0,43.19,A,,33.68,B,95.0,88.47,D
1807,Loki,Sphynx,7,5.48,Black,Unknown,Y,YES,No,Paris,Mixed,Healthy,2024/01/05,75.1,Unknown,,57.25,D,89.0,72.64,A,74.0,38.06,A,72.0,33.97,B,89.0,32.69,C,26.0,69.65,A,39.0,36.98,A,48.0,3.08,Unknown,,69.48,C,76.0,45.15,A,52.0,66.86,a
1808,Tiger,Siamese ,10,2.63,Orange,female,Y,Yes,Yes,TOKYO,,Sick,05/01/2024,48.94,B,11.0,56.48,a,,69.26,C,49.0,49.98,b,25.0,51.74, ,79.0,52.97, ,98.0,21.99,b,20.0,85.39,C,77.0,42.68,B,76.0,42.33,Unknown,38.0,64.52,D,95.0,48.07,b
1809,Smokey,Unknown,1,4.76,Black,male,,,,Paris,dry,SICK,2024/01/05,37.54,A,62.0,67.65,b,17.0,60.36,C,4.0,28.79,C,21.0,38.39,C,80.0,39.52,a,55.0,87.54,D,24.0,55.47,b,,55.24,Unknown,54.0,-9.06,D,45.0,41.47,A,39.0,44.28, 
1810,Oliver,persian,1,2.4,black ,male,yes,YES,,Sydney,Wet,,2024/01/05,1.61,A,22.0,81.77,C,15.0,56.64,D,34.0,93.32,D,,11.76, ,,63.93,A,77.0,48.85,b,1.0,66.76,Unknown,45.0,error,a,79.0,39.19,Unknown,33.0,42.83, ,25.0,37.97,a
1811,Lucy,Unknown,6,5.23,Orange,Female,Yes,No,,TOKYO,wet,Checkup Needed,05/01/2024,16.77,C,0.0,44.42,A,42.0,42.42,B,,60.7,b,51.0,60.03,b,,1.99,b,91.0,63.29,B,54.0,61.85,b,99.0,49.03, ,48.0,40.79,A,37.0,7.15,B,62.0,59.6,b
1812,Luna, Maine Coon,24,3.08,Orange,female,yes,YES,Unknown,Paris,Mixed,Checkup Needed,,48.95,C,19.0,29.47,B,38.0,79.26,D,44.0,64.64,A,95.0,34.73,Unknown,2.0,23.9,a,47.0,26.89,D,66.0,29.03,C,6.0,66.99,B,33.0,29.99,Unknown,41.0,51.77,b,2.0,65.22,B
1813,Lucy,maine coon,22,5.24,White,female,Y,Yes,Yes,Sydney,Dry,Checkup Needed,,47.27,Unknown,99.0,64.3,B,92.0,53.48,a,98.0,52.77,Unknown,7.0,58.26,B,27.0,31.74,Unknown,66.0,46.65,D,53.0,75.05, ,59.0,32.98,D,48.0,29.66,B,,unknown,a,23.0,32.44,a
1814,Leo,SCOTTISH FOLD,17,4.55,Black,F,N,No,Unknown,TOKYO,,healthy,2024/01/05,37.38,C,74.0,59.9,C,13.0,unknown,D,44.0,63.75,Unknown,26.0,37.66,B,58.0,51.11,b,58.0,42.76,B,56.0,58.26,Unknown,83.0,21.61,C,,40.37,D,18.0,79.74,B,13.0,44.36,a
1815,Oliver, Maine Coon,6,4.64,Orange,M,,,Yes,,Mixed,Sick,Jan 5 2024,13.93,C,95.0,72.51, ,94.0,49.5,A,86.0,86.21, ,78.0,54.63,a,18.0,89.34,B,0.0,39.41,B,55.0,34.8,b,28.0,67.48,Unknown,64.0,33.36,a,90.0,58.6,B,67.0,27.22,B
1816,Tiger,Persian ,11,2.84,Mixed,M,,NO,Yes, london,Dry,Sick,,95.28, ,79.0,63.39, ,82.0,73.62,B,30.0,11.81,C,,50.69,C,24.0,64.72, ,52.0,50.3,Unknown,16.0,36.61,B,38.0,23.79,A,66.0,74.46,A,50.0,15.63,B,74.0,77.55,C
1817,Loki,British Shorthair,11,35.400000000000006,Gray,,Yes,No,No,Sydney,Mixed,SICK,05/01/2024,62.14,A,5.0,20.31,D,9.0,47.63, ,82.0,47.27,D,18.0,42.77,B,,60.59,D,67.0,52.55,Unknown,96.0,46.49,B,72.0,47.38,C,22.0,36.15,A,58.0,18.39,a,25.0,52.02,C
1818,Luna,Siamese,23,2.16,White,,N,Yes,,,,Sick,,91.96,b,99.0,60.73,Unknown,96.0,error,b,24.0,56.53,B,27.0,48.86,Unknown,,53.99,Unknown,22.0,60.19,D,29.0,38.96,a,36.0,48.52,C,51.0,40.0,a,85.0,64.22,B,72.0,68.16,C
1819,Luna,Sphynx,10,9.72,,Male,yes,,No,Toronto,,Sick,2024-01-05,44.17,b,41.0,92.51,D,0.0,14.47,C,34.0,33.9, ,55.0,49.4,Unknown,3.0,48.72,C,21.0,43.25, ,35.0,18.08,a,,53.86,Unknown,19.0,57.62,A,75.0,36.5,C,6.0,35.82,C
1820,Chloe,british shorthair,18,1.88,Gray,F,No,,,London,wet,Healthy,2024-01-05,79.11,C,78.0,60.83,B,20.0,44.25,D,,48.17,Unknown,26.0,40.95,a,73.0,51.48,D,60.0,67.57, ,6.0,29.98,D,,30.29, ,6.0,46.18,C,86.0,37.12,C,24.0,27.88,C
1821,Shadow,Unknown,12,4.65,Gray,M,no,YES,,Berlin,Dry,SICK,2024/01/05,94.6,D,58.0,40.47,D,19.0,39.95,a,,61.66,b,87.0,11.4,C,21.0,21.5, ,44.0,59.03,B,53.0,27.76,b,73.0,16.3,a,21.0,97.44,Unknown,65.0,13.07,C,23.0,69.55,b
1822,Lucy,british shorthair,14,4.61,,M,yes,NO,Yes,London,Dry,Healthy,Jan 5 2024,53.2,a,,17.45,B,2.0,33.09,a,11.0,34.74,b,63.0,76.17, ,77.0,46.18,b,85.0,69.6, ,21.0,41.18, ,8.0,59.03,b,13.0,82.2,D,,46.33, ,36.0,59.49,b
1823,Leo,Unknown,11,6.84,Orange,Unknown,Y,Yes,No,TOKYO,Wet,Healthy,05/01/2024,61.46, ,90.0,61.85,A,68.0,97.61,D,93.0,65.42, ,71.0,45.16, ,91.0,37.07,A,45.0,100.64,a,89.0,60.7,a,18.0,52.55,Unknown,47.0,92.63,Unknown,47.0,68.84,b,,26.96,a
1824,Nala,Abyssinian ,24,4.45,Gray,,Yes,No,,London,Wet,Sick,2024-01-05,22.45,D,60.0,46.46,a,68.0,12.07, ,44.0,3.34,Unknown,30.0,40.21,B,56.0,52.03,B,55.0,69.12,Unknown,66.0,44.72,b,80.0,57.34,A,65.0,28.08,B,58.0,59.53,C,91.0,5.44,D
1825,Leo,ragdoll,4,3.85,black ,Male,,YES,Yes,Toronto,,Checkup Needed,2024-01-05,26.95, ,,80.97,b,35.0,20.31,D,2.0,57.63,A,35.0,27.02,B,60.0,51.3,a,75.0,18.33,C,10.0,60.72,D,76.0,47.3,b,27.0,50.27,a,58.0,36.29,b,96.0,16.21, 
1826,Oreo,Unknown,9,3.57,Orange,M,Yes,YES,Unknown,Paris,,Healthy,,50.32, ,27.0,N/A,a,90.0,13.4, ,91.0,-1.55,A,61.0,23.0,A,81.0,94.72,C,62.0,24.67,Unknown,69.0,60.16,C,22.0,28.71,a,,46.55,D,77.0,59.66, ,77.0,70.33,C
1827,Luna,Persian ,6,5.2,Gray,Unknown,N,YES,,New York,Wet,healthy,2024/01/05,56.2,Unknown,91.0,55.38,C,25.0,28.73,D,47.0,31.44, ,66.0,63.89,A,,53.57,D,23.0,71.4,C,50.0,59.59,Unknown,18.0,49.94,b,18.0,98.37,C,,78.82,b,92.0,27.62,B
1828,Loki,British Shorthair ,4,4.82,Gray,Male,N,,,Sydney,Wet,Healthy,2024/01/05,49.47,A,46.0,33.9,D,90.0,54.21,a,95.0,28.09,D,35.0,-3.99, ,87.0,62.96,Unknown,8.0,77.61,Unknown,31.0,28.03,A,52.0,48.96,C,10.0,45.34,a,88.0,44.66,B,53.0,69.38,Unknown
1829,Loki,BENGAL,17,4.56,Brown,female,Yes,,Unknown,New York,Dry,Checkup Needed,05/01/2024,49.02,a,36.0,45.05, ,,44.73,b,61.0,62.19, ,68.0,53.25,B,5.0,58.93,Unknown,72.0,65.38,B,54.0,14.51,a,50.0,48.7,a,48.0,49.18,C,80.0,9.01,C,16.0,56.47,C
1830,Luna,Ragdoll ,12,3.62,black ,Female,Yes,Yes,Yes,Toronto,dry,Healthy,05/01/2024,17.97,D,,81.11,D,10.0,86.58,A,,64.95,Unknown,1.0,86.49,B,82.0,63.35,A,,22.06,C,61.0,62.49,D,,36.71,D,,57.43, ,25.0,58.8,D,35.0,37.97, 
1831,Oliver, Ragdoll,12,3.41,Black,female,Yes,No,Unknown,Sydney,Wet,,,67.55,D,,50.65,C,14.0,N/A,A,58.0,12.94,A,1.0,2.45,C,17.0,45.09,a,47.0,69.58,a,52.0,-13.24,a,18.0,60.28,C,22.0,error,B,46.0,26.16,b,72.0,28.19,D
1832,Lucy,Unknown,6,3.01,White,M,no,Yes,Yes,Toronto,Dry,SICK,05/01/2024,57.8,Unknown,53.0,35.32,a,61.0,32.18,D,4.0,unknown,B,7.0,74.27,b,72.0,51.71,b,4.0,47.22,B,46.0,26.05,Unknown,93.0,14.73,a,71.0,50.67,b,2.0,69.25,A,50.0,92.6,b
1833,Bella,SPHYNX,9,2.19,Orange,female,Yes,YES,Unknown,New York,dry,Checkup Needed,,31.98,Unknown,24.0,44.35, ,70.0,29.41,A,67.0,62.16,B,,59.96,b,34.0,70.15,C,71.0,86.0,b,14.0,36.14,Unknown,36.0,83.72,b,19.0,49.11,C,58.0,6.25,a,65.0,53.51,D
1834,Bella,,0,6.33,,Male,yes,No,,TOKYO,,Checkup Needed,,119.92,B,,45.14,Unknown,71.0,62.16,b,44.0,34.54,B,57.0,41.55,D,58.0,61.05,C,18.0,29.53,B,3.0,24.31,a,28.0,28.03,Unknown,31.0,,B,15.0,31.78,A,26.0,46.33,a
1835,Nala,maine coon,22,3.77,Black,Unknown,no,No,No,Toronto,Mixed,healthy,,3.16,b,66.0,5.19, ,,35.04,b,71.0,86.2,Unknown,37.0,63.86, ,27.0,38.02,a,0.0,51.85,a,95.0,32.21,b,53.0,34.12,B,76.0,47.89,D,47.0,65.49,A,30.0,55.94,C
1836,Oliver, Bengal,13,4.11,Brown,Female,No,YES,No, london,dry,Sick,05/01/2024,50.75,a,67.0,47.25,D,42.0,38.16,a,47.0,54.92,b,53.0,64.66, ,46.0,24.88,D,95.0,15.61,Unknown,43.0,77.19,C,33.0,72.44,D,87.0,29.66,D,63.0,17.18, ,36.0,70.88,a
1837,Tiger,Unknown,22,4.27,Orange,female,Y,Yes,Yes,Toronto,Dry,healthy,,56.71, ,89.0,56.76,C,28.0,23.81,A,31.0,64.34,D,26.0,error,D,,77.39,b,46.0,72.22,Unknown,12.0,43.07,Unknown,38.0,77.34,a,30.0,61.62,a,83.0,68.34,D,66.0,64.92,a
1838,Tiger,PERSIAN,22,4.53,White,Female,Yes,No,No,Berlin,Wet,SICK,Jan 5 2024,12.3,a,52.0,33.96,D,,27.24, ,89.0,27.19,b,60.0,46.12, ,95.0,49.9,D,27.0,98.06,Unknown,99.0,24.56,a,80.0,unknown,A,22.0,55.89,D,18.0,64.11,a,23.0,55.45,b
1839,Simba,Scottish Fold ,0,6.37,Gray,M,no,Yes,Yes,,Dry,healthy,,9.0,A,,52.29,C,10.0,15.51,a,93.0,76.18,D,,23.27,D,,70.65,A,14.0,82.35, ,64.0,46.59,b,89.0,55.53,A,28.0,50.57,Unknown,1.0,61.2,a,8.0,64.75,b
1840,Smokey,Unknown,3,4.36,Mixed,Female,Y,YES,No, london,Wet,SICK,,80.08,C,89.0,22.84,C,49.0,34.18,b,27.0,46.54,Unknown,83.0,69.94, ,79.0,54.1,B,11.0,75.97,Unknown,68.0,17.43, ,46.0,62.51, ,67.0,43.58,B,65.0,30.46,B,95.0,47.09,Unknown
1841,Lucy,Bengal,8,2.48,Brown,Unknown,Yes,Yes,Unknown, london,dry,Checkup Needed,,62.82,Unknown,18.0,45.35,B,14.0,60.79, ,53.0,42.36,Unknown,26.0,34.36,b,30.0,error,a,58.0,68.69, ,30.0,55.39,C,74.0,42.76,a,52.0,64.2,b,58.0,29.45,C,13.0,29.24,C
1842,Leo, Siamese,4,3.95, WHITE,Unknown,Y,No,Yes,New York,dry,Sick,,31.07,C,77.0,102.99, ,44.0,54.85,C,48.0,66.22,D,52.0,,b,68.0,23.41, ,,37.03, ,76.0,68.82,Unknown,29.0,44.3, ,47.0,24.85,a,56.0,32.15,a,35.0,23.04,B
1843,Smokey,,3,5.01,Orange,Female,,,Unknown,Toronto,Mixed,healthy,2024-01-05,62.01,a,38.0,49.06,Unknown,20.0,35.5,b,,80.64,C,,61.38, ,58.0,38.42,a,,35.86, ,57.0,60.93,Unknown,0.0,65.96,a,36.0,29.07, ,72.0,54.98,a,68.0,60.9,b
1844,Kitty,maine coon,22,4.2,,,,,No,,Mixed,Sick,2024/01/05,59.06,A,86.0,37.79,B,45.0,19.77,b,80.0,23.86,b,66.0,46.21, ,31.0,56.55,D,33.0,66.38, ,29.0,66.73,D,62.0,54.25,A,6.0,53.04, ,,66.15,D,26.0,81.0,Unknown
1845,Milo,Unknown,3,3.05,Brown,Female,yes,No,,Berlin,Mixed,Checkup Needed,2024-01-05,35.14,a,30.0,83.98,B,4.0,37.39,Unknown,41.0,27.29,a,12.0,85.49,A,0.0,17.52,C,59.0,59.66, ,16.0,28.75, ,33.0,68.0,Unknown,84.0,58.02,b,70.0,44.19,D,,79.61,B
1846,Luna,Ragdoll ,12,5.19,Orange,Male,,Yes,No,,Wet,,,63.79,b,40.0,46.66,B,70.0,48.93,a,2.0,18.39, ,78.0,118.02,D,,34.65,b,9.0,32.59,D,66.0,44.37,C,3.0,95.59,b,,63.51, ,11.0,50.99,C,9.0,28.69,C
1847,Oliver,Maine Coon,22,7.91,White,M,Y,YES,Unknown,Paris,dry,,,51.4,D,89.0,42.56,a,8.0,65.76,Unknown,13.0,66.92, ,92.0,85.0,a,70.0,32.28,a,66.0,4.14, ,64.0,58.81, ,98.0,54.2,C,65.0,24.79,C,11.0,11.04,a,26.0,65.56,D
1848,Oliver, Scottish Fold,0,3.41,,male,N,NO,Yes,TOKYO,Wet,Sick,,76.43,B,67.0,55.14,D,8.0,73.67,C,76.0,82.05,B,85.0,72.32,Unknown,34.0,37.21,A,45.0,46.1,Unknown,53.0,5.57,a,28.0,42.69,C,58.0,47.73, ,80.0,54.58,B,39.0,56.28,B
1849,Oreo,,9,6.75,Orange,F,yes,YES,Unknown,Berlin,Wet,Healthy,,83.04,A,63.0,42.33,b,,47.01,D,,28.72,A,62.0,60.54,b,0.0,37.75,B,52.0,91.18,Unknown,65.0,35.63,C,45.0,79.86,C,75.0,,D,77.0,66.65,Unknown,57.0,58.08,C
1850,Bella,SCOTTISH FOLD,14,4.54,,,yes,Yes,No,Paris,Mixed,,,56.6,b,89.0,54.62,D,14.0,62.31,A,99.0,53.66,C,97.0,39.7, ,83.0,53.44,A,99.0,51.11,D,65.0,28.46,b,10.0,41.05,D,20.0,53.51,D,97.0,57.63,B,58.0,46.89,B
1851,Bella,persian,16,6.35,black ,female,No,Yes,Unknown,,,SICK,2024/01/05,68.77,B,41.0,66.72,Unknown,35.0,44.88,D,68.0,, ,25.0,64.11, ,81.0,40.02,Unknown,78.0,36.15,B,,47.22,b,38.0,40.77,A,30.0,50.05,A,63.0,73.96,A,88.0,26.94,A
1852,Milo,Bengal,10,8.05,Brown,female,,,Yes,London,,,,62.85,B,39.0,62.56,Unknown,93.0,24.92,a,28.0,51.45,D,1.0,57.47,B,17.0,63.62,Unknown,12.0,79.42,C,21.0,90.67,Unknown,,55.58, ,79.0,29.01,B,5.0,86.01, ,86.0,72.32,A
1853,Chloe,scottish fold,24,4.84,Brown,M,Yes,YES,Yes,Sydney,dry,,2024/01/05,,C,,51.53,b,48.0,73.05,C,98.0,69.16,b,86.0,6.48, ,34.0,71.76,A,81.0,72.57,D,27.0,35.91,b,62.0,55.11,A,88.0,59.09,C,98.0,64.76,Unknown,78.0,35.66,Unknown
1854,Oliver,Unknown,-2,6.94,White,F,N,YES,,Sydney,Dry,,05/01/2024,93.14,C,28.0,72.19,D,52.0,61.51,B,,29.43, ,20.0,65.16,Unknown,16.0,70.72,B,16.0,-5.71,C,33.0,54.32, ,71.0,36.11,B,34.0,63.97,C,87.0,66.31,Unknown,87.0,55.48,b
1855,Lucy,Unknown,0,6.16,Brown,female,N,Yes,,Sydney,wet,Sick,,32.99,b,14.0,55.6,b,66.0,28.63, ,40.0,64.88,B,23.0,75.62, ,35.0,62.26,Unknown,64.0,42.33,A,67.0,46.22,D,45.0,58.55,B,,22.46,a,93.0,91.36,Unknown,,31.31,Unknown
1856,Nala, Abyssinian,23,5.23,Black,male,Y,NO,Unknown,Tokyo,Dry,Checkup Needed,2024-01-05,37.55,a,93.0,52.04,Unknown,41.0,97.07,a,26.0,90.47,D,12.0,22.9,b,54.0,62.42,D,68.0,28.34,Unknown,24.0,47.44,A,65.0,53.48,a,,44.38,a,,57.1,B,48.0,45.71,B
1857,Simba,sphynx,-2,1.91,black ,male,Yes,,No,,dry,,,17.46,B,61.0,45.55,Unknown,25.0,46.5,D,22.0,31.34,A,95.0,48.54,a,22.0,25.73,D,83.0,66.61,B,67.0,60.43,a,19.0,52.63,a,81.0,,A,86.0,39.27, ,,65.47,C
1858,Leo, Siamese,22,5.67,Brown,,yes,Yes,Yes,Paris,dry,Sick,Jan 5 2024,77.5, ,50.0,29.79,Unknown,11.0,28.08,a,88.0,45.87,C,56.0,32.12,C,,,b,51.0,26.23,D,41.0,28.56,b,25.0,73.87,Unknown,92.0,83.23,Unknown,67.0,77.49,A,82.0,53.05, 
1859,Simba,Persian ,23,2.86,White,female,Yes,YES,Yes,New York,Mixed,SICK,,71.56,A,96.0,29.13,C,21.0,unknown, ,53.0,49.64,D,55.0,104.49, ,22.0,68.88,B,25.0,46.66,b,51.0,58.0,C,41.0,81.97,a,73.0,9.88,D,42.0,69.73,Unknown,,68.23,B
1860,Smokey,Unknown,14,4.6,Brown,,yes,Yes,Yes,,dry,Sick,Jan 5 2024,57.62,C,91.0,65.04,D,18.0,42.6,B,33.0,42.31,b,6.0,63.13,b,91.0,61.57,D,8.0,50.28, ,97.0,26.92,b,,71.12,D,80.0,78.16,D,59.0,44.34,C,89.0,49.28,b
1861,Tiger,Unknown,2,5.8,black ,male,Yes,,Yes,Berlin,,Healthy,05/01/2024,12.48,B,42.0,49.22,C,57.0,11.87, ,,53.77,B,96.0,23.15,b,83.0,33.21,B,15.0,81.15,C,1.0,46.1,Unknown,15.0,70.6,D,,83.79,B,68.0,83.05,B,73.0,39.35,b
1862,Leo,persian,2,2.59,Brown,male,no,NO,Unknown,,Dry,Sick,,27.34,A,,64.8,C,60.0,29.97,A,49.0,41.03,C,81.0,20.24,D,57.0,62.43,D,62.0,23.81,Unknown,51.0,77.33,D,86.0,24.36,C,25.0,30.85,Unknown,13.0,27.49,D,52.0,22.79,C
1863,Milo,,1,4.34,Orange,F,yes,YES,No,Berlin,wet,Checkup Needed,05/01/2024,63.08,b,35.0,62.79,C,,50.25,C,,58.78,D,,40.75,Unknown,2.0,N/A,b,34.0,64.88,B,81.0,48.8,b,86.0,33.61,B,20.0,error,B,97.0,-14.82,b,43.0,82.52,C
1864,Luna, British Shorthair,3,4.73, WHITE,M,Yes,No,No,Tokyo,,SICK,,49.41,a,,55.64,D,34.0,31.48,A,44.0,46.19,b,41.0,32.63,A,67.0,49.03,C,61.0,41.81,a,80.0,47.86,D,87.0,11.13,D,54.0,24.02,A,83.0,37.48, ,28.0,11.21,A
1865,Milo,Unknown,16,4.09,Orange,Male,,No,Unknown,Berlin,wet,SICK,2024/01/05,33.79,a,91.0,43.48,B,18.0,40.78, ,35.0,80.15,Unknown,18.0,33.45,a,2.0,29.68,b,60.0,65.08,D,21.0,45.66,b,26.0,63.2,C,41.0,32.7,A,29.0,20.09,A,6.0,33.87,a
1866,Luna,Sphynx,8,6.9,,male,No,Yes,Yes,Paris,wet,,2024-01-05,39.51,b,44.0,61.52,a,48.0,84.56,A,7.0,20.75, ,41.0,87.92,B,68.0,32.42,B,45.0,39.34,A,85.0,32.04,B,28.0,50.38,a,77.0,32.52,B,50.0,38.82, ,43.0,68.57,Unknown
1867,Nala,Persian,18,5.42,Orange,M,No,NO,Yes,London,wet,healthy,2024-01-05,2.05,Unknown,29.0,33.36,D,4.0,22.62,Unknown,91.0,74.31,a,23.0,45.39,B,31.0,38.37,D,13.0,63.54,C,95.0,43.15, ,45.0,59.33,B,73.0,58.76,A,70.0,22.88,B,52.0,61.67,B
1868,Nala, Ragdoll,14,5.78,White,Female,no,No,Yes,Sydney,Wet,Checkup Needed,2024-01-05,31.13, ,16.0,28.09,C,95.0,45.42, ,37.0,34.45, ,5.0,65.06, ,74.0,63.19,C,11.0,38.08,C,,59.58,Unknown,72.0,78.58,D,70.0,55.75,A,44.0,77.23,C,18.0,39.67,A
1869,Chloe, British Shorthair,11,5.25,White,,No,YES,No,Toronto,dry,Sick,05/01/2024,30.53,b,76.0,30.49,C,16.0,39.41,C,59.0,42.55,A,7.0,41.67, ,89.0,31.17,D,48.0,62.68,A,4.0,64.96,Unknown,67.0,65.7,b,98.0,79.54,B,34.0,76.74,Unknown,94.0,56.92,A
1870,Bella,BENGAL,13,3.68,Black,female,no,Yes,No,Tokyo,dry,healthy,,53.98,Unknown,14.0,53.84,D,21.0,51.96,Unknown,5.0,46.1,C,80.0,74.77,Unknown,87.0,61.96,A,86.0,28.32,C,83.0,56.88,A,,54.52, ,14.0,85.96,Unknown,81.0,36.1,D,12.0,43.56,a
1871,Leo, Scottish Fold,3,6.38,Gray,Unknown,Yes,NO,,New York,dry,healthy,,66.07,a,11.0,17.8,A,81.0,18.49,a,53.0,59.04,C,98.0,59.39,B,83.0,52.2,B,69.0,78.14,a,54.0,29.39,Unknown,45.0,65.46,A,29.0,43.79,a,,46.29,C,58.0,90.52,A
1872,Chloe,Abyssinian,7,5.83,White,female,,No,Yes,Paris,Wet,Checkup Needed,Jan 5 2024,34.95,B,1.0,50.37,Unknown,17.0,50.01,A,51.0,77.41,b,68.0,60.29,Unknown,25.0,104.95,C,,60.65,A,32.0,37.3,A,21.0,61.63,A,85.0,74.0, ,18.0,12.42,Unknown,94.0,117.48,C
1873,Tiger,Unknown,19,5.44,Mixed,,N,NO,Yes,Sydney,Wet,healthy,,55.78,b,74.0,53.62,a,39.0,20.0, ,22.0,69.28, ,68.0,35.78,b,68.0,53.35,a,14.0,78.86,A,1.0,70.8,Unknown,,61.16, ,40.0,54.13,B,48.0,42.45,B,87.0,74.99,D
1874,Chloe,Unknown,21,4.27,Black,Male,Y,YES,Yes,London,wet,SICK,2024/01/05,48.84,b,2.0,34.89,b,84.0,54.94,D,14.0,75.46,D,24.0,39.46,Unknown,49.0,18.23,A,16.0,67.07, ,35.0,68.98,b,12.0,76.07,A,74.0,67.53, ,9.0,66.13, ,24.0,58.76,D
1875,Leo,scottish fold,11,5.07,,F,N,,Yes,Berlin,wet,Checkup Needed,2024/01/05,29.24, ,53.0,43.41,a,5.0,49.3,C,96.0,57.28,C,21.0,54.14,D,55.0,47.13,Unknown,65.0,15.31,C,23.0,39.6,Unknown,7.0,70.6,b,67.0,20.96,D,63.0,69.19, ,41.0,92.64,a
1876,Milo,Unknown,21,5.54, WHITE,Female,yes,,Unknown,London,Mixed,healthy,2024/01/05,51.1, ,5.0,56.05,C,0.0,48.58,A,9.0,22.79,D,4.0,56.8,C,86.0,19.62,B,63.0,67.69,a,26.0,19.38,Unknown,75.0,91.45,D,17.0,46.64,D,62.0,30.62,b,14.0,39.81,Unknown
1877,Tiger, British Shorthair,-1,4.41,,Unknown,No,Yes,Yes,,wet,Healthy,,60.66,Unknown,85.0,35.58,a,69.0,38.55,B,18.0,47.38,b,76.0,58.2, ,99.0,77.21, ,6.0,43.2,C,93.0,50.38,Unknown,52.0,35.81,D,27.0,51.3,Unknown,57.0,33.74,D,68.0,45.15,Unknown
1878,Luna, Sphynx,9,5.58,White,M,N,No,Unknown,Paris,Wet,healthy,,41.2,D,13.0,66.97,B,28.0,6.58,Unknown,62.0,64.08,A,29.0,34.61, ,,58.43,a,84.0,67.01,D,48.0,54.18,Unknown,,32.21,a,72.0,41.34, ,69.0,50.9, ,38.0,47.07,B
1879,Oreo,ABYSSINIAN,0,7.0,black ,Female,yes,YES,Unknown,Toronto,wet,,05/01/2024,30.26,B,44.0,85.73, ,14.0,78.74,a,,18.37, ,16.0,13.67,D,34.0,43.03,a,77.0,36.45,Unknown,65.0,33.98,a,9.0,53.67,D,37.0,26.41,a,57.0,35.18,B,61.0,38.13,D
1880,Kitty, Sphynx,22,5.27,Black,,Y,NO,Unknown,Paris,Mixed,Healthy,2024-01-05,36.31,D,59.0,82.51,B,70.0,,D,52.0,33.17,b,55.0,75.18,A,88.0,93.74,b,75.0,42.36, ,50.0,48.04,b,18.0,63.84,B,60.0,58.11,B,,57.27,A,63.0,46.96,C
1881,Milo,MAINE COON,11,5.95,,F,Y,No,Unknown,Paris,dry,Healthy,Jan 5 2024,32.31,Unknown,64.0,64.27,B,50.0,50.88,C,64.0,31.9,B,8.0,35.76,C,12.0,63.36,Unknown,47.0,45.31,A,81.0,41.09,C,79.0,29.04,b,16.0,70.32,C,34.0,76.31,D,4.0,55.99,A
1882,Kitty, Persian,5,4.04,black ,female,no,YES,No,London,wet,SICK,,66.39,b,81.0,49.03,A,12.0,50.65, ,1.0,60.84,Unknown,67.0,6.94, ,39.0,68.08,a,76.0,83.37,b,29.0,59.34,b,3.0,30.21,D,1.0,101.61,A,4.0,63.95,a,47.0,63.09,B
1883,Shadow, Scottish Fold,22,1.77,black ,Female,Y,NO,Yes,,wet,Healthy,,60.85,Unknown,94.0,17.2,C,99.0,83.62,B,70.0,37.61,B,2.0,42.38, ,60.0,7.44,B,10.0,42.92,Unknown,91.0,73.31,b,47.0,44.3,C,80.0,-6.27,C,88.0,32.55,b,83.0,45.68,a
1884,Bella,Sphynx,-1,4.31,Mixed,male,N,No,Unknown,TOKYO,Mixed,SICK,Jan 5 2024,46.15,D,68.0,40.86,a,10.0,26.61,a,13.0,68.76,B,8.0,52.34, ,90.0,25.73,A,17.0,64.13,a,86.0,62.53,D,75.0,65.2,b,92.0,69.13,B,7.0,9.55,D,30.0,33.89,A
1885,Smokey,BENGAL,1,5.84, WHITE,Female,No,No,Unknown,Paris,wet,healthy,,54.17,Unknown,50.0,61.55,C,27.0,57.03, ,45.0,47.67,B,45.0,25.18,D,99.0,68.33,B,92.0,36.39,B,42.0,error,a,92.0,61.54,a,37.0,72.42,b,71.0,81.44,C,69.0,56.36,b
1886,Tiger, Bengal,16,4.66,Black,Male,,,No,London,,healthy,2024/01/05,42.54,B,68.0,74.56,Unknown,94.0,42.73,D,61.0,49.09,D,26.0,41.27,C,62.0,39.91,a,,37.65,a,95.0,45.34,D,80.0,77.72,Unknown,10.0,48.75,D,8.0,31.24,D,44.0,65.38,D
1887,Chloe,Persian ,12,4.97,black ,Unknown,no,YES,Unknown,Berlin,Wet,Checkup Needed,05/01/2024,error,C,84.0,77.92,A,8.0,41.15,C,86.0,48.72,B,,55.27,A,77.0,39.57,D,39.0,50.24,a,68.0,62.87, ,38.0,14.04, ,,70.04,D,78.0,54.33,D,16.0,39.37,B
1888,Simba,ragdoll,6,4.69,Brown,Female,,YES,Unknown,Tokyo,dry,healthy,,45.13,B,35.0,70.41,A,19.0,50.89,B,77.0,72.65,b,34.0,84.11,Unknown,53.0,49.31,B,,31.22,b,85.0,48.78,a,,61.2,B,40.0,65.92,A,58.0,25.25,A,81.0,54.01,D
1889,Luna,,21,7.48,Black,F,yes,,Yes,Berlin,,Healthy,05/01/2024,59.03,B,75.0,74.4, ,94.0,41.31,D,37.0,90.94,C,77.0,83.68,Unknown,53.0,86.43,a,69.0,39.73,b,38.0,75.53,a,68.0,53.01,b,15.0,77.51,Unknown,11.0,63.21,Unknown,92.0,46.27,A
1890,Lucy,Scottish Fold,-1,3.51,Gray,F,no,Yes,,TOKYO,dry,Healthy,,52.31,D,86.0,23.7,A,10.0,-4.75, ,,44.12,b,,80.85,D,,53.26,D,16.0,25.01,a,75.0,60.8,b,69.0,62.93,Unknown,50.0,59.21, ,55.0,40.69,A,73.0,94.22,a
1891,Milo,siamese,8,2.52,Black,Female,Y,Yes,,TOKYO,dry,healthy,,32.93,D,78.0,74.99, ,60.0,68.63,A,95.0,47.25,B,37.0,31.15,Unknown,33.0,6.29,C,99.0,-18.11,C,67.0,25.23,b,49.0,43.33, ,8.0,50.42,B,91.0,48.25,B,79.0,11.34, 
1892,Loki,persian,13,5.48,Gray,male,yes,NO,Yes,TOKYO,Dry,SICK,Jan 5 2024,49.63,C,77.0,67.01,D,1.0,27.54,Unknown,3.0,59.13,a,45.0,43.78,a,9.0,32.49,A,35.0,38.88,C,52.0,43.94,D,73.0,55.77,b,,48.39, ,19.0,71.99,A,94.0,59.7,B
1893,Smokey,Maine Coon,13,4.28, WHITE,F,No,Yes,Yes,TOKYO,Mixed,Checkup Needed,,31.08,Unknown,81.0,62.19,C,73.0,20.27, ,25.0,41.02,D,56.0,36.93,B,3.0,55.18, ,57.0,24.99,C,77.0,45.01,Unknown,4.0,18.31,b,87.0,24.07,b,8.0,65.49, ,,43.88,A
1894,Shadow,Unknown,7,4.63,Mixed,M,Y,YES,,Toronto,Mixed,healthy,Jan 5 2024,54.27,C,47.0,77.21,D,88.0,28.65,C,3.0,15.47,C,70.0,30.6,C,,51.85,a,94.0,65.24,B,29.0,30.16,A,,36.39,Unknown,14.0,20.45,a,56.0,36.75,B,21.0,86.07,a
1895,Oreo,Unknown,11,2.62,White,Female,,Yes,Unknown,Berlin,wet,,,33.89, ,9.0,47.25,A,86.0,44.5,b,51.0,49.94,a,2.0,29.62,B,,55.83,A,,67.24,Unknown,78.0,43.43,a,,41.93,a,39.0,57.4,C,,66.83,B,8.0,31.65, 
1896,Tiger,british shorthair,4,4.94,Black,male,yes,YES,Unknown,Sydney,,,2024/01/05,38.71,B,55.0,30.96,a,82.0,63.41, ,51.0,68.42,A,58.0,70.2,Unknown,38.0,57.41,A,65.0,45.57,A,,68.11,D,82.0,0.65,a,76.0,33.36,C,10.0,75.61,D,52.0,50.51,a
1897,Tiger, Sphynx,24,5.11,Gray,F,N,No,Yes,Paris,Wet,Healthy,,23.16, ,65.0,37.02,b,45.0,12.1,A,2.0,52.24,C,90.0,23.05,a,82.0,22.13,C,49.0,46.64,a,25.0,84.74,Unknown,58.0,52.59,b,51.0,42.21,Unknown,33.0,42.18,D,46.0,59.29, 
1898,Bella,SCOTTISH FOLD,-2,0.94,Mixed,Unknown,No,Yes,,Paris,Wet,SICK,2024/01/05,43.26, ,18.0,62.28,D,19.0,60.26,B,76.0,28.93,Unknown,31.0,31.26,a,9.0,66.0,a,61.0,41.49,D,83.0,72.84, ,60.0,47.83,A,22.0,51.58,C,,71.55,A,73.0,46.7,a
1899,Milo,Abyssinian,22,4.47, WHITE,male,no,Yes,No,Toronto,Wet,healthy,Jan 5 2024,80.91,C,51.0,58.39, ,66.0,79.12,b,34.0,41.97, ,92.0,54.65, ,28.0,77.73,C,63.0,46.5,a,11.0,40.14,B,71.0,43.31,a,95.0,52.42,Unknown,54.0,77.04,B,17.0,63.28,A
1900,Tiger, Maine Coon,18,7.66,Black,male,N,YES,Unknown,TOKYO,Mixed,Sick,2024/01/05,51.49,a,45.0,33.5,A,6.0,39.16,b,69.0,57.95, ,18.0,20.13,D,,26.99,D,56.0,50.21,C,65.0,44.55,b,69.0,40.48,a,54.0,38.71,Unknown,30.0,29.19,a,,49.95,B
1901,Kitty,Maine Coon,4,2.73,Orange,Male,no,Yes,Yes,Paris,Wet,SICK,,82.94,B,87.0,39.38,B,15.0,-7.1, ,9.0,54.68, ,57.0,25.67,C,,60.2,a,15.0,34.8, ,,59.6,A,52.0,41.81,Unknown,57.0,87.11,B,96.0,64.67,D,,59.37,A
1902,Smokey, Siamese,12,6.28,Gray,F,No,No,Unknown,Berlin,Mixed,SICK,,49.68,C,61.0,56.31,A,11.0,47.24,a,60.0,8.71,C,66.0,22.42,b,54.0,44.01,C,50.0,,b,,53.62,B,88.0,66.24,B,93.0,26.22, ,32.0,67.76,A,64.0,64.12,C
1903,Chloe,Unknown,4,2.26,White,M,N,NO,Yes,Berlin,,Healthy,2024/01/05,70.45,Unknown,92.0,90.07, ,11.0,40.44,A,59.0,54.63,A,66.0,15.28,a,29.0,57.46,a,64.0,42.58,A,74.0,43.62, ,27.0,69.74,Unknown,17.0,57.56,Unknown,69.0,42.58,Unknown,,75.47,B
1904,Bella,SPHYNX,-1,4.67,White,female,No,NO,,,wet,,05/01/2024,86.5,D,59.0,43.38,B,8.0,72.43,Unknown,94.0,27.74,b,60.0,40.97,a,18.0,21.31,A,14.0,45.5,A,,69.39, ,,41.24,B,7.0,44.48,D,78.0,41.04,B,94.0,44.47,B
1905,Loki,British Shorthair,24,5.45, WHITE,female,Y,Yes,,London,Mixed,SICK,2024/01/05,53.62,D,21.0,35.81,B,70.0,38.64,Unknown,49.0,36.11,C,22.0,39.66, ,62.0,36.0,b,37.0,38.95,Unknown,25.0,90.02,D,13.0,35.49,b,12.0,53.25,C,,67.48,A,19.0,45.22, 
1906,Loki,SPHYNX,24,3.73,Gray,M,yes,NO,Yes,Sydney,Dry,,2024/01/05,N/A,A,47.0,49.13,D,9.0,50.66,Unknown,34.0,63.09,C,64.0,58.51,b,54.0,,C,32.0,62.1,C,59.0,4.11,b,3.0,1.73,B,14.0,51.98,Unknown,18.0,74.11,a,35.0,49.65,a
1907,Loki,Scottish Fold,12,3.5,White,,No,NO,,London,Dry,Checkup Needed,,51.18, ,4.0,85.01,a,80.0,82.4,B,87.0,78.32,A,83.0,65.14,b,8.0,28.78,b,12.0,75.55,Unknown,40.0,74.9,Unknown,,43.65,b,68.0,37.11, ,,80.3,A,6.0,47.64,A
1908,Simba,,24,5.51,Brown,Male,,NO,No,Toronto,Wet,healthy,2024-01-05,1.13,A,64.0,47.15,C,35.0,35.74,C,,,Unknown,96.0,39.06,a,53.0,52.51,A,80.0,54.58,A,,50.49,b,7.0,error,C,93.0,43.5,B,93.0,47.42,D,67.0,47.71,B
1909,Oliver,sphynx,17,3.03,black ,M,yes,YES,Unknown,Sydney,,Checkup Needed,2024/01/05,59.83,Unknown,42.0,74.99,A,12.0,47.17,A,45.0,68.41,C,93.0,27.11,B,51.0,30.68, ,62.0,35.07,A,,52.59, ,69.0,54.34,a,,86.27,A,45.0,57.11,Unknown,,46.96,D
1910,Oliver,Unknown,-2,1.07,Mixed,Female,No,,No,Tokyo,dry,Healthy,,65.22,C,66.0,44.05,C,61.0,61.09,A,57.0,51.09,Unknown,58.0,18.87,D,69.0,63.39,Unknown,17.0,19.36,C,13.0,46.42,A,12.0,55.25,a,34.0,42.24,C,80.0,58.23,C,96.0,64.43,B
1911,Kitty,Sphynx ,12,2.54,Brown,Male,,No,No,Paris,wet,Checkup Needed,05/01/2024,49.1, ,84.0,72.23,A,15.0,38.39,Unknown,,95.7,b,39.0,45.53,A,42.0,16.66,b,70.0,31.28,D,49.0,75.37,C,82.0,52.89,Unknown,37.0,65.12,C,48.0,32.88,b,10.0,60.68,a
1912,Bella, Bengal,5,3.78,black ,female,Yes,,Unknown,London,Dry,Sick,,47.92,D,3.0,58.29,b,63.0,52.44,b,67.0,89.33,A,18.0,53.86,Unknown,53.0,14.72,A,89.0,error,C,4.0,62.45,B,14.0,109.74,A,,-6.62, ,74.0,81.54,Unknown,2.0,43.44,C
1913,Chloe, Siamese,15,5.59,White,male,No,NO,,New York,,healthy,,103.27, ,84.0,90.17,D,99.0,60.8,Unknown,43.0,67.58,b,58.0,65.08, ,68.0,35.2,C,7.0,32.05,B,2.0,45.43, ,12.0,16.32,B,28.0,27.32, ,21.0,46.28, ,13.0,75.23,B
1914,Lucy,Persian,5,2.93, WHITE,Unknown,yes,Yes,Yes, london,wet,Checkup Needed,2024-01-05,26.12,A,96.0,55.75,Unknown,9.0,38.35,D,1.0,14.87,Unknown,89.0,45.85,Unknown,53.0,74.38,C,5.0,47.47,b,7.0,23.34,D,46.0,76.99, ,96.0,41.59,B,6.0,-13.31,C,31.0,35.08,a
1915,Lucy,SIAMESE,-1,3.8,Brown,Male,N,YES,Yes,London,Mixed,,05/01/2024,48.07,Unknown,70.0,54.86,Unknown,61.0,25.0,A,72.0,N/A,b,38.0,60.8,a,0.0,58.37,A,89.0,51.81,Unknown,78.0,41.5,Unknown,17.0,36.32,A,67.0,38.1,b,97.0,56.02,D,,75.05, 
1916,Oreo,PERSIAN,3,3.37,Brown,male,,,,,Dry,Healthy,,50.17,b,,58.97,D,90.0,20.15,C,44.0,18.3,A,33.0,31.05,D,11.0,38.74,b,11.0,33.48,Unknown,80.0,63.8,b,,54.65,D,10.0,41.67,a,83.0,41.51,B,,N/A, 
1917,Lucy,Sphynx,3,1.94,Brown,,no,YES,Unknown,Tokyo,Dry,Healthy,05/01/2024,81.32,Unknown,27.0,59.57,b,24.0,69.66,b,51.0,31.45,D,71.0,31.97,D,89.0,18.46,Unknown,71.0,50.58,Unknown,37.0,6.51,b,5.0,67.17,Unknown,78.0,63.28,A,45.0,29.45,C,10.0,67.2,A
1918,Oreo,Persian,4,2.5,black ,Unknown,no,Yes,No,Toronto,Dry,Sick,05/01/2024,35.54,b,81.0,58.25,D,12.0,52.93,Unknown,43.0,35.96,D,83.0,54.88, ,18.0,51.58, ,29.0,73.7,b,22.0,16.42,a,61.0,36.82,C,18.0,62.27, ,42.0,47.87,D,69.0,77.93,C
1919,Leo,persian,11,1.93,Brown,,yes,No,Yes,TOKYO,Wet,healthy,05/01/2024,64.66,b,44.0,51.44,C,4.0,30.04,a,11.0,48.72,D,82.0,48.53,a,21.0,25.95,b,7.0,21.21, ,,38.32,a,57.0,42.82, ,85.0,42.84,C,15.0,67.12,a,42.0,45.33,A
1920,Luna, Maine Coon,21,4.35,Brown,,No,YES,,Tokyo,Dry,Healthy,,15.83,B,68.0,82.58,Unknown,54.0,67.97,b,73.0,38.55,B,15.0,70.42,C,32.0,41.98,a,,49.73,C,40.0,64.2,D,44.0,42.47,b,94.0,43.46, ,21.0,82.08,a,34.0,66.12, 
1921,Nala,Siamese ,10,37.32,Mixed,F,,No,,Sydney,Dry,SICK,,62.36, ,62.0,19.31,C,64.0,25.14,D,89.0,49.85,b,70.0,31.15,a,53.0,46.1, ,60.0,66.88,C,,58.03,b,14.0,38.5,a,51.0,71.7, ,52.0,36.15,D,84.0,69.95,A
1922,Tiger,Maine Coon,7,1.87,black ,,Y,NO,,London,Wet,Sick,,60.13,C,40.0,unknown,b,78.0,65.7, ,23.0,56.53,Unknown,42.0,41.25,a,,79.84,a,83.0,47.29, ,81.0,48.81,B,29.0,55.23,C,68.0,36.26,b,,70.34,Unknown,49.0,68.25,B
1923,Nala,abyssinian,11,4.19,,,No,NO,,New York,Wet,Healthy,,27.09,A,92.0,23.56,D,5.0,42.89,A,,42.35,a,,58.0,C,60.0,26.45,a,26.0,11.84,a,58.0,60.76,C,59.0,error,Unknown,8.0,24.46,D,8.0,80.18,Unknown,57.0,48.76,B
1924,Milo,Siamese,21,2.22, WHITE,Female,N,NO,,Sydney,Wet,,2024/01/05,6.78,a,51.0,35.85,A,49.0,72.67,B,26.0,11.58,D,77.0,55.61,a,84.0,58.12,a,60.0,51.19,D,,45.09,C,50.0,69.64,b,91.0,53.48,a,49.0,46.43,b,97.0,62.97,b
1925,Nala,Siamese ,22,2.88,black ,M,Y,NO,Yes,Sydney,Wet,healthy,,27.96,B,29.0,28.96, ,68.0,63.57,Unknown,,51.16,b,,45.21, ,28.0,24.78,Unknown,83.0,19.96,C,22.0,36.95,D,42.0,58.36,B,87.0,43.56,b,90.0,65.13,D,14.0,41.18,Unknown
1926,Simba,siamese,7,4.83,Orange,Female,Yes,No,No,Paris,Dry,SICK,Jan 5 2024,48.56, ,83.0,60.17,b,34.0,40.62,A,30.0,57.84,a,47.0,39.53,A,32.0,62.75,C,48.0,73.31, ,,63.24,a,72.0,5.6,Unknown,37.0,69.78,C,47.0,54.05,D,0.0,70.53, 
1927,Bella, Siamese,2,5.25,Black,Unknown,N,,No,New York,,,05/01/2024,38.25,A,33.0,60.08,A,16.0,18.09, ,79.0,48.44,B,16.0,48.58,D,50.0,37.08,D,61.0,33.46,a,98.0,48.79, ,54.0,error,A,81.0,72.65,B,43.0,78.49,B,5.0,54.14,a
1928,Simba,British Shorthair,3,1.73,black ,female,N,NO,Yes,TOKYO,Dry,Healthy,05/01/2024,59.8,a,67.0,48.97,C,,39.4, ,77.0,26.67,a,83.0,66.26,Unknown,43.0,71.54,b,40.0,50.77,B,1.0,48.55, ,39.0,27.62,A,41.0,90.47,b,85.0,61.73,D,39.0,55.33,b
1929,Shadow, Siamese,22,6.85,Brown,Female,Y,NO,Unknown,New York,wet,SICK,,39.95,a,13.0,17.09,b,23.0,56.04,C,,112.74,A,54.0,42.1,C,1.0,65.22,a,75.0,39.33, ,,63.68,a,86.0,64.62,a,47.0,80.82,C,48.0,58.29,A,4.0,50.23,Unknown
1930,Loki,Scottish Fold ,9,3.42, WHITE,Female,no,,No,Paris,Wet,Healthy,2024/01/05,59.74,b,63.0,31.87,A,70.0,65.0,Unknown,82.0,55.09,a,,71.95,Unknown,,28.38, ,1.0,34.7,Unknown,42.0,-9.12,C,69.0,25.04,b,13.0,43.15,a,98.0,48.63,Unknown,80.0,48.77,A
1931,Luna,Maine Coon ,20,4.25, WHITE,F,yes,,No,London,Wet,,,36.53,b,77.0,65.36,b,51.0,59.45,B,65.0,52.39,b,11.0,68.84,a,92.0,58.55,a,,38.67,a,62.0,62.78,A,17.0,64.61,C,,48.73,Unknown,54.0,43.93,b,,54.53,B
1932,Simba,siamese,22,2.16,black ,Female,Y,NO,No,Paris,Dry,SICK,2024/01/05,80.42, ,52.0,56.76,D,60.0,62.56,B,41.0,12.73, ,45.0,51.95,C,53.0,76.41,B,97.0,56.31,Unknown,29.0,65.09,C,51.0,36.2,Unknown,59.0,38.8,D,82.0,80.16, ,44.0,73.68,C
1933,Oreo,Unknown,3,4.05, WHITE,Unknown,No,Yes,Unknown,Berlin,dry,healthy,Jan 5 2024,33.88,D,3.0,86.5,D,31.0,N/A,A,26.0,52.66,a,26.0,64.32,a,41.0,46.54,b,62.0,65.62,b,37.0,40.66,A,9.0,56.62,Unknown,99.0,30.51,a,15.0,error,b,10.0,28.46,C
1934,Oliver,British Shorthair ,6,4.9,black ,Unknown,no,,,London,dry,Sick,05/01/2024,49.33,C,60.0,19.17,B,4.0,48.39,a,64.0,39.81,Unknown,37.0,29.53,a,50.0,42.47,Unknown,,71.07, ,14.0,50.8, ,,36.86,Unknown,21.0,57.39,A,93.0,49.67,a,,58.77,B
1935,Tiger,Maine Coon,6,4.31,White,Unknown,yes,YES,,Sydney,Dry,healthy,,68.45,D,63.0,87.69,A,4.0,54.16,D,54.0,112.6,Unknown,95.0,56.24,B,,64.14,D,73.0,74.12,A,0.0,N/A,b,76.0,28.88, ,,31.7,a,45.0,82.11,Unknown,41.0,38.07,b
1936,Leo,Abyssinian,18,5.92,Orange,female,N,No,No,Sydney,dry,SICK,2024/01/05,41.39, ,21.0,74.73, ,,63.71,D,53.0,58.24,A,24.0,15.18,D,90.0,30.2, ,31.0,92.43,A,20.0,35.59,b,63.0,57.77,B,,31.98,Unknown,53.0,51.93,A,18.0,70.13,a
1937,Shadow,abyssinian,19,7.87,black ,F,,NO,Unknown,Sydney,wet,Sick,,85.58,a,41.0,44.8,B,73.0,43.63,B,84.0,37.38,b,8.0,46.86,D,65.0,31.58,b,66.0,47.71, ,62.0,63.19,Unknown,61.0,60.18, ,35.0,38.97,a,97.0,56.87,C,18.0,56.08,Unknown
1938,Bella,Unknown,0,4.0,White,,No,NO,Unknown,Berlin,,SICK,2024-01-05,34.75,D,61.0,52.74,b,51.0,60.24,C,26.0,58.02, ,79.0,68.66,B,29.0,53.88,b,15.0,70.38,a,15.0,61.79,D,43.0,64.37,B,13.0,32.43,D,,25.4,b,80.0,23.49,b
1939,Loki,BRITISH SHORTHAIR,12,6.45,Mixed,Male,Y,YES,No,New York,,Healthy,05/01/2024,unknown,B,3.0,20.59,D,83.0,51.35,B,37.0,48.55,D,,43.26,B,99.0,71.84,B,3.0,44.99,D,99.0,62.75,B,,44.08,b,61.0,81.92,D,93.0,41.66, ,1.0,45.35,Unknown
1940,Luna,ABYSSINIAN,-1,4.75,Orange,F,yes,Yes,,Sydney,Wet,SICK,Jan 5 2024,74.7,a,24.0,42.15, ,4.0,49.07,b,1.0,41.51, ,39.0,58.19,B,33.0,38.97, ,99.0,8.91,B,71.0,34.51,Unknown,97.0,45.5,Unknown,83.0,39.83,B,,40.76,B,13.0,49.83, 
1941,Lucy,Unknown,24,4.1,Black,male,,Yes,Unknown,Tokyo,Mixed,SICK,Jan 5 2024,90.56,C,7.0,26.18,Unknown,47.0,46.15,C,27.0,36.82,B,68.0,58.42, ,35.0,50.97,B,37.0,62.75,C,3.0,,A,21.0,58.87,B,62.0,42.06,C,61.0,71.58,A,62.0,67.04,Unknown
1942,Chloe, Abyssinian,11,4.16,Brown,M,Y,,Unknown,Berlin,wet,,,85.92,A,65.0,4.9,a,14.0,92.86, ,88.0,64.33,B,13.0,58.36,A,31.0,75.99,C,,62.7,C,77.0,51.84, ,84.0,64.2,B,,39.52,B,92.0,69.82,B,6.0,25.78, 
1943,Loki,sphynx,-1,4.61,Orange,M,Yes,No,,London,dry,Healthy,,58.48, ,18.0,56.19,D,,48.33,b,4.0,18.82,b,45.0,72.47,C,69.0,71.79,C,70.0,56.9,Unknown,30.0,47.62,C,54.0,43.76,B,43.0,68.62, ,57.0,78.48, ,32.0,42.25,Unknown
1944,Bella,siamese,5,3.11,White,Male,,NO,,Berlin,,,,37.52,a,43.0,69.35,a,16.0,67.41,Unknown,69.0,54.53, ,38.0,65.11,C,93.0,65.42,a,95.0,60.78,D,21.0,,C,82.0,35.58,D,68.0,55.68,Unknown,40.0,21.67,A,90.0,57.03,A
1945,Chloe,,10,5.4,Black,male,,NO,,London,wet,healthy,2024/01/05,56.73,D,,51.72,Unknown,91.0,63.86,b,39.0,41.0, ,29.0,43.79,a,47.0,37.24,D,25.0,29.54,C,,82.23,b,90.0,79.34,D,,73.4,a,34.0,55.76,C,17.0,59.41,B
1946,Nala,Unknown,7,5.24,Mixed,Male,N,YES,Yes,,,Sick,,51.39,Unknown,22.0,54.38,C,55.0,17.12,b,49.0,81.19,A,,66.13,Unknown,27.0,24.4,a,65.0,21.91,A,43.0,23.32,A,63.0,37.57,a,1.0,19.27,Unknown,71.0,34.71,Unknown,18.0,47.09,a
1947,Milo,SPHYNX,12,2.15,Black,male,no,NO,Yes,Paris,Dry,Healthy,2024-01-05,83.94,B,12.0,error,B,28.0,54.57,A,53.0,68.8,B,8.0,50.07,Unknown,68.0,56.94,D,72.0,55.44,A,63.0,40.15,B,43.0,58.85, ,29.0,25.89,C,17.0,33.21,C,22.0,70.36,D
1948,Loki,ABYSSINIAN,10,4.97,Gray,M,Y,YES,,TOKYO,,Checkup Needed,05/01/2024,48.38,D,46.0,45.74,Unknown,,47.35,A,14.0,74.31,A,87.0,50.71, ,69.0,81.33,a,50.0,26.28,D,13.0,44.32,B,94.0,59.14,a,30.0,16.96,b,,26.23,Unknown,80.0,42.73,B
1949,Nala,Persian,21,7.08,Gray,F,Yes,,Unknown,Sydney,Dry,,2024-01-05,34.45,C,26.0,50.05,Unknown,,50.08,C,64.0,39.6,A,23.0,unknown,C,2.0,24.49,a,,69.59,A,,57.99,A,66.0,32.99, ,24.0,34.74,C,39.0,51.9,D,51.0,unknown,b
1950,Luna,persian,14,4.72,Orange,Unknown,yes,Yes,No,Tokyo,Wet,Sick,2024/01/05,66.57,B,,43.61,b,98.0,49.17,C,,25.32, ,2.0,23.08,D,55.0,7.59,B,,48.51, ,84.0,71.16,A,24.0,67.95,Unknown,20.0,15.33, ,99.0,38.53,Unknown,,51.06,A
1951,Milo,Unknown,20,1.86,Mixed,M,no,YES,No,,Dry,Healthy,Jan 5 2024,59.1,b,29.0,77.75,Unknown,2.0,61.34,a,38.0,69.55,Unknown,95.0,56.0,a,70.0,52.16,Unknown,40.0,42.41,A,88.0,42.69,A,79.0,66.35,a,47.0,76.74,a,7.0,29.26,A,27.0,40.13,C
1952,Milo,Unknown,1,4.23,Mixed,Unknown,Yes,Yes,Unknown,,Dry,healthy,Jan 5 2024,55.63,A,52.0,65.29,B,27.0,22.85,a,43.0,47.08,C,34.0,7.0,C,1.0,48.59,a,57.0,-23.0,C,40.0,42.6,b,53.0,58.57,A,78.0,44.67,a,85.0,55.93,C,22.0,31.19,b
1953,Nala,maine coon,0,5.12,Black,female,Y,NO,Unknown,Sydney,dry,Sick,Jan 5 2024,57.03,b,92.0,64.52,a,33.0,53.06,Unknown,41.0,53.19,C,71.0,49.33,C,82.0,49.6,D,99.0,37.62,b,81.0,39.64,Unknown,3.0,67.48,Unknown,17.0,41.73,b,59.0,61.47,A,7.0,42.02,B
1954,Shadow,,24,5.1,,female,,No,Unknown,Toronto,wet,Healthy,,68.75,B,43.0,39.36,D,85.0,54.81,B,96.0,73.63, ,90.0,-2.38,b,95.0,48.56,Unknown,27.0,30.27,D,27.0,65.85, ,,unknown,Unknown,31.0,73.13,D,8.0,54.93,Unknown,0.0,58.71,D
1955,Loki,Unknown,-1,7.77,Gray,F,,NO,Unknown,Paris,Mixed,Healthy,05/01/2024,30.02,b,88.0,18.16,B,93.0,77.23, ,84.0,76.92,a,86.0,25.99,B,34.0,62.32,a,,22.42, ,67.0,39.99,B,32.0,39.82,C,91.0,61.68,A,9.0,29.79,A,14.0,50.39,a
1956,Oreo,Unknown,15,6.13,Mixed,,Yes,Yes,Unknown,TOKYO,Dry,Checkup Needed,2024/01/05,43.86,C,26.0,84.38,a,0.0,23.73,A,9.0,74.56,Unknown,15.0,49.33,Unknown,88.0,81.05,Unknown,67.0,40.9,D,65.0,75.46,B,76.0,97.43,A,,63.01,b,8.0,54.44,D,80.0,24.66,B
1957,Shadow,MAINE COON,9,6.76,Mixed,F,No,Yes,Unknown,New York,,Sick,Jan 5 2024,51.3,a,46.0,60.85,Unknown,36.0,79.77,a,42.0,21.3,A,0.0,62.89,b,6.0,42.44,b,65.0,63.15,B,14.0,95.96,a,38.0,53.05,b,,53.72,D,65.0,50.22,a,33.0,33.51,Unknown
1958,Smokey,,14,4.61,,male,,NO,Yes,Toronto,Mixed,Healthy,2024/01/05,48.6,A,0.0,66.64,a,14.0,37.56,C,29.0,44.91,Unknown,49.0,36.64, ,45.0,26.65,b,40.0,67.16,C,27.0,32.57,B,69.0,24.7,C,82.0,64.84,a,32.0,37.07,B,46.0,42.41,a
1959,Luna,,21,4.45,Orange,Male,N,No,Yes,Toronto,,SICK,,54.1, ,80.0,64.43,a,,58.98,a,57.0,59.87,b,89.0,78.49,A,20.0,57.59,C,29.0,22.38,Unknown,78.0,50.25,D,28.0,76.52,D,45.0,59.11, ,42.0,68.63,B,20.0,63.02,C
1960,Leo,persian,7,4.65,,M,Y,NO,No,New York,,Checkup Needed,05/01/2024,error,a,21.0,36.6,A,96.0,58.24,C,96.0,48.5, ,12.0,71.42,D,93.0,50.8,B,12.0,73.39,b,60.0,52.93,Unknown,,20.21,D,2.0,35.77,A,88.0,32.95,a,26.0,29.71,b
1961,Luna,,21,2.0,Gray,male,No,NO,Yes,Toronto,dry,SICK,05/01/2024,47.35,b,,74.48,a,83.0,16.7,b,79.0,47.12,a,19.0,58.66,A,64.0,42.4,A,56.0,64.12,Unknown,64.0,65.33,A,5.0,96.63,b,42.0,42.16,A,,20.31,b,27.0,N/A,C
1962,Oreo,ragdoll,23,2.59,Orange,M,yes,Yes,Unknown,Toronto,dry,healthy,2024/01/05,46.73, ,85.0,45.06,a,65.0,57.36,A,63.0,35.92,C,86.0,76.63,A,55.0,55.18,A,85.0,66.06,B,33.0,47.04,a,4.0,24.41,B,96.0,15.89,a,15.0,25.3, ,20.0,56.34,D
1963,Tiger,Siamese ,14,5.22,Brown,female,Y,Yes,No,Toronto,Wet,,,34.17,a,3.0,error,A,54.0,29.9,B,39.0,34.84,Unknown,82.0,40.56,Unknown,31.0,41.76,D,35.0,41.42, ,40.0,39.05,b,88.0,65.53,b,7.0,41.1,A,39.0,45.34,C,12.0,55.51, 
1964,Simba,scottish fold,1,5.55,Mixed,Unknown,Y,YES,No,London,dry,healthy,,49.02,A,19.0,19.52,B,31.0,14.05,A,,, ,71.0,63.81,D,64.0,66.75, ,95.0,79.18,A,89.0,56.39,b,1.0,35.58,Unknown,33.0,45.5,b,,72.35, ,23.0,6.8,b
1965,Luna,SPHYNX,7,3.98,Gray,Female,no,Yes,,,,Healthy,2024-01-05,62.91,C,83.0,25.29,Unknown,97.0,31.98,A,55.0,70.17,D,63.0,52.19,A,65.0,64.37, ,19.0,26.5,B,53.0,75.24,C,43.0,46.64,A,42.0,66.67, ,16.0,53.96,Unknown,7.0,38.26,D
1966,Nala,Unknown,20,2.67,Mixed,Unknown,N,No,No,Paris,dry,SICK,2024/01/05,38.3, ,34.0,61.92,C,39.0,55.4,D,20.0,49.72,B,20.0,44.3, ,8.0,-3.65, ,49.0,78.01,C,25.0,50.76,A,,53.06,C,71.0,32.77,C,69.0,53.78,b,45.0,25.31,D
1967,Smokey,Siamese ,13,4.21,Gray,,N,NO,Unknown,Berlin,dry,Sick,,28.26, ,64.0,32.52, ,94.0,35.33,C,47.0,46.84,a,36.0,57.28,A,32.0,54.2, ,33.0,59.72,D,,31.74,B,85.0,59.39,a,66.0,102.14,D,8.0,15.97,D,77.0,36.68,a
1968,Lucy,BENGAL,18,4.31,black ,,yes,Yes,,Paris,wet,SICK,05/01/2024,20.57,A,91.0,25.85,D,80.0,70.47, ,,54.93, ,,73.7,A,9.0,56.2, ,58.0,75.9,Unknown,23.0,82.79,B,,53.94,Unknown,95.0,37.76,C,41.0,60.45,b,24.0,64.38,b
1969,Milo,,22,2.78,Orange,Unknown,yes,No,Unknown,Toronto,Wet,Checkup Needed,,27.4,b,69.0,60.78,b,94.0,18.68,C,35.0,53.35,A,82.0,53.52,A,48.0,56.88,a,51.0,43.35,b,78.0,77.86,Unknown,11.0,55.84,B,44.0,17.59,Unknown,14.0,62.21,D,85.0,54.64,B
1970,Oliver,SIAMESE,-1,5.48,black ,Unknown,Yes,No,Yes,Tokyo,Mixed,,Jan 5 2024,38.44,B,56.0,49.86,B,64.0,42.22,B,91.0,39.79,C,,34.83,b,78.0,61.26,C,79.0,44.48,B,,58.05,a,58.0,76.26,A,62.0,56.7,A,90.0,55.29,b,,59.13,C
1971,Oreo,British Shorthair ,24,2.67,Black,Female,Y,NO,No,Paris,Dry,SICK,,62.91,A,56.0,26.59, ,93.0,36.23,a,48.0,75.72,D,37.0,55.27,C,,48.25,C,56.0,42.65,A,26.0,68.96,Unknown,30.0,25.61,Unknown,86.0,66.97,B,24.0,44.87,B,10.0,47.3,C
1972,Smokey,Ragdoll,18,4.76,Gray,Male,no,,, london,Dry,SICK,,73.5,D,69.0,33.97,A,48.0,45.27,A,38.0,99.73,C,70.0,71.24, ,14.0,67.2,B,28.0,35.86,D,66.0,68.69,b,60.0,55.71,a,9.0,42.56,D,75.0,72.21,A,91.0,27.6,B
1973,Nala,ragdoll,19,3.51,Black,female,N,YES,Yes,London,wet,Sick,Jan 5 2024,64.1,D,28.0,69.5,A,0.0,18.38,C,87.0,82.98,Unknown,56.0,55.7,B,42.0,10.43,C,21.0,78.37,C,90.0,36.25,C,6.0,24.77, ,85.0,97.18,B,15.0,32.9,a,30.0,56.99,A
1974,Bella,British Shorthair,2,4.48,Brown,M,,,, london,wet,,05/01/2024,45.5,A,58.0,37.07,D,,48.25,b,4.0,79.42, ,72.0,37.13,A,18.0,12.45,A,69.0,30.29,a,22.0,25.49,a,,34.83,b,65.0,36.59,a,,80.49, ,73.0,18.18, 
1975,Nala,British Shorthair ,10,1.2,Black,Male,N,,Yes,Paris,dry,SICK,05/01/2024,75.96,B,66.0,46.29, ,76.0,49.75, ,,38.21,Unknown,90.0,47.33,A,34.0,40.12,B,18.0,50.14,a,78.0,49.85, ,29.0,47.39,B,86.0,30.56,B,,43.24,Unknown,2.0,42.92,A
1976,Oliver,,10,8.39,Orange,female,N,YES,,Sydney,,Checkup Needed,2024-01-05,60.07,a,83.0,45.35,D,46.0,86.88,a,42.0,55.59,b,26.0,52.55,D,,61.91,D,58.0,49.11,D,,57.68,a,8.0,69.92,D,81.0,57.64,b,99.0,28.24,Unknown,,67.84,Unknown
1977,Milo,MAINE COON,24,4.04,Mixed,male,N,No,Yes, london,dry,Checkup Needed,2024/01/05,29.01,D,74.0,50.54,b,,17.79,C,29.0,37.66,Unknown,9.0,38.28,Unknown,41.0,61.79,B,63.0,49.63, ,0.0,63.65,C,15.0,33.03, ,28.0,38.69,B,47.0,38.56,Unknown,76.0,34.54,a
1978,Leo,Unknown,0,5.64,,male,,NO,Unknown,Tokyo,,healthy,05/01/2024,41.79,C,48.0,92.17,a,12.0,58.71,B,90.0,55.9,Unknown,83.0,71.01,A,,45.11,B,39.0,54.58,a,81.0,30.85,C,95.0,36.07,Unknown,28.0,42.53,C,44.0,67.53,C,91.0,N/A,C
1979,Bella,Unknown,24,3.69,Black,Unknown,yes,No,, london,Dry,SICK,2024-01-05,36.15,b,20.0,38.07, ,44.0,57.96,Unknown,71.0,53.31, ,66.0,90.12,b,58.0,48.09,b,40.0,39.5,D,33.0,57.42, ,43.0,57.1,Unknown,41.0,38.99, ,97.0,39.45,B,26.0,44.19,A
1980,Luna,SIAMESE,24,5.07, WHITE,male,Y,No,Unknown,Sydney,Wet,Sick,2024/01/05,59.61,a,37.0,57.93,C,93.0,25.04,A,2.0,39.0,A,7.0,40.23,D,,50.82,B,42.0,60.75,B,49.0,27.13,A,19.0,45.44,A,68.0,38.88,B,61.0,55.49,D,39.0,45.0, 
1981,Oliver,British Shorthair,20,5.7,Mixed,female,N,NO,,Paris,Dry,healthy,,24.57,B,70.0,11.36,A,1.0,55.81,Unknown,14.0,32.18,D,84.0,51.09,Unknown,92.0,37.92,B,,53.77, ,42.0,61.72,C,83.0,35.68,C,85.0,54.33,a,52.0,82.3,Unknown,97.0,66.55,D
1982,Tiger,sphynx,12,1.1,Orange,Unknown,No,Yes,Yes,London,Dry,Healthy,Jan 5 2024,82.17,b,11.0,63.53,D,86.0,67.87,D,77.0,57.18,C,81.0,45.68,D,61.0,67.83, ,68.0,69.52,b,10.0,26.85,B,34.0,42.43, ,1.0,14.09,A,44.0,27.47,Unknown,59.0,34.45,C
1983,Bella,MAINE COON,17,3.76,Black,Male,,NO,,Toronto,Wet,SICK,,38.42, ,19.0,53.49,C,41.0,91.17,a,74.0,58.29,B,39.0,37.66, ,91.0,45.02,C,76.0,55.74,B,47.0,65.05,B,56.0,40.49,B,8.0,,D,66.0,31.87,A,26.0,12.29,D
1984,Nala,,23,3.72, WHITE,male,no,YES,Unknown,,Mixed,,05/01/2024,67.62, ,,72.19, ,65.0,79.59,Unknown,50.0,35.56,Unknown,48.0,34.35,B,,6.22, ,36.0,63.14,C,75.0,59.89,b,28.0,46.05,Unknown,9.0,-4.84,Unknown,60.0,77.07,A,43.0,72.77,a
1985,Kitty,Unknown,16,5.73,Gray,Male,Y,YES,Yes,Paris,Wet,Sick,Jan 5 2024,65.33,B,18.0,63.32, ,2.0,50.92,B,51.0,53.54,Unknown,96.0,69.95,b,74.0,8.77,D,40.0,44.87,Unknown,17.0,62.9,Unknown,,31.03,C,80.0,,b,34.0,17.81,A,22.0,76.92,a
1986,Oliver,siamese,0,3.21,black ,Male,Yes,YES,,Paris,Mixed,healthy,,73.28,D,15.0,71.3,B,63.0,59.69,C,3.0,51.58,B,32.0,48.48,B,26.0,64.24,D,86.0,56.17,C,44.0,47.58,B,78.0,56.59,C,86.0,26.72,C,17.0,19.31,B,98.0,46.59,b
1987,Simba,scottish fold,1,2.77,Gray,male,N,No,Yes,Paris,Mixed,SICK,,71.89,a,36.0,74.83,a,95.0,34.4,C,61.0,41.75, ,15.0,67.39, ,87.0,52.12,a,49.0,42.78,Unknown,84.0,87.49,Unknown,41.0,74.51,Unknown,60.0,62.69,C,23.0,59.79,Unknown,54.0,59.33,B
1988,Simba, Siamese,-2,4.74,Gray,M,Y,Yes,No,Toronto,wet,Healthy,,43.63,b,55.0,71.56,A,2.0,-2.55,B,19.0,44.79, ,95.0,38.21,B,31.0,29.17, ,14.0,90.9,C,3.0,52.51,b,9.0,47.09,b,62.0,65.29,C,85.0,39.51,B,,88.17,Unknown
1989,Milo,,14,1.77,Mixed,M,Yes,No,Unknown,,Wet,Healthy,2024/01/05,47.85,Unknown,7.0,57.23,Unknown,8.0,46.06,A,7.0,80.29,b,,78.07,b,36.0,79.16,a,52.0,54.08,B,,60.4,a,65.0,20.03,b,31.0,29.27,D,26.0,8.5, ,75.0,52.35,a
1990,Chloe,PERSIAN,12,1.9,black ,M,Y,,Unknown,Sydney,Dry,Healthy,05/01/2024,48.31,B,45.0,77.91,b,67.0,39.08,a,92.0,74.44,A,,36.82, ,56.0,46.93,a,,38.82,a,76.0,30.56,A,64.0,46.16, ,18.0,26.93,C,79.0,67.3,A,17.0,-5.5,Unknown
1991,Nala,Persian,20,2.89,Brown,Unknown,Y,NO,Unknown,,Mixed,Sick,2024-01-05,58.29,C,,61.06,Unknown,86.0,27.92,D,48.0,56.84, ,39.0,52.6,A,54.0,69.22, ,55.0,66.91,C,8.0,80.55, ,59.0,93.57,a,54.0,52.79,C,78.0,53.36,a,65.0,30.49, 
1992,Loki,MAINE COON,18,6.9,,female,yes,No,, london,Mixed,healthy,2024/01/05,13.15,C,40.0,87.69,b,,58.03,D,26.0,41.52,C,,56.87,B,88.0,53.22,A,41.0,26.75,a,15.0,59.97, ,23.0,29.96,D,86.0,27.68, ,81.0,63.16,a,66.0,56.59,B
1993,Tiger, Maine Coon,1,4.08,black ,Female,No,,Unknown,,dry,Healthy,,58.51,a,87.0,95.28,C,33.0,30.42,C,34.0,51.4,A,58.0,54.81,a,53.0,85.2,A,40.0,43.57,a,43.0,58.06,a,21.0,71.22,D,87.0,37.78,Unknown,50.0,52.01,Unknown,41.0,55.51,D
1994,Shadow,Bengal ,-2,4.22,Brown,Female,,YES,Yes,Berlin,wet,Sick,,75.06,Unknown,50.0,61.51,b,23.0,unknown,Unknown,91.0,17.31,C,21.0,67.38,a,93.0,55.05,b,12.0,28.85,C,82.0,66.08,B,33.0,63.65, ,8.0,18.36,Unknown,96.0,36.38,Unknown,84.0,112.53,a
1995,Chloe,,9,2.36,White,Male,N,NO,Unknown,New York,,Sick,2024/01/05,41.01,b,37.0,19.21,D,87.0,56.39,A,62.0,35.55,D,30.0,45.98,B,90.0,26.59,Unknown,43.0,60.43,a,22.0,,B,54.0,51.6,b,92.0,13.8,b,69.0,40.85, ,94.0,53.74,A
1996,Smokey,Bengal,14,5.04,Black,M,,,Unknown,Toronto,Wet,,2024-01-05,30.26,A,,71.36,C,78.0,68.6,b,,14.04,B,61.0,0.45,a,55.0,65.68,b,64.0,44.52, ,79.0,50.58,D,93.0,68.81,b,29.0,72.08,B,47.0,28.14,a,63.0,68.51,Unknown
1997,Leo,,22,4.31,Brown,female,No,NO,No,London,,Healthy,2024/01/05,21.75,Unknown,10.0,71.06,D,39.0,18.2,D,39.0,65.46,A,60.0,52.33,a,11.0,71.91,a,,54.07,B,43.0,97.54,D,28.0,60.05,a,8.0,35.91,A,21.0,50.46,A,84.0,4.72,a
1998,Leo, Bengal,6,4.45,Brown,Male,yes,No,No,Tokyo,Mixed,Checkup Needed,05/01/2024,,Unknown,35.0,77.54,Unknown,10.0,57.35, ,58.0,57.22, ,36.0,42.25,a,18.0,33.15,C,55.0,unknown,C,,33.47,A,44.0,56.43,A,35.0,49.72,Unknown,30.0,50.28,a,96.0,N/A,a
1999,Oreo,Unknown,7,5.63,Black,F,Yes,NO,No,TOKYO,Dry,,,72.39,A,8.0,55.19, ,49.0,30.58, ,5.0,68.55,a,68.0,47.3,C,13.0,33.92,C,29.0,53.15,D,61.0,26.48,C,87.0,82.38,Unknown,9.0,31.72,B,10.0,77.67,Unknown,96.0,32.41,C
2000,Oliver,Scottish Fold ,0,2.62,black ,Female,Yes,No,Yes,New York,,Healthy,,55.19,A,24.0,40.81,B,26.0,40.77,b,69.0,64.93,a,62.0,58.56,A,83.0,55.09,C,90.0,51.39,B,17.0,40.09, ,48.0,46.03,b,93.0,29.57,A,67.0,50.12,C,30.0,51.45,b
2001,Shadow,,12,5.03,Orange,F,No,NO,No,Berlin,Wet,healthy,,74.72,D,13.0,unknown,A,,41.82,C,34.0,43.21,B,15.0,50.4,C,6.0,67.74,C,51.0,69.74,a,23.0,24.99,Unknown,,85.24,b,,35.0,C,,22.41,B,26.0,97.82,D
2002,Luna,RAGDOLL,18,3.27,Gray,female,,,,Tokyo,Dry,Checkup Needed,05/01/2024,61.46,a,48.0,42.68,D,92.0,100.74,b,1.0,57.79,Unknown,11.0,24.37,a,60.0,9.62,b,28.0,68.24,b,71.0,61.28, ,88.0,72.78, ,70.0,42.96,D,,46.11,C,14.0,unknown,Unknown
2003,Lucy,,8,4.33,Mixed,Female,,YES,,Berlin,Wet,Sick,2024/01/05,55.28,A,76.0,61.0,B,2.0,25.42,A,58.0,44.71,b,43.0,49.93,A,19.0,55.47,D,16.0,101.39,b,41.0,28.52,C,9.0,32.3,Unknown,1.0,54.96,B,,68.82,a,80.0,47.56,Unknown
2004,Loki, Persian,2,2.67,black ,,yes,YES,Yes,Toronto,Wet,,2024/01/05,67.21,b,63.0,46.06,A,51.0,57.31,D,19.0,36.76, ,24.0,60.34,B,92.0,10.42,C,57.0,85.27,C,79.0,73.91, ,37.0,32.79,D,57.0,67.37,D,73.0,14.27,a,70.0,50.91, 
2005,Kitty,ragdoll,7,4.95,Gray,,,,Unknown,TOKYO,Wet,,2024-01-05,86.3, ,32.0,15.08,C,57.0,71.28,b,7.0,60.32,D,61.0,34.02,B,55.0,50.51,B,,82.39,a,79.0,57.2,a,9.0,61.89,D,72.0,66.37,Unknown,70.0,54.79, ,91.0,62.69, 
2006,Loki,,11,5.28,Black,,yes,,,Paris,dry,SICK,,51.62,a,33.0,51.85,Unknown,,56.24,B,19.0,28.86,a,32.0,,D,,28.15,C,51.0,27.8,a,16.0,69.64,C,0.0,79.27,b,54.0,22.19,A,15.0,82.38,A,60.0,44.97,a
2007,Smokey,Unknown,24,4.04,Mixed,,No,YES,No,New York,dry,Sick,,97.74,B,9.0,40.04,Unknown,7.0,52.81,A,17.0,57.28,a,12.0,65.06,D,13.0,27.42,Unknown,13.0,47.14,C,59.0,81.07,A,75.0,,Unknown,76.0,53.94,A,96.0,36.68,A,95.0,82.34,C
2008,Leo,,9,5.98,Gray,,Y,NO,No,Tokyo,,SICK,,107.38,C,,45.64,C,,39.08,C,23.0,37.04,Unknown,19.0,12.94,Unknown,27.0,48.73,D,9.0,55.23,a,71.0,39.63,A,78.0,80.72,D,2.0,44.85, ,99.0,50.92,a,39.0,52.93,a
2009,Oliver,Unknown,6,5.96, WHITE,female,no,NO,Yes,Berlin,Wet,,2024-01-05,31.14,C,,44.99,B,49.0,62.7,Unknown,91.0,68.35,A,,35.96,C,77.0,41.39,b,36.0,56.48,Unknown,6.0,49.2,A,14.0,7.34, ,,20.13,B,66.0,84.58,B,54.0,77.23,C
2010,Tiger,Bengal ,3,4.5, WHITE,Female,Y,No,,Sydney,wet,healthy,Jan 5 2024,28.43,A,64.0,45.43,B,28.0,53.0,D,20.0,43.75,B,40.0,73.45,b,41.0,45.05,B,97.0,38.72,a,34.0,69.97,a,68.0,84.18,C,9.0,57.12,C,15.0,27.42,A,20.0,37.9,B
2011,Leo, Scottish Fold,6,7.27, WHITE,Male,No,No,Unknown,Sydney,Mixed,Healthy,Jan 5 2024,58.79,b,6.0,53.69,B,79.0,29.94,b,81.0,35.75,a,,67.71,Unknown,,40.23,Unknown,63.0,10.51, ,77.0,42.52,A,85.0,73.07, ,40.0,48.05,a,64.0,37.6,a,28.0,49.37,A
2012,Milo,british shorthair,0,3.35,black ,Male,no,,Yes,TOKYO,Mixed,Checkup Needed,Jan 5 2024,81.3,C,8.0,26.12,D,77.0,66.1,Unknown,59.0,33.96,B,40.0,37.5,a,,65.26, ,,46.52,C,47.0,93.34,Unknown,0.0,49.86,Unknown,40.0,50.01,b,49.0,57.26,A,,82.51,D
2013,Milo,Unknown,10,7.05,black ,Male,N,No,Unknown,Paris,dry,SICK,,56.38,a,58.0,42.85,C,44.0,42.33,B,,27.97, ,57.0,20.11,D,21.0,55.45,B,52.0,42.53,a,42.0,78.26,D,,73.55,D,82.0,72.27,A,15.0,48.77,a,39.0,46.99,A
2014,Oliver, British Shorthair,20,3.58,Black,Unknown,yes,NO,Unknown, london,Dry,healthy,,93.19,Unknown,17.0,32.19,C,,51.6, ,31.0,50.65,D,,67.41,Unknown,9.0,57.81,b,15.0,56.33,Unknown,69.0,52.23,D,89.0,19.81,A,56.0,38.81,A,32.0,99.2,b,50.0,48.1,A
2015,Smokey,,4,2.89,Brown,Unknown,no,No,Unknown,TOKYO,wet,,Jan 5 2024,20.59,b,21.0,52.11,a,21.0,41.58,b,36.0,57.52,A,,53.99,A,19.0,59.93,Unknown,93.0,39.63,a,22.0,48.7,b,44.0,54.23,C,35.0,36.84,C,17.0,56.18,C,44.0,80.92,b
2016,Lucy,BENGAL,14,7.62,Gray,,no,YES,,,dry,healthy,2024-01-05,45.34,A,79.0,32.58,B,96.0,96.36,B,49.0,-8.08,B,20.0,63.15,B,84.0,25.63,a,39.0,42.59,b,86.0,10.4,D,23.0,47.63, ,24.0,50.85,B,79.0,N/A,C,9.0,83.37, 
2017,Simba,Unknown,24,7.81,black ,female,yes,Yes,Unknown,,Mixed,SICK,05/01/2024,59.17,b,,66.32,D,57.0,38.33,C,17.0,59.09,C,8.0,76.25,Unknown,,9.62,b,42.0,26.1, ,75.0,1.68,Unknown,39.0,52.52,b,70.0,72.77,Unknown,58.0,50.41, ,39.0,53.93,D
2018,Oliver,Maine Coon ,24,6.15,,Male,,YES,,Tokyo,wet,healthy,Jan 5 2024,20.47,b,17.0,62.11,b,24.0,62.4,C,26.0,29.48,C,22.0,28.03,b,32.0,62.12,b,70.0,71.9,D,,51.1, ,30.0,43.34,a,53.0,50.09,D,45.0,62.34, ,97.0,104.24,a
2019,Simba,PERSIAN,15,5.04,Gray,F,no,Yes,Unknown,Sydney,,,Jan 5 2024,35.15,B,45.0,51.16, ,79.0,58.12,B,83.0,76.4,b,20.0,42.95,a,69.0,8.96,b,1.0,55.47,Unknown,,54.82, ,75.0,unknown,b,15.0,69.73,A,,55.14,B,69.0,45.29,D
2020,Oreo,Maine Coon,19,5.65,Mixed,Male,,,Yes,Tokyo,Mixed,SICK,Jan 5 2024,52.79,a,81.0,36.93,C,81.0,55.26,Unknown,39.0,66.87,Unknown,71.0,84.47,B,79.0,73.99,b,55.0,72.46,B,3.0,57.48,C,5.0,73.2,C,10.0,69.75,D,70.0,57.26,A,81.0,76.1,D
2021,Tiger,MAINE COON,17,5.04,Brown,Unknown,,YES,,New York,dry,healthy,05/01/2024,26.57, ,56.0,51.09,a,98.0,62.6,A,51.0,23.8,Unknown,37.0,41.26,C,90.0,84.27,B,87.0,41.75, ,53.0,29.45, ,,57.15,A,69.0,43.0,C,13.0,67.58,B,10.0,50.58,Unknown
2022,Luna, Maine Coon,1,4.28,Gray,female,Y,YES,Yes,,wet,,05/01/2024,68.54, ,3.0,72.25,B,57.0,40.55,a,3.0,30.15, ,21.0,44.94,a,19.0,24.19,Unknown,45.0,63.71,C,1.0,35.67, ,90.0,64.69,C,56.0,41.36,b,93.0,71.44,C,,37.76, 
2023,Milo,Sphynx ,2,5.03,Orange,,yes,YES,Yes,New York,Wet,SICK,,52.9, ,3.0,50.22,a,62.0,57.74,B,41.0,38.65,a,47.0,43.75,A,5.0,42.05,B,52.0,46.27,A,62.0,49.64,C,28.0,65.54,A,64.0,56.61,D,54.0,16.05,A,24.0,74.13,b
2024,Nala,BRITISH SHORTHAIR,8,2.27,White,Female,Yes,YES,Unknown, london,Wet,Checkup Needed,,58.22,A,48.0,41.73,b,24.0,58.03,B,14.0,28.21,D,64.0,47.82,D,,40.93, ,45.0,28.11,A,51.0,15.93,a,48.0,65.31, ,8.0,37.87,A,36.0,34.38,B,39.0,68.05,a
2025,Luna,Unknown,15,3.98, WHITE,Female,yes,YES,,Paris,,,05/01/2024,85.87,a,88.0,61.25, ,4.0,23.52,B,7.0,88.09,D,,45.11,C,54.0,45.99,A,75.0,63.31,b,55.0,53.47,a,77.0,83.88,b,25.0,61.48,a,90.0,50.04,A,77.0,65.9,A
2026,Tiger, British Shorthair,16,3.63,Black,M,N,YES,Yes,Berlin,Wet,Checkup Needed,05/01/2024,41.04,a,66.0,71.65,B,99.0,66.29,A,8.0,62.89,b,,3.05,D,4.0,38.23,C,14.0,53.1,a,5.0,47.9,B,52.0,62.68,C,12.0,51.6, ,9.0,34.41,C,8.0,52.39,B
2027,Lucy,Scottish Fold,2,5.93,Gray,Unknown,Yes,Yes,,New York,Wet,Sick,Jan 5 2024,74.49,a,40.0,unknown,C,,55.32,C,,52.53,A,1.0,70.53, ,6.0,50.45,b,19.0,52.93,D,93.0,58.43,C,57.0,71.95,B,,68.55,A,31.0,31.65,C,76.0,56.52,D
2028,Bella,Sphynx ,22,2.96, WHITE,male,no,No,,,Mixed,Checkup Needed,,67.64,Unknown,,42.01,A,27.0,77.47,D,49.0,27.72,A,44.0,26.76,D,6.0,28.33, ,81.0,63.52,D,65.0,23.72,a,,58.18,b,49.0,85.79,C,88.0,43.92,B,98.0,74.59,C
2029,Oliver,RAGDOLL,13,4.92,,M,Y,YES,,,wet,SICK,,60.58,a,,75.75,A,51.0,85.28,Unknown,39.0,64.86,a,56.0,60.84,b,58.0,74.51,C,,37.53,Unknown,,37.29,A,69.0,15.25,a,21.0,86.58,A,,30.72,a,22.0,47.4,C
2030,Nala,Unknown,15,3.86,Gray,female,N,YES,,London,Dry,,2024/01/05,12.48,A,62.0,45.9,D,13.0,32.28, ,20.0,50.55,b,24.0,48.0,B,93.0,83.54,D,25.0,52.17,B,45.0,60.69, ,3.0,29.03,b,30.0,60.36,Unknown,51.0,55.81,A,49.0,44.25,A
2031,Luna, Sphynx,11,6.11,Black,Male,Y,NO,Unknown, london,dry,Sick,2024/01/05,12.4,b,16.0,29.49,B,66.0,20.21,B,25.0,57.74,a,2.0,83.85, ,78.0,61.12,b,38.0,35.06,Unknown,38.0,32.07,D,35.0,41.39,a,,57.2,A,53.0,36.65,C,44.0,50.26,b
2032,Smokey,Abyssinian,17,3.14,,male,no,NO,No, london,wet,SICK,2024/01/05,48.72,B,35.0,53.75,b,45.0,23.63,D,22.0,31.82,B,1.0,59.26,A,88.0,58.17,B,88.0,46.47, ,43.0,39.7,a,48.0,80.86,C,16.0,75.05,B,96.0,52.3,a,33.0,49.93,b
2033,Loki,Unknown,14,2.92,,Unknown,Yes,NO,No,Sydney,Wet,Sick,05/01/2024,34.79,Unknown,15.0,25.33,B,49.0,27.26,b,98.0,48.46,D,0.0,52.66,C,16.0,50.27,D,88.0,52.49,A,39.0,49.55,b,21.0,50.01,a,85.0,20.2,D,75.0,45.97,B,76.0,14.57,Unknown
2034,Luna,Abyssinian ,21,1.64,Brown,female,No,Yes,No,,dry,Checkup Needed,2024-01-05,22.25,B,40.0,49.65,A,25.0,69.23, ,35.0,31.51,D,91.0,62.34,Unknown,35.0,13.96,b,13.0,-9.77, ,30.0,58.12,A,61.0,24.14,Unknown,37.0,31.48,B,21.0,50.75, ,67.0,68.41,a
2035,Leo, Bengal,6,7.71, WHITE,F,Y,NO,Unknown,TOKYO,wet,Checkup Needed,,40.94,C,72.0,63.48,A,21.0,61.05,D,45.0,68.14,a,,65.68,Unknown,81.0,64.39,b,,51.8,D,25.0,64.69,B,,57.18,C,34.0,42.85,Unknown,98.0,58.63,b,,93.97,B
2036,Oreo,Unknown,11,5.48,White,Male,N,Yes,,New York,Wet,,Jan 5 2024,64.68, ,3.0,42.87,C,51.0,76.55,a,37.0,58.42, ,32.0,38.73,A,34.0,61.06,a,27.0,error,b,2.0,51.85,C,13.0,43.94,C,35.0,52.37,a,39.0,64.33,a,10.0,67.29,Unknown
2037,Nala,Unknown,9,5.57, WHITE,male,No,Yes,Unknown,Sydney,wet,SICK,2024-01-05,48.8,B,65.0,22.85,D,93.0,39.01,b,,5.27,D,66.0,33.02,B,59.0,45.79,Unknown,39.0,59.64,Unknown,46.0,46.9,B,51.0,error,D,14.0,43.33,Unknown,53.0,60.65,D,28.0,40.02,A
2038,Oreo,Persian,0,2.95,White,Unknown,no,,Yes,Berlin,,Healthy,Jan 5 2024,31.73, ,98.0,51.22,B,62.0,82.18,a,26.0,39.3,D,67.0,26.54,C,59.0,24.8,b,99.0,55.57,B,10.0,42.21,B,,18.87,b,54.0,72.99,B,54.0,49.53,D,25.0,64.54,D
2039,Milo,British Shorthair ,15,4.78,Orange,,,No,,Paris,Dry,SICK,2024-01-05,18.68, ,95.0,48.35,D,76.0,66.57,A,40.0,42.31, ,45.0,85.34,A,48.0,12.56,B,1.0,44.3,B,73.0,60.04,B,38.0,60.28,C,99.0,41.9,C,95.0,41.08,D,86.0,14.91,a
2040,Chloe,,4,3.86,Brown,Unknown,Yes,No,No,Sydney,dry,healthy,05/01/2024,47.02, ,82.0,81.14,A,60.0,66.17,b,4.0,25.65,b,35.0,54.98,C,49.0,54.01,b,79.0,29.01, ,67.0,28.86,B,4.0,73.15,B,41.0,63.83, ,48.0,65.46,B,9.0,40.54,D
2041,Lucy,Unknown,22,2.9, WHITE,Female,N,No,, london,Mixed,,,66.8,A,96.0,41.89,a,,30.47,Unknown,67.0,23.0,a,,57.34,D,70.0,32.18,D,73.0,39.57,a,80.0,39.36,b,68.0,27.66, ,64.0,41.05,C,15.0,25.62,a,3.0,30.85,a
2042,Oreo,Persian,0,4.08,Orange,Unknown,yes,YES,Yes,Paris,,SICK,2024-01-05,69.76,Unknown,,54.36,A,6.0,85.1,D,47.0,43.77,C,29.0,70.75,B,,29.18, ,,84.55,D,77.0,55.85,b,66.0,50.61,A,53.0,31.98,D,74.0,-2.66,Unknown,72.0,79.01, 
2043,Kitty,Unknown,9,4.51,Gray,M,N,NO,Yes,Tokyo,Mixed,Sick,05/01/2024,45.49, ,41.0,62.21,B,25.0,51.33,b,29.0,53.43,b,83.0,59.59,a,69.0,62.99,B,17.0,57.18,A,92.0,55.57,B,17.0,47.08,C,61.0,61.39, ,4.0,51.99,a,38.0,4.85,Unknown
2044,Tiger,British Shorthair ,24,5.07,Brown,Male,yes,YES,No,London,Wet,Checkup Needed,Jan 5 2024,44.08,B,73.0,62.17,Unknown,21.0,99.39,a,97.0,59.76,Unknown,25.0,43.87,C,41.0,44.61,a,56.0,42.64,Unknown,75.0,73.74,b,42.0,34.04,C,41.0,77.97,b,96.0,51.41,C,,55.36,b
2045,Loki,Ragdoll ,12,4.11, WHITE,M,Yes,,,Toronto,dry,Checkup Needed,,55.26,b,56.0,83.39, ,91.0,29.37,b,40.0,59.43,C,79.0,80.12,Unknown,,53.08,B,33.0,52.57,D,56.0,58.5, ,66.0,58.29,B,22.0,46.02, ,61.0,31.0, ,3.0,44.71,D
2046,Kitty,Scottish Fold ,6,4.32,Gray,female,Y,Yes,Unknown,New York,Dry,Checkup Needed,2024-01-05,46.24,b,63.0,43.5,A,16.0,41.98,Unknown,90.0,54.03,Unknown,29.0,15.74,C,31.0,38.26,Unknown,69.0,34.22,B,55.0,51.25,D,60.0,79.14,B,53.0,36.14,B,71.0,7.87,A,66.0,67.6,C
2047,Tiger,Scottish Fold ,15,5.92,,male,No,NO,Unknown,,wet,SICK,05/01/2024,67.03,B,83.0,60.76,b,93.0,77.84,B,36.0,25.96,B,,61.79,b,13.0,35.44,C,47.0,51.43,D,64.0,50.32,A,3.0,22.06, ,37.0,55.85,B,86.0,70.83, ,59.0,56.17,B
2048,Oreo,Scottish Fold ,5,2.16,Orange,Unknown,no,NO,Yes,Berlin,Dry,SICK,,59.94,b,24.0,55.26,b,13.0,52.77,C,,47.83,A,86.0,47.97,D,25.0,73.55,D,72.0,16.59,D,,56.8,b,83.0,48.69,A,36.0,,C,14.0,37.57,Unknown,54.0,23.32,D
2049,Chloe,,7,5.13, WHITE,male,yes,Yes,Unknown, london,wet,Sick,,58.51,Unknown,5.0,55.79,B,16.0,60.92,B,35.0,43.2,C,76.0,51.35,A,13.0,48.71,C,63.0,63.67,a,87.0,85.4,B,14.0,,Unknown,18.0,48.96,D,92.0,24.88,B,72.0,100.36,C
2050,Shadow,Persian ,9,2.18,Orange,F,yes,NO,No,New York,dry,SICK,2024-01-05,26.53,a,,4.2, ,50.0,73.58,D,16.0,38.93,D,78.0,83.64,B,80.0,90.95,a,29.0,36.77,C,60.0,57.34,D,12.0,27.73,D,23.0,36.31,B,61.0,52.72,a,33.0,14.98,Unknown
2051,Lucy,ragdoll,24,1.82, WHITE,female,Y,No,, london,Dry,SICK,,69.14,b,12.0,41.59,Unknown,,33.81,Unknown,40.0,67.53,C,47.0,unknown,B,63.0,20.62, ,,65.39,B,12.0,85.11,D,74.0,46.18,D,70.0,84.17,D,89.0,55.53, ,18.0,-5.79,D
2052,Lucy, Sphynx,18,2.88,Brown,Male,N,YES,No, london,wet,Checkup Needed,2024-01-05,42.32,D,65.0,38.85,Unknown,32.0,70.17,A,21.0,58.34,A,,55.93, ,,42.52,A,,59.4,Unknown,,45.11, ,10.0,13.88,D,74.0,51.47,D,72.0,66.56, ,93.0,34.99,B
2053,Kitty,siamese,23,4.78,Orange,F,No,NO,Yes,TOKYO,dry,Checkup Needed,,46.03,Unknown,33.0,26.42,B,20.0,68.25,A,7.0,71.03,B,39.0,36.54,D,28.0,23.69,B,,62.53,Unknown,49.0,48.16,C,,44.86,b,95.0,60.26,A,28.0,24.55,Unknown,94.0,64.67,b
2054,Oreo,siamese,2,2.06, WHITE,Unknown,yes,No,Yes,Tokyo,Wet,,2024-01-05,60.24,D,95.0,13.07, ,98.0,64.84,A,34.0,40.23,a,,-8.18,A,13.0,36.95,B,6.0,-10.62,Unknown,20.0,49.2,C,84.0,36.82,b,95.0,36.36,Unknown,91.0,53.07,C,2.0,38.16,C
2055,Lucy,Unknown,8,5.3,Gray,Unknown,no,,No,,Wet,Checkup Needed,05/01/2024,45.38,b,36.0,42.23,Unknown,11.0,53.99,b,42.0,57.15,b,90.0,46.81,Unknown,5.0,50.07,a,7.0,77.76,D,35.0,25.37,a,25.0,23.45,b,54.0,95.58,a,15.0,48.26,C,18.0,57.62,C
2056,Loki, Maine Coon,0,4.3,,Male,yes,Yes,Yes,TOKYO,,Checkup Needed,2024-01-05,39.56,b,9.0,37.13,D,6.0,40.62,a,76.0,48.52,A,31.0,33.98,Unknown,61.0,21.2,b,2.0,32.0,D,9.0,62.06,Unknown,69.0,46.9, ,4.0,45.7,C,52.0,19.13,a,18.0,41.1,a
2057,Simba,,18,2.24,,female,no,NO,,Paris,wet,Healthy,2024/01/05,21.76,B,,63.09, ,15.0,50.98,A,16.0,59.42,D,93.0,42.56,a,65.0,54.2,a,3.0,38.11,B,95.0,24.05,D,64.0,54.61,A,89.0,41.12,B,42.0,75.91,A,19.0,37.74,A
2058,Tiger,,5,6.44,Black,Female,N,YES,Yes,Berlin,Wet,Checkup Needed,,53.09,a,27.0,81.28,C,27.0,33.65, ,,36.01,B,6.0,39.92,b,48.0,86.44,A,,63.19,a,86.0,42.02,Unknown,,8.52,D,33.0,36.23,Unknown,2.0,44.12,C,69.0,33.65,C
2059,Oliver, Maine Coon,17,5.47,black ,F,,YES,Unknown,Berlin,Wet,Checkup Needed,05/01/2024,20.05, ,38.0,-2.76,b,9.0,48.1,D,55.0,28.93,a,62.0,32.28,b,48.0,43.56,C,,44.59,a,47.0,33.58,D,20.0,49.41,Unknown,57.0,20.68,b,30.0,26.79,a,88.0,40.66,a
2060,Shadow, Sphynx,18,2.83,Black,male,Y,,Unknown,Paris,Wet,SICK,05/01/2024,43.5,b,,47.63,D,,34.43,B,74.0,40.63,B,56.0,46.67,b,,40.61,D,94.0,37.21,D,85.0,49.67,b,30.0,77.08,b,95.0,37.09, ,70.0,75.53, ,,27.41,b
2061,Tiger,Unknown,5,4.81,Black,,N,No,Yes,,dry,Healthy,Jan 5 2024,79.16,a,69.0,33.03,B,7.0,59.68,C,30.0,40.8,b,18.0,67.4,D,72.0,63.26, ,9.0,21.0,Unknown,89.0,46.51,A,58.0,56.88,a,92.0,41.26,B,82.0,26.73,A,32.0,77.36,A
2062,Nala,Unknown,-2,5.54,Gray,Female,yes,NO,No,TOKYO,Dry,,Jan 5 2024,25.78,b,5.0,16.15,b,78.0,74.79,D,57.0,49.47,C,52.0,55.99,B,51.0,40.85,Unknown,15.0,51.11,a,85.0,29.08,b,23.0,45.24, ,99.0,60.98,Unknown,78.0,67.78,B,51.0,38.99,Unknown
2063,Luna,,2,5.28, WHITE,Female,yes,Yes,No, london,,,05/01/2024,54.55,Unknown,29.0,53.46,a,12.0,3.01,D,65.0,42.89,D,99.0,48.38,A,55.0,40.0,a,,53.9,b,68.0,unknown,C,67.0,45.51,C,92.0,37.04,b,,40.11,D,98.0,45.63,D
2064,Nala,PERSIAN,18,5.89,Black,,N,NO,No,Paris,,,Jan 5 2024,40.4,A,30.0,40.32,A,81.0,37.99,C,36.0,62.58,b,39.0,52.3,B,63.0,47.99,a,13.0,74.29,a,66.0,83.24,a,39.0,81.5,C,36.0,53.8,Unknown,56.0,30.71,Unknown,28.0,71.84,a
2065,Oreo,ABYSSINIAN,22,4.32,,F,Y,,No,Berlin,dry,Healthy,,55.52, ,76.0,42.17,b,87.0,52.22,A,,43.95,Unknown,95.0,25.31,B,84.0,65.34,Unknown,,97.89,A,,42.91,C,40.0,unknown,D,23.0,17.41,a,36.0,51.73,C,0.0,52.77,B
2066,Kitty,,8,5.38,Mixed,,,,No,Toronto,Wet,healthy,2024-01-05,,C,3.0,71.79,C,88.0,51.17,B,44.0,53.8,Unknown,89.0,33.62,Unknown,31.0,62.51,A,94.0,57.49,A,16.0,84.7, ,74.0,77.39,A,50.0,8.19,b,98.0,48.71,a,,12.25,B
2067,Oliver,Unknown,21,4.58,Brown,Male,Y,,Yes,Sydney,dry,Sick,,28.63,B,88.0,44.27,B,45.0,32.57,a,39.0,37.53,B,52.0,44.05,B,75.0,73.67,C,,30.12,D,,38.41,C,,24.1,a,38.0,38.95,D,49.0,54.96,C,20.0,57.99,A
2068,Kitty,SIAMESE,6,6.83,Black,male,Y,NO,Yes,Sydney,,Healthy,Jan 5 2024,47.87,C,94.0,78.11,a,,34.2,B,86.0,50.16,Unknown,11.0,63.05,Unknown,37.0,68.92,Unknown,86.0,77.59,A,11.0,28.61,Unknown,21.0,76.87,B,9.0,47.85,b,34.0,41.52, ,89.0,9.97,C
2069,Oreo,Maine Coon ,10,7.27,Brown,male,no,No,Unknown,Tokyo,Wet,Checkup Needed,2024-01-05,41.23, ,95.0,unknown,C,64.0,43.6, ,35.0,26.69,D,33.0,66.16,C,2.0,37.99,b,32.0,44.05,B,91.0,51.64,a,38.0,90.9,a,49.0,51.42,a,54.0,47.92,D,95.0,50.08,b
2070,Oreo,maine coon,19,3.2, WHITE,,no,Yes,Unknown, london,Mixed,,Jan 5 2024,39.02, ,15.0,51.39,C,90.0,54.39, ,64.0,30.62, ,19.0,5.22,Unknown,25.0,47.42,A,73.0,56.03,b,26.0,1.57, ,81.0,17.61,a,,25.5,A,11.0,34.45,a,87.0,73.08,Unknown
2071,Lucy,SIAMESE,24,5.01,Mixed,female,Yes,Yes,,Toronto,wet,,,46.35,b,46.0,31.2,b,76.0,59.07,B,24.0,49.04,b,,22.42,a,42.0,39.39, ,87.0,71.44,b,8.0,36.02,b,84.0,84.5,b,91.0,39.57,b,30.0,16.13,b,9.0,63.66, 
2072,Shadow,Bengal,4,5.82,black ,,,NO,, london,Mixed,,2024-01-05,35.98,C,44.0,25.46,a,67.0,11.17,A,25.0,, ,,49.59,A,25.0,75.51,A,48.0,67.68,b,,60.56,A,95.0,46.5,b,39.0,76.58,C,28.0,36.05,A,7.0,51.58,C
2073,Tiger, Persian,0,6.59,Brown,male,no,,Unknown, london,Mixed,,2024-01-05,15.96,C,,88.57,A,96.0,55.26, ,25.0,53.41,A,30.0,71.16,C,76.0,47.8,C,96.0,64.7,B,32.0,27.36,B,80.0,57.2,D,48.0,60.83,Unknown,73.0,46.46,C,22.0,66.84,Unknown
2074,Smokey,Scottish Fold,9,4.27,,Unknown,no,NO,,London,,,Jan 5 2024,24.74,a,73.0,53.8, ,,59.02,B,90.0,7.72,A,76.0,46.65, ,53.0,27.95,B,3.0,69.51,C,88.0,59.7,a,,33.54,a,2.0,85.4,b,68.0,10.13, ,46.0,72.21,a
2075,Oreo,Abyssinian,10,3.51,Brown,M,,Yes,Unknown,Berlin,Mixed,Healthy,Jan 5 2024,39.47,Unknown,46.0,44.25,b,97.0,58.61, ,70.0,33.16,B,24.0,43.92,D,95.0,72.44,Unknown,,17.08,B,50.0,18.82,B,15.0,31.24,a,92.0,33.21,C,25.0,51.19,C,96.0,36.94,B
2076,Bella,Unknown,13,3.09,Black,Male,Yes,YES,,Toronto,,,Jan 5 2024,45.43,a,22.0,33.45,B,68.0,67.64,C,66.0,35.02,a,,58.15,Unknown,95.0,51.17,Unknown,61.0,42.37,Unknown,54.0,22.13,a,7.0,52.2,b,87.0,46.75, ,24.0,90.79,D,16.0,44.6,C
2077,Leo,Scottish Fold ,6,5.41,Brown,,Yes,No,Unknown,,Wet,,2024/01/05,22.19,D,72.0,59.18,C,23.0,61.18,Unknown,10.0,85.57,A,,82.51,b,43.0,73.51,D,94.0,83.85,D,34.0,29.9,D,61.0,29.37, ,75.0,45.24, ,28.0,47.52,Unknown,85.0,72.28, 
2078,Simba,Maine Coon ,6,3.11,Mixed,male,no,NO,Yes,Toronto,Dry,Sick,05/01/2024,27.2, ,,13.01,a,,59.09, ,66.0,39.83,Unknown,82.0,40.39,b,58.0,39.94,Unknown,96.0,85.06,A,1.0,36.33,b,12.0,51.28,Unknown,39.0,74.03,b,23.0,49.63,a,32.0,54.84,a
2079,Smokey,Sphynx,22,3.73,Mixed,female,Y,No,,London,,,05/01/2024,error,Unknown,28.0,60.19,B,,24.1,D,96.0,38.5,b,99.0,80.93,D,82.0,28.46,Unknown,80.0,51.23,A,89.0,5.47,a,76.0,63.4,B,70.0,24.07,D,10.0,35.43,B,20.0,24.77,D
2080,Lucy,SPHYNX,11,4.44,,,,No,No, london,,Sick,,25.75,C,36.0,74.15,b,25.0,49.85,C,26.0,65.55,Unknown,,44.23,a,59.0,52.93,b,90.0,38.72,B,39.0,75.67, ,,81.37,C,94.0,63.38, ,77.0,48.08,A,19.0,69.88,a
2081,Nala, Maine Coon,-2,4.96,black ,Female,,,No,Tokyo,,,,32.45,A,65.0,60.23, ,21.0,unknown,C,57.0,54.21,D,8.0,37.49,Unknown,43.0,48.38,a,45.0,42.27,Unknown,22.0,42.45,B,,N/A, ,96.0,101.88,C,90.0,64.43,a,12.0,55.63,A
2082,Leo,Ragdoll,-2,6.96,,male,yes,,Unknown,Paris,Mixed,healthy,Jan 5 2024,70.46,D,7.0,65.14, ,,11.73,Unknown,24.0,38.13, ,25.0,73.72,a,40.0,74.41,A,61.0,N/A,b,15.0,41.22,Unknown,,59.09,A,2.0,, ,47.0,9.02,b,26.0,92.91,a
2083,Nala,Ragdoll,13,3.41,Brown,Unknown,,YES,No,Tokyo,Mixed,healthy,2024/01/05,68.36,a,23.0,65.26,D,70.0,77.44,Unknown,,45.43,D,11.0,55.41,Unknown,63.0,69.31,Unknown,6.0,37.69,C,65.0,N/A,a,81.0,48.82, ,,30.17,b,0.0,57.5,a,85.0,15.43, 
2084,Nala,Siamese ,15,6.09,black ,Female,,NO,No,Tokyo,,Healthy,,41.9,D,31.0,41.96,a,,37.15,D,77.0,13.72,Unknown,62.0,49.66,a,8.0,18.6,a,50.0,69.15, ,,52.08,D,75.0,49.23,B,43.0,61.6,A,72.0,62.1,B,55.0,35.31, 
2085,Shadow,SIAMESE,10,3.66,Brown,female,yes,NO,No,Paris,,Healthy,2024-01-05,71.87,D,39.0,57.2,a,59.0,55.88,B,,49.79,B,,26.07,D,29.0,72.93,D,52.0,38.47, ,32.0,47.67,C,33.0,52.38,A,53.0,38.9,a,62.0,41.93,Unknown,22.0,59.98,D
2086,Shadow,Sphynx ,14,3.76, WHITE,Unknown,No,Yes,No,Toronto,Wet,,2024-01-05,,C,96.0,87.17,b,42.0,25.23,D,54.0,76.87,D,19.0,69.52,a,43.0,84.75,A,,52.18, ,34.0,24.15,Unknown,45.0,25.0,b,63.0,42.56, ,18.0,35.88,a,46.0,82.12,A
2087,Tiger,ragdoll,19,5.2,Black,,Y,YES,Unknown,Berlin,dry,SICK,2024/01/05,48.37,D,26.0,30.13, ,1.0,20.71,D,,56.87,a,0.0,22.39, ,5.0,64.26, ,11.0,29.32,b,1.0,61.35,D,57.0,68.59,a,53.0,67.42,a,44.0,33.83,a,83.0,36.44,Unknown
2088,Smokey,Unknown,22,6.29,Mixed,M,,,Yes,New York,Dry,Checkup Needed,Jan 5 2024,36.79,B,,49.18,b,34.0,45.16,Unknown,43.0,85.79,B,40.0,49.46,C,22.0,15.86,D,12.0,20.68,D,13.0,53.64,B,,39.16,B,62.0,69.94,B,64.0,45.47,b,76.0,56.61,B
2089,Loki, Scottish Fold,9,5.44,Mixed,M,Y,,,London,Mixed,SICK,Jan 5 2024,59.8,D,23.0,24.36,D,37.0,68.78,B,60.0,28.61,C,,35.61,C,72.0,57.42,C,47.0,73.1,C,,42.43,b,,53.24,B,92.0,67.89,Unknown,3.0,70.27,a,10.0,52.16,a
2090,Chloe,Unknown,13,4.81, WHITE,Female,yes,YES,Unknown, london,Mixed,,05/01/2024,75.47, ,10.0,67.22,a,2.0,34.09,Unknown,1.0,52.53,B,70.0,52.91,a,3.0,31.26,A,47.0,76.67, ,17.0,48.31,C,51.0,52.71,D,49.0,65.34, ,72.0,57.35,D,63.0,40.43,C
2091,Chloe,Bengal,17,4.98,Orange,Female,Y,Yes,,Berlin,Dry,Sick,Jan 5 2024,31.11,C,64.0,51.4,Unknown,25.0,49.75,A,88.0,15.11,B,42.0,67.84,Unknown,59.0,86.48,C,18.0,89.32,Unknown,74.0,53.2, ,7.0,81.27,A,47.0,91.87,C,38.0,52.0, ,14.0,50.72,Unknown
2092,Loki,,-2,5.55,Mixed,,N,NO,No,New York,Mixed,Sick,Jan 5 2024,41.34,B,42.0,52.55,C,53.0,51.26,D,73.0,77.2,C,73.0,74.37,D,91.0,59.24,a,67.0,55.85,B,67.0,77.0,A,,42.26,A,,18.5,a,59.0,37.44,D,,62.59,B
2093,Milo, Sphynx,12,3.4,black ,Unknown,No,No,,Toronto,Wet,Checkup Needed,2024-01-05,55.15,D,56.0,62.07,D,22.0,59.63, ,,49.22,B,,39.18,D,0.0,47.36,a,,95.0,b,35.0,29.32,B,55.0,74.27,C,41.0,72.47, ,17.0,42.11, ,76.0,70.76,D
2094,Luna,Unknown,2,3.12,black ,Unknown,Yes,Yes,No,,,Checkup Needed,Jan 5 2024,34.32,A,46.0,32.82,B,92.0,26.42,D,14.0,19.32,B,,49.16,C,84.0,51.81,b,13.0,21.13,C,75.0,94.93,D,97.0,51.11,a,76.0,66.4,D,,68.25,a,94.0,26.89,Unknown
2095,Simba, Scottish Fold,16,4.75,White,female,N,Yes,,Sydney,dry,,Jan 5 2024,80.4,a,18.0,47.34,b,96.0,84.34,b,55.0,38.61,b,96.0,error,a,49.0,15.14,B,61.0,21.5,b,39.0,40.31,D,,36.97, ,74.0,7.53,b,46.0,32.38,D,,24.28,B
2096,Kitty, Maine Coon,15,3.18,Black,male,,Yes,,Tokyo,Dry,SICK,Jan 5 2024,77.65,B,31.0,69.94,C,66.0,70.53,D,,73.85,b,,1.15,C,16.0,73.14,b,79.0,6.14,D,2.0,60.73,B,1.0,-2.43,b,35.0,78.97,C,13.0,33.48,Unknown,35.0,35.33, 
2097,Oliver,,23,3.43,Mixed,F,N,NO,Unknown,Sydney,Dry,Healthy,2024/01/05,87.24,a,67.0,77.34,a,15.0,67.71,Unknown,,23.04,a,31.0,79.09,a,63.0,44.99,A,6.0,47.67, ,12.0,88.9,b,0.0,45.49,a,83.0,65.87,b,79.0,74.98,B,99.0,44.76, 
2098,Milo,Unknown,6,4.78,Orange,Female,Yes,YES,Yes, london,wet,Checkup Needed,2024-01-05,32.29,C,44.0,40.12,a,84.0,53.62, ,47.0,90.17,b,73.0,69.59,C,53.0,44.59,C,,35.66,B,92.0,80.01,A,32.0,58.66,Unknown,22.0,59.77,Unknown,76.0,42.58,Unknown,49.0,46.63,B
2099,Luna,BENGAL,23,8.0, WHITE,Male,No,Yes,,TOKYO,wet,healthy,05/01/2024,66.85,b,31.0,22.79,a,57.0,53.44,B,89.0,35.57,a,,31.49,A,92.0,38.45,B,32.0,30.42,a,74.0,21.12, ,80.0,39.26,C,72.0,71.26,A,22.0,108.48,a,63.0,39.05,A
2100,Kitty,,2,3.64,White,M,N,,,TOKYO,Wet,Healthy,05/01/2024,28.26, ,81.0,18.28,b,86.0,83.38,C,92.0,67.19,b,29.0,29.75,D,75.0,76.37,B,16.0,64.32, ,51.0,81.75, ,71.0,32.2, ,19.0,45.19,D,57.0,52.94,B,44.0,58.81,b
2101,Tiger, Maine Coon,8,4.59,Mixed,female,Y,YES,Yes,Sydney,wet,healthy,,50.75,D,19.0,57.75, ,29.0,28.62, ,,66.76,a,88.0,24.24,B,78.0,46.23,a,24.0,39.91,a,35.0,70.13, ,84.0,33.49,A,82.0,30.22,b,40.0,31.53,C,,46.17,Unknown
2102,Chloe,RAGDOLL,-1,8.22,White,F,yes,Yes,No,,Mixed,Healthy,2024/01/05,63.0,C,26.0,54.66,Unknown,77.0,24.79,b,23.0,56.36, ,75.0,51.08,b,26.0,48.3,b,31.0,36.09,C,57.0,error,Unknown,27.0,61.52,b,58.0,58.12,B,16.0,85.22, ,65.0,31.53, 
2103,Milo,,20,5.41,Black,Female,yes,YES,,Paris,dry,Sick,2024-01-05,N/A,a,70.0,63.19, ,46.0,74.0,b,92.0,49.59,B,,51.32,Unknown,83.0,28.01,A,85.0,55.61,B,48.0,77.18,C,86.0,19.13,C,84.0,67.05,Unknown,37.0,40.66,a,6.0,69.45,b
2104,Kitty,SCOTTISH FOLD,-1,4.82,,male,yes,Yes,,London,Dry,SICK,Jan 5 2024,44.18,a,81.0,34.99,a,45.0,38.19,A,70.0,14.63,Unknown,87.0,55.91,a,95.0,62.96,A,14.0,71.24,b,23.0,62.52,a,51.0,35.68,a,51.0,49.58,B,46.0,44.54, ,,28.0,a
2105,Simba,bengal,12,5.52,Brown,female,N,,,New York,wet,SICK,2024-01-05,30.15,D,24.0,41.14,C,90.0,32.74,A,72.0,67.04,B,25.0,70.92,B,42.0,57.33,C,91.0,51.87,D,16.0,58.84,A,89.0,30.86,A,39.0,77.52,b,41.0,54.12, ,82.0,69.29,A
2106,Oreo,scottish fold,16,4.91,Brown,Unknown,,YES,Yes, london,wet,healthy,2024/01/05,40.48,b,97.0,47.19,C,71.0,67.8,b,5.0,70.67,A,62.0,28.92,Unknown,3.0,60.25,B,79.0,45.72,B,36.0,54.8,C,34.0,22.53,b,30.0,51.45,b,3.0,29.03,D,42.0,82.38,D
2107,Smokey,,1,4.87,Brown,Male,N,No,Yes, london,wet,Checkup Needed,Jan 5 2024,15.28,D,39.0,66.94,C,30.0,unknown,Unknown,19.0,34.91, ,15.0,41.99,A,54.0,74.93,b,,72.25,Unknown,,46.9, ,19.0,83.35,B,61.0,46.85,A,0.0,60.16,a,90.0,70.94,b
2108,Milo, Bengal,14,-0.2,Brown,M,,,Unknown,Sydney,,,05/01/2024,51.81, ,41.0,66.16,D,67.0,39.64,A,82.0,20.51,C,43.0,46.96,Unknown,65.0,40.51,a,3.0,29.5,b,64.0,39.54,Unknown,75.0,77.16,Unknown,9.0,55.43,a,42.0,37.28,C,46.0,61.52,a
2109,Bella,Maine Coon,18,4.41,Gray,Male,N,YES,No,London,,healthy,2024/01/05,36.05,Unknown,97.0,85.68,Unknown,74.0,34.74,Unknown,81.0,46.25, ,78.0,58.43, ,31.0,37.64,b,25.0,63.72,A,69.0,60.42,Unknown,92.0,55.58,Unknown,75.0,53.48,b,41.0,58.98,D,92.0,74.74,Unknown
2110,Oliver,Abyssinian ,3,6.38,black ,Female,Y,YES,No, london,,SICK,Jan 5 2024,65.68,C,17.0,31.13,a,17.0,59.91,b,,57.65,A,50.0,51.06,D,14.0,45.34,b,60.0,57.48,C,,69.4,b,44.0,70.48,D,10.0,15.27,B,54.0,20.87,Unknown,32.0,90.51, 
2111,Luna,Unknown,24,2.07,Gray,Unknown,,Yes,, london,Wet,Healthy,,57.35, ,29.0,46.96,D,73.0,44.17,Unknown,33.0,51.8,D,65.0,52.25,C,52.0,85.65,b,25.0,40.23,A,34.0,17.81,B,99.0,68.16,C,4.0,87.16,A,92.0,14.33,b,42.0,44.7,C
2112,Oliver,ragdoll,1,4.75,Brown,Female,No,No,,Tokyo,Mixed,Healthy,05/01/2024,96.09,a,87.0,73.73,Unknown,22.0,12.62,b,63.0,67.47,b,12.0,42.02,b,90.0,50.6,Unknown,1.0,75.67, ,27.0,35.73,B,41.0,32.32,C,62.0,50.99, ,97.0,52.55,D,97.0,101.13,B
2113,Kitty,Unknown,13,2.67,Orange,Unknown,N,NO,,Tokyo,Mixed,Healthy,05/01/2024,52.86,b,73.0,36.73, ,30.0,27.77,B,97.0,62.65,A,,35.91,C,42.0,44.83,Unknown,98.0,77.89,A,79.0,40.18,B,81.0,50.46,b,6.0,45.43,b,5.0,25.31,a,11.0,62.34,D
2114,Kitty,ragdoll,11,3.04,,Male,No,NO,Unknown,Paris,Wet,,2024/01/05,19.79,b,90.0,69.04,b,81.0,54.52,C,41.0,25.23,a,39.0,52.51,Unknown,88.0,47.69,A,76.0,77.23,b,74.0,77.76,B,23.0,42.11,Unknown,76.0,65.41, ,99.0,62.53,Unknown,,59.38, 
2115,Leo,SPHYNX,6,4.65,White,Female,,,Yes,Tokyo,,Checkup Needed,05/01/2024,85.33,a,13.0,51.25,C,59.0,21.63,b,12.0,47.83,A,1.0,56.41,B,88.0,58.13,C,,47.92,B,,36.12, ,25.0,44.87,C,98.0,38.33,Unknown,59.0,34.7,C,3.0,7.67,D
2116,Bella,Siamese,5,3.67,Mixed,Female,No,YES,,Berlin,dry,Checkup Needed,Jan 5 2024,76.08,D,13.0,58.03,A,25.0,26.21,b,50.0,56.5, ,41.0,72.77,B,23.0,68.72,A,10.0,34.11,Unknown,47.0,64.31,D,80.0,39.61,a,89.0,37.22,B,51.0,67.18,B,1.0,60.55,B
2117,Loki,BRITISH SHORTHAIR,9,5.19,Orange,female,Y,NO,Yes,,Dry,Healthy,2024/01/05,29.01,Unknown,77.0,50.02,A,8.0,2.59, ,35.0,35.69,Unknown,82.0,40.5,B,52.0,36.42,C,23.0,43.88,Unknown,76.0,49.53,A,58.0,95.58,D,82.0,48.64,B,22.0,66.19, ,19.0,N/A,b
2118,Simba,RAGDOLL,6,5.37,,Female,N,Yes,No,New York,Dry,healthy,2024-01-05,46.7, ,17.0,45.54,D,2.0,40.61,A,,64.14,A,58.0,63.17,b,84.0,67.31,B,17.0,66.73,Unknown,20.0,20.81,B,45.0,30.32,C,6.0,25.79,B,72.0,50.52, ,74.0,61.72,D
2119,Leo,,23,5.26,,Unknown,Yes,YES,Yes,New York,Wet,healthy,2024-01-05,38.05,Unknown,48.0,33.67,C,56.0,-2.01,Unknown,42.0,27.52,B,69.0,46.92,C,96.0,11.41, ,2.0,34.88,B,24.0,39.31,Unknown,65.0,47.72,A,68.0,42.68,C,15.0,52.52,D,9.0,4.88,D
2120,Chloe,persian,24,2.26,,Male,yes,Yes,Yes,TOKYO,,SICK,05/01/2024,51.7,A,88.0,70.91, ,2.0,57.98,D,54.0,67.42,D,52.0,63.66, ,80.0,49.18,A,2.0,83.41, ,59.0,50.47,a,32.0,64.47, ,47.0,21.1,D,8.0,57.23,a,7.0,41.7,B
2121,Oliver,Unknown,6,6.53,Black,Unknown,N,Yes,Unknown,Berlin,Dry,healthy,2024/01/05,error,b,11.0,62.44,D,33.0,50.59,D,57.0,61.28,a,1.0,84.25, ,89.0,50.3,Unknown,55.0,64.11,b,24.0,39.05, ,41.0,53.59,A,21.0,54.17,b,,22.7,C,57.0,30.77,A
2122,Kitty,maine coon,24,4.44, WHITE,F,No,Yes,,TOKYO,dry,Checkup Needed,2024/01/05,74.75,a,81.0,53.7, ,0.0,50.26,Unknown,33.0,52.75,A,71.0,61.34,b,,50.69,C,53.0,85.83,B,90.0,67.99,b,29.0,68.93,A,67.0,44.28,D,70.0,76.38,a,11.0,27.13,A
2123,Shadow,abyssinian,16,4.02,,Unknown,N,,Unknown,London,Wet,Checkup Needed,05/01/2024,61.27,b,78.0,52.1,a,59.0,92.34, ,21.0,36.12,B,44.0,62.73,Unknown,24.0,44.37,A,1.0,36.94, ,66.0,70.7,D,96.0,41.45,A,38.0,44.9,B,,39.95,C,55.0,41.9,C
2124,Oreo,scottish fold,3,4.35,Orange,Male,Yes,,No,Paris,dry,,Jan 5 2024,77.96, ,63.0,52.06,Unknown,,20.17,A,19.0,22.96,Unknown,72.0,42.86, ,85.0,45.77,Unknown,12.0,39.86, ,87.0,19.9,B,21.0,92.57,C,33.0,14.66,D,31.0,56.83,D,,55.36, 
2125,Milo,Unknown,17,4.99,Orange,,Y,,,Berlin,Mixed,,,15.41,a,32.0,36.8,b,97.0,33.36,B,,58.44,b,17.0,48.68,b,69.0,55.48,B,,75.1,D,61.0,47.84,A,15.0,50.43,A,10.0,37.26,b,60.0,64.2, ,,91.1,a
2126,Lucy,ABYSSINIAN,21,5.62,black ,M,Y,,Unknown,TOKYO,wet,healthy,05/01/2024,49.32,a,8.0,46.67,b,56.0,49.76,B,,68.19,C,79.0,58.42,A,85.0,14.22,A,58.0,25.39,D,19.0,59.18,C,61.0,,B,17.0,57.24,A,,50.89,Unknown,54.0,36.23,D
2127,Bella,Siamese,4,3.73,Mixed,F,N,No,Unknown, london,wet,Healthy,Jan 5 2024,40.42,C,66.0,53.19,B,86.0,58.96, ,32.0,81.81,D,,4.32,Unknown,78.0,49.95,A,,40.34,D,76.0,38.31,Unknown,18.0,77.34,D,90.0,63.96,A,40.0,39.46,a,97.0,45.21,a
2128,Milo,Unknown,17,3.67,White,,N,YES,,Paris,,,,50.93, ,27.0,39.23, ,19.0,82.23,A,71.0,94.33,B,67.0,70.07,D,,73.04,a,24.0,60.5,a,24.0,33.04,Unknown,32.0,44.71,Unknown,27.0,24.57,Unknown,68.0,49.09,a,44.0,36.83,B
2129,Shadow, Siamese,3,3.65,Mixed,Male,N,,No, london,wet,Checkup Needed,Jan 5 2024,67.17,b,87.0,56.19,B,89.0,28.43,B,23.0,66.91,a,20.0,54.8,C,,57.87,b,36.0,75.6,b,2.0,66.17,B,14.0,81.44,a,26.0,32.33,C,74.0,81.18,A,43.0,31.69,B
2130,Leo, Scottish Fold,9,0.84,,M,Y,,Yes,Tokyo,Mixed,SICK,,13.29,B,87.0,50.13, ,53.0,28.59, ,32.0,53.25,D,18.0,70.56, ,60.0,35.86,C,97.0,62.36,C,97.0,35.75, ,19.0,13.67,B,21.0,29.41,A,75.0,24.57,b,44.0,44.16,C
2131,Milo,Unknown,13,4.79,Gray,Male,no,YES,No, london,Mixed,Sick,Jan 5 2024,69.06,C,,37.08, ,19.0,10.06,Unknown,,38.78,a,,41.86,A,71.0,52.38,C,,40.1,A,,75.97,b,24.0,60.49,A,75.0,57.67,b,81.0,54.16,B,90.0,unknown,a
2132,Lucy,Maine Coon,10,1.4,Brown,M,Y,YES,,Toronto,,,2024/01/05,76.71, ,56.0,9.78,b,20.0,87.85, ,36.0,110.37,Unknown,,68.44,D,93.0,48.08,a,71.0,57.73,Unknown,75.0,10.91,B,,33.33,b,12.0,50.63,D,90.0,60.41,a,39.0,54.71,C
2133,Luna,siamese,19,4.91, WHITE,M,Yes,,Yes,Paris,Mixed,healthy,Jan 5 2024,unknown, ,22.0,32.91,D,27.0,69.61,A,10.0,28.01,B,8.0,51.44, ,,82.62,a,50.0,16.62,a,,68.1,D,11.0,9.8,a,18.0,36.6,A,60.0,78.04,Unknown,63.0,29.7,b
2134,Simba,,2,5.74,Black,female,no,No,Yes,,wet,healthy,05/01/2024,93.31,b,38.0,28.7,C,61.0,41.71,b,98.0,61.33,b,96.0,-2.94,Unknown,46.0,11.58,B,99.0,54.91,b,59.0,81.93,A,63.0,36.93,A,67.0,47.8,b,39.0,34.6,A,20.0,58.96,Unknown
2135,Leo,British Shorthair ,1,5.95,Black,male,,YES,,,dry,Healthy,2024-01-05,47.92, ,67.0,30.38,A,24.0,57.12,D,,48.3, ,81.0,77.16,A,35.0,63.79,Unknown,60.0,65.66, ,25.0,69.95,B,68.0,55.89,B,54.0,50.88,Unknown,91.0,11.18,C,56.0,36.54,b
2136,Shadow,SIAMESE,16,3.97, WHITE,M,Yes,Yes,Unknown,New York,,,,19.04,Unknown,70.0,86.33,a,,70.84,D,25.0,66.57,a,,53.07,A,63.0,41.09,b,13.0,20.19,a,2.0,41.61,C,54.0,20.43,C,67.0,52.46,D,70.0,41.07,A,19.0,47.64,C
2137,Tiger,Siamese ,15,5.68,,female,no,,,Paris,dry,healthy,,70.47,D,30.0,58.45, ,,71.02,Unknown,64.0,55.57, ,43.0,59.39,b,56.0,81.73, ,34.0,31.07,Unknown,58.0,72.0,C,24.0,46.97,Unknown,91.0,42.78,b,,62.48,a,55.0,16.44,b
2138,Kitty,siamese,10,6.97,,Female,yes,,Yes,Tokyo,wet,Checkup Needed,,60.13, ,29.0,59.1, ,67.0,44.12,b,34.0,75.78,b,4.0,66.47,a,,86.35,D,,56.31,Unknown,9.0,54.96,C,99.0,72.82,B,90.0,104.15,A,91.0,50.98,Unknown,77.0,61.58,b
2139,Loki,,23,3.19,Brown,female,No,YES,No,Toronto,Dry,,2024/01/05,85.11,B,24.0,71.96,A,78.0,46.51,B,47.0,44.93,Unknown,12.0,41.83, ,70.0,21.79,C,58.0,62.33, ,98.0,30.08, ,10.0,20.68, ,43.0,52.11,C,81.0,74.99, ,18.0,65.19,B
2140,Loki,british shorthair,20,4.55,White,female,No,No,,TOKYO,dry,Sick,2024-01-05,61.73,b,98.0,21.23,B,51.0,14.26,B,23.0,23.18,Unknown,96.0,56.18,Unknown,,58.15,D,91.0,58.96,C,19.0,54.5,D,16.0,43.77,D,35.0,44.83,A,85.0,,A,52.0,44.49,C
2141,Oreo, Abyssinian,24,1.99,Mixed,,N,YES,,Paris,,Healthy,2024/01/05,44.31,a,29.0,72.34,Unknown,19.0,33.57,a,14.0,61.44,A,62.0,36.82, ,,24.04,C,33.0,57.25,A,33.0,60.67,a,,65.32, ,2.0,46.71,A,69.0,36.08,D,24.0,43.56, 
2142,Leo,,10,6.8,Gray,Unknown,Y,No,,Toronto,dry,Checkup Needed,Jan 5 2024,35.75,B,32.0,32.12,A,60.0,50.45,Unknown,54.0,53.72,B,53.0,54.68,B,98.0,17.74,C,22.0,45.72,D,79.0,29.99,a,98.0,40.87,b,87.0,29.74,C,79.0,55.04,a,19.0,25.76,D
2143,Bella,Unknown,-2,2.94,Black,Female,no,YES,No,New York,dry,Healthy,,66.16,a,82.0,52.44,Unknown,63.0,47.56,C,70.0,68.93,a,62.0,52.93,a,43.0,80.74,a,98.0,63.58, ,98.0,52.03,b,34.0,1.12,Unknown,93.0,44.03,D,94.0,66.98,b,82.0,74.29,C
2144,Loki,Unknown,-2,4.71,Black,Male,,YES,No,Berlin,wet,Healthy,2024-01-05,64.75,C,,43.15,a,,50.63,Unknown,93.0,84.65,C,58.0,54.0,b,56.0,37.33,C,60.0,64.22,Unknown,71.0,0.35,A,,20.93,A,96.0,49.88,D,14.0,33.49,A,73.0,40.42,B
2145,Tiger,BRITISH SHORTHAIR,4,4.59,Brown,male,Yes,,Unknown,Sydney,Mixed,Sick,,84.33,B,81.0,27.71,A,75.0,66.88,a,68.0,42.79,Unknown,81.0,54.85,Unknown,81.0,53.08,Unknown,54.0,52.89,B,56.0,38.63,B,44.0,41.53,A,60.0,35.01,b,40.0,59.16,b,27.0,75.97,B
2146,Oreo,maine coon,1,6.74,Brown,male,No,Yes,,Tokyo,,Healthy,2024-01-05,72.22,Unknown,50.0,35.6,D,7.0,85.3,a,87.0,62.44,A,5.0,99.06,D,60.0,6.39, ,35.0,37.33,b,69.0,27.52,C,13.0,60.64,D,81.0,18.2,D,2.0,65.44,b,37.0,28.29,Unknown
2147,Loki,siamese,7,3.8,Brown,Female,Yes,No,No,Berlin,wet,Checkup Needed,,47.36, ,36.0,57.51, ,36.0,10.45,A,88.0,66.65,D,46.0,52.22,b,50.0,54.34,D,55.0,33.42,C,88.0,96.09,b,22.0,12.79,A,1.0,-0.66,A,5.0,75.12,A,57.0,44.13,A
2148,Shadow,,6,5.29,White,male,Yes,YES,No,,dry,SICK,,28.64,a,80.0,29.18,D,6.0,66.12,Unknown,91.0,59.62, ,68.0,11.91,b,37.0,58.2,C,22.0,38.24,Unknown,82.0,61.48,D,24.0,37.48,C,,87.94, ,,63.11,b,15.0,96.91,B
2149,Luna,Unknown,17,4.68,White,Unknown,Yes,Yes,Yes,London,,SICK,05/01/2024,81.39,a,70.0,21.99,a,84.0,33.24,C,20.0,38.11,C,,62.87,C,86.0,78.39,Unknown,25.0,39.91,b,82.0,46.55,a,42.0,91.99,B,53.0,unknown,D,35.0,57.53,B,,101.98,Unknown
2150,Luna,,1,5.51,,female,N,,No,New York,dry,Healthy,05/01/2024,52.48, ,62.0,74.19,a,82.0,40.43,b,17.0,40.79,C,29.0,58.32,b,74.0,10.36,Unknown,38.0,22.76,B,19.0,26.69,Unknown,89.0,32.73,b,,71.88,A,82.0,73.82,a,37.0,33.92,b
2151,Shadow,SIAMESE,8,4.17,black ,,No,NO,No,Berlin,,Sick,Jan 5 2024,79.7,b,33.0,82.06,C,32.0,66.27,B,48.0,57.29,a,18.0,N/A,D,74.0,61.37,D,87.0,N/A,A,80.0,94.55,Unknown,20.0,25.59,A,67.0,44.39,B,53.0,75.48,A,1.0,43.56,b
2152,Bella, Abyssinian,21,3.74, WHITE,,no,,Unknown,Paris,wet,Sick,,104.79,A,78.0,24.25,D,41.0,58.56,Unknown,,34.04,b,24.0,47.32, ,74.0,4.94,a,64.0,62.41,D,,71.74,b,31.0,58.78,A,59.0,57.4,B,,51.87,b,88.0,61.31,b
2153,Luna, Sphynx,23,4.56,Mixed,female,N,NO,No,Tokyo,wet,Sick,,47.24,b,14.0,-2.98,b,44.0,53.15,b,8.0,55.52, ,81.0,66.51,A,12.0,52.47,C,79.0,39.2,a,29.0,58.32,A,80.0,9.86,a,20.0,55.58,Unknown,,99.3,D,81.0,16.35,C
2154,Kitty,persian,18,4.77,,female,,Yes,No,Paris,Mixed,Checkup Needed,Jan 5 2024,53.5, ,,13.03,C,,34.31,A,29.0,52.59,A,,45.52,C,14.0,36.36,b,9.0,18.29, ,34.0,56.47,D,74.0,54.05,Unknown,77.0,48.88,D,29.0,39.15,Unknown,77.0,45.66,b
2155,Leo,ragdoll,10,5.7,black ,Female,no,NO,No,New York,Wet,SICK,,17.73,b,5.0,19.57,b,55.0,42.77,C,81.0,53.48, ,34.0,58.54,b,,59.67,C,51.0,46.67,D,77.0,8.34,B,0.0,32.32,B,94.0,73.33,b,34.0,39.86,B,71.0,79.95,Unknown
2156,Nala,scottish fold,6,4.27,Gray,M,Yes,Yes,Yes,Sydney,,Healthy,,75.22,b,,20.0,A,52.0,40.87,a,39.0,17.88,Unknown,23.0,70.5, ,,59.06,b,52.0,76.31,b,,43.55, ,,50.62,B,32.0,44.57,C,58.0,38.17, ,78.0,23.25,D
2157,Oreo,Bengal,4,6.47,Brown,male,Yes,,No,,Dry,Healthy,,75.73,B,43.0,46.61,D,61.0,53.18,B,6.0,33.73,C,19.0,66.94,a,9.0,unknown,b,28.0,19.82,B,0.0,73.71,Unknown,9.0,64.95,A,73.0,11.88,D,93.0,15.74,a,15.0,51.87,B
2158,Smokey,,20,3.39, WHITE,Male,Yes,No,No,TOKYO,Mixed,Checkup Needed,,64.56,D,30.0,19.93,b,66.0,44.33,B,57.0,77.99,A,69.0,77.41,B,88.0,22.89,D,,70.84,B,74.0,13.75,Unknown,18.0,68.0,A,14.0,37.1,A,84.0,25.21,B,73.0,52.2, 
2159,Shadow, Scottish Fold,5,5.17,Orange,Unknown,No,NO,No,TOKYO,Mixed,healthy,2024-01-05,54.09,D,44.0,41.8,C,70.0,40.84,Unknown,67.0,26.77,D,17.0,73.76,B,91.0,-11.96,A,54.0,49.95,C,88.0,71.32,A,74.0,32.72,a,,21.49,C,48.0,49.05,B,38.0,49.02,b
2160,Chloe,SIAMESE,16,3.3,Orange,M,Yes,YES,Yes,Paris,Dry,Healthy,2024/01/05,50.28, ,59.0,81.18,a,39.0,60.43,C,39.0,70.18,C,14.0,31.23,B,30.0,85.84,D,18.0,79.25,b,20.0,51.68,Unknown,76.0,51.98,A,91.0,error,D,54.0,55.09,C,65.0,44.67,D
2161,Kitty,Bengal,19,0.41, WHITE,M,Yes,Yes,No,New York,dry,Sick,2024/01/05,11.48, ,96.0,55.35,C,87.0,92.45,C,90.0,47.51, ,30.0,56.69,D,55.0,37.04, ,81.0,80.7,Unknown,33.0,16.86,A,,37.17,B,,41.36,Unknown,72.0,15.41,Unknown,71.0,76.19,A
2162,Smokey,ragdoll,13,4.04,black ,M,Yes,YES,Unknown,Berlin,wet,Sick,,65.44,D,73.0,101.56,B,72.0,50.51, ,34.0,40.13,b,9.0,40.41, ,36.0,51.58,A,32.0,31.45,B,27.0,74.83, ,8.0,36.64,a,28.0,41.75,Unknown,10.0,42.55,b,12.0,67.98,D
2163,Smokey,bengal,2,4.12,White,,,YES,Unknown,Berlin,Wet,SICK,2024-01-05,41.53,b,13.0,32.07,C,87.0,65.31,D,23.0,45.11,B,8.0,40.11,a,33.0,89.68,B,5.0,30.14,B,82.0,85.68,D,10.0,48.12,Unknown,98.0,42.19,D,82.0,59.34,a,65.0,60.78,B
2164,Lucy,ABYSSINIAN,9,4.01,,Unknown,Y,YES,Yes,TOKYO,wet,healthy,,28.76,B,70.0,33.76,b,68.0,27.8,C,45.0,51.07,Unknown,67.0,46.5, ,28.0,53.67,A,62.0,107.83,a,99.0,34.78,b,77.0,15.61,C,,54.72,a,11.0,45.78,b,60.0,69.86,b
2165,Oliver,,24,3.07, WHITE,M,,NO,Unknown,Berlin,Dry,healthy,05/01/2024,63.34,A,92.0,78.26,a,12.0,12.31,C,82.0,82.54,A,67.0,57.06,A,76.0,50.9,A,1.0,61.25,B,,80.13,Unknown,75.0,41.87,B,5.0,61.93, ,12.0,60.36,a,23.0,44.72,C
2166,Lucy,Ragdoll ,9,4.03,black ,F,No,NO,Yes,Tokyo,Wet,SICK,2024/01/05,34.39,D,90.0,49.84,Unknown,41.0,38.68,A,52.0,55.66,C,62.0,32.6, ,68.0,52.38, ,37.0,44.37,D,52.0,48.78,B,35.0,40.44,B,30.0,37.37,a,99.0,11.1,D,62.0,45.14,a
2167,Milo,Scottish Fold ,24,3.97, WHITE,Unknown,N,No,Unknown,Paris,Mixed,Healthy,2024-01-05,31.89,C,73.0,59.49, ,9.0,65.08,C,,73.8,D,72.0,53.88,Unknown,1.0,62.0,B,86.0,44.92,B,18.0,52.28,A,92.0,-2.16,b,68.0,43.13,B,18.0,71.48,D,53.0,52.83,Unknown
2168,Simba,,10,0.2,black ,Female,no,,No,Tokyo,Dry,healthy,05/01/2024,29.82,Unknown,71.0,28.74,a,1.0,46.1,B,24.0,42.37,A,71.0,46.15,C,85.0,29.96,A,24.0,45.52,Unknown,88.0,53.78,B,97.0,31.98,b,13.0,44.89,B,23.0,74.17,A,77.0,59.79, 
2169,Simba,Sphynx,-2,3.74,Brown,Female,,,Unknown,Paris,dry,SICK,,57.0,A,82.0,73.88,C,96.0,47.06,C,89.0,33.86,C,,69.49,A,98.0,52.15,a,21.0,52.86,Unknown,73.0,52.99,D,,44.66,C,79.0,62.04, ,37.0,64.45,A,57.0,6.53,A
2170,Kitty,MAINE COON,3,6.5,Brown,,No,Yes,Unknown, london,Wet,healthy,,42.16,C,16.0,58.58,a,25.0,47.37, ,93.0,27.09,A,36.0,62.11,C,37.0,57.23,B,33.0,48.45,D,22.0,unknown,D,36.0,64.15,B,,51.72,A,41.0,69.49, ,88.0,33.55,D
2171,Simba,Bengal ,23,7.66,Black,Female,Y,Yes,Unknown,Paris,wet,SICK,05/01/2024,54.26, ,10.0,78.76,D,12.0,unknown,C,,unknown, ,55.0,74.45, ,13.0,47.89,a,,37.6,a,52.0,7.32,C,9.0,76.84,b,47.0,60.6,a,89.0,36.73,a,96.0,90.12, 
2172,Chloe,Unknown,4,4.05,White,male,Y,YES,No,Toronto,Dry,healthy,,33.65, ,50.0,65.91,D,10.0,40.72,b,,80.08,a,15.0,57.23,a,31.0,33.45,b,54.0,50.26,Unknown,52.0,31.01,b,78.0,58.17, ,13.0,85.13,b,97.0,63.68,B,0.0,43.64,D
2173,Bella,SIAMESE,11,1.88,Black,F,,NO,No,London,Mixed,Checkup Needed,05/01/2024,74.01,D,58.0,47.71,Unknown,33.0,54.29,Unknown,28.0,46.15, ,16.0,45.86,C,87.0,67.47,A,17.0,error,B,,32.79,Unknown,82.0,41.15,D,98.0,60.92,b,2.0,62.18,b,0.0,63.99,a
2174,Shadow,scottish fold,20,4.1, WHITE,F,Y,YES,Unknown,Berlin,Wet,Healthy,,32.45,Unknown,3.0,79.23,B,30.0,53.57,Unknown,27.0,36.45,Unknown,36.0,30.1,b,82.0,38.64,D,94.0,45.14,a,75.0,57.03,D,43.0,100.58,A,,60.08,b,66.0,24.46,A,,78.74, 
2175,Nala,Siamese,22,4.74,White,Female,yes,NO,No,,wet,Sick,2024/01/05,77.24,a,4.0,27.78,b,53.0,29.1, ,15.0,31.43, ,75.0,57.47, ,86.0,unknown,C,15.0,38.85,a,32.0,47.51,D,66.0,48.34, ,91.0,42.14, ,4.0,52.35,B,67.0,35.51,Unknown
2176,Smokey,Scottish Fold ,24,1.66,Orange,Unknown,,,Unknown, london,Wet,,Jan 5 2024,36.57, ,89.0,44.05,b,,47.87,A,,48.12,C,89.0,63.96,a,15.0,70.46,A,92.0,12.17,b,57.0,60.02,A,,31.66, ,5.0,26.98,b,,63.28,A,38.0,0.56,a
2177,Nala,Abyssinian ,3,4.49,Black,M,N,Yes,,London,dry,healthy,2024-01-05,37.31,A,64.0,62.89,D,3.0,52.65, ,56.0,48.28,b,87.0,41.56,D,89.0,30.71,D,89.0,22.93,b,68.0,36.0, ,33.0,35.26,B,14.0,40.78,D,16.0,38.77,C,96.0,45.32,A
2178,Milo,Unknown,16,4.81, WHITE,Unknown,Y,No,,Paris,wet,,,43.29,C,81.0,41.93,Unknown,2.0,54.63,A,,97.64,b,25.0,38.09, ,90.0,94.88,Unknown,52.0,74.62,a,26.0,35.84,Unknown,21.0,16.9,C,30.0,65.56,A,85.0,78.86,C,29.0,77.3,b
2179,Lucy,,10,4.4,black ,male,N,NO,,Sydney,wet,Sick,Jan 5 2024,42.08,b,8.0,45.96,C,9.0,47.0,a,48.0,21.94,C,95.0,68.96,C,35.0,11.48,B,65.0,50.57,C,53.0,68.97,b,60.0,56.46,Unknown,36.0,12.98,a,63.0,32.81,C,67.0,39.66,b
2180,Oreo,BRITISH SHORTHAIR,12,4.46,Gray,M,Yes,Yes,No,New York,Dry,Checkup Needed,,68.53,a,27.0,49.92,D,,56.3,a,99.0,80.66,a,65.0,34.96,D,14.0,5.46,Unknown,2.0,57.31,Unknown,52.0,75.25,A,,28.77,B,,54.19,C,32.0,48.95, ,12.0,54.92,a
2181,Tiger,ragdoll,1,2.42, WHITE,M,N,,,Paris,Wet,healthy,,64.53,C,62.0,-2.19,a,50.0,51.54,a,38.0,26.23,Unknown,34.0,34.28,b,12.0,41.79, ,38.0,46.85,Unknown,,48.43,D,29.0,56.32,B,12.0,49.72,A,19.0,90.44,a,80.0,65.7, 
2182,Loki, Ragdoll,21,6.61,black ,Male,,,,Paris,Wet,,05/01/2024,11.83,C,58.0,66.26,C,11.0,53.03,C,13.0,50.13,C,58.0,77.48,B,87.0,51.98,D,4.0,27.46, ,98.0,87.95,B,6.0,43.2, ,87.0,73.9,A,73.0,43.41,B,42.0,66.77,C
2183,Kitty,Maine Coon ,7,5.81,White,M,No,YES,Yes,Berlin,dry,healthy,2024/01/05,80.56,Unknown,93.0,36.21,b,50.0,58.34,C,4.0,0.06,C,33.0,69.3,b,20.0,79.6,b,40.0,53.15, ,69.0,45.7,C,92.0,48.75,B,15.0,60.69,a,81.0,66.3,D,47.0,61.2,C
2184,Loki,Unknown,17,4.38, WHITE,male,yes,YES,No,TOKYO,Wet,healthy,,59.66,Unknown,7.0,56.91, ,,37.06,C,57.0,25.69,Unknown,62.0,85.58,A,5.0,38.8,b,85.0,59.41,B,81.0,72.31,A,56.0,30.27,Unknown,51.0,60.83,a,21.0,40.34,Unknown,2.0,38.15,C
2185,Oliver,,3,5.14,Brown,,no,,,Tokyo,,Healthy,2024-01-05,14.98,A,,64.83,D,91.0,46.93,D,77.0,13.9,b,78.0,34.66,b,84.0,54.84,A,,35.76,b,12.0,57.12,B,50.0,75.91,a,50.0,59.24,C,84.0,78.67, ,56.0,51.85,D
2186,Simba,Maine Coon,24,4.2, WHITE,female,yes,Yes,Yes,Tokyo,Mixed,SICK,,57.74,C,0.0,36.86, ,36.0,91.34,D,51.0,12.97,B,66.0,76.72,Unknown,42.0,9.88,Unknown,71.0,38.67,A,10.0,47.96,A,77.0,15.11,B,57.0,58.82,A,26.0,45.8,a,,38.35,a
2187,Tiger,Siamese ,-1,6.47,Black,Unknown,,No,Yes, london,wet,healthy,,63.46,A,61.0,56.13,C,50.0,60.22,b,21.0,23.18,A,78.0,unknown,C,41.0,21.54,B,32.0,54.07,b,,38.45,D,63.0,87.48,D,97.0,42.3,a,97.0,72.86,a,,unknown, 
2188,Nala,,-1,7.23,black ,Male,Y,YES,,New York,dry,,,49.65,Unknown,31.0,64.22,D,5.0,47.96,D,,29.17,Unknown,11.0,47.29,D,97.0,48.71,C,,48.77,b,65.0,60.84,b,22.0,49.71,a,73.0,59.85,b,61.0,64.63,b,73.0,58.4,a
2189,Bella,,-2,5.14,Gray,female,No,,No,New York,dry,SICK,2024-01-05,46.09,Unknown,86.0,54.51,A,22.0,29.68, ,86.0,50.59,B,56.0,107.94,A,77.0,59.23,Unknown,35.0,63.85,B,61.0,61.85, ,,42.8,b,65.0,71.48,B,50.0,65.66,A,79.0,unknown,D
2190,Simba,Siamese,18,4.31,Gray,M,N,,Yes,TOKYO,,Healthy,,42.51,B,92.0,47.38,a,57.0,70.27,Unknown,5.0,34.94,a,99.0,27.34,B,91.0,46.31,B,,52.62, ,71.0,57.6,D,82.0,36.02,B,,30.17, ,,55.27, ,75.0,46.48,D
2191,Shadow,RAGDOLL,23,7.41,Gray,M,,Yes,No,,wet,SICK,,66.87,B,49.0,64.96,D,40.0,67.78,C,31.0,14.84,Unknown,99.0,37.97,A,98.0,52.94,a,36.0,44.74,A,97.0,62.45,B,10.0,77.89,b,24.0,57.79,C,61.0,36.31,Unknown,43.0,28.06,A
2192,Shadow,,13,3.0,Mixed,Female,yes,Yes,,Berlin,,Sick,,32.53,A,42.0,23.88,B,82.0,45.0,a,80.0,47.6,b,94.0,60.01,D,63.0,49.3,a,79.0,8.91,C,,52.5,a,71.0,49.27,A,,61.53,C,90.0,67.27,a,51.0,49.93,A
2193,Kitty,Unknown,8,6.58,Mixed,,no,NO,No,New York,Mixed,Healthy,,28.72,A,60.0,74.84,Unknown,,36.77,C,28.0,76.33,A,30.0,41.92,D,29.0,60.08,D,38.0,17.21,b,13.0,59.96,b,63.0,36.67,A,0.0,89.37,C,88.0,64.99, ,88.0,29.42,b
2194,Shadow,,10,6.49, WHITE,male,,NO,No,New York,,,2024/01/05,28.16, ,19.0,9.45,C,14.0,62.07,Unknown,52.0,60.75,D,,59.67,A,66.0,85.04,C,51.0,62.05,D,79.0,23.57,b,3.0,15.64,D,55.0,36.77, ,2.0,56.67,b,,54.66,B
2195,Shadow,Unknown,11,5.66,,M,Yes,YES,Yes,Tokyo,dry,,,71.86,b,97.0,37.45,A,57.0,42.32,A,79.0,18.01,Unknown,8.0,57.73,D,24.0,56.95,B,85.0,10.91,B,29.0,60.06,a,33.0,N/A,b,63.0,51.59,A,74.0,45.03,Unknown,47.0,30.49,B
2196,Leo,,24,3.88,White,Female,,YES,,New York,wet,SICK,,57.72,B,76.0,60.53,Unknown,,84.0, ,63.0,31.77, ,94.0,43.41,Unknown,68.0,24.8,C,68.0,44.27, ,24.0,66.69,b,62.0,12.7,D,45.0,35.16,C,5.0,29.07,B,95.0,69.38, 
2197,Oreo, Ragdoll,1,1.95,Black,F,no,No,No,TOKYO,Dry,Checkup Needed,05/01/2024,50.16,D,,54.37,A,43.0,33.47,D,36.0,67.49,C,44.0,66.5,D,62.0,67.31,A,5.0,29.27,D,78.0,61.91,Unknown,33.0,44.3,a,71.0,25.07,B,69.0,52.7,B,55.0,28.38,a
2198,Tiger,Abyssinian ,17,6.64,Brown,Male,No,Yes,,TOKYO,Wet,Sick,,43.53,a,19.0,99.34,a,51.0,14.9,a,88.0,67.78,D,78.0,55.54,a,93.0,27.03,C,44.0,33.33,D,14.0,82.94, ,7.0,36.25,B,41.0,74.7,B,45.0,41.8,B,5.0,46.28,a
2199,Shadow, Ragdoll,18,3.4,Mixed,male,No,,Unknown,London,Mixed,Sick,,47.42,B,89.0,57.77,B,39.0,91.05,b,84.0,50.08,B,72.0,38.81,C,62.0,35.21, ,22.0,53.52,D,1.0,61.25,B,87.0,62.94,C,48.0,52.1,C,74.0,66.65,D,14.0,67.56,B
2200,Lucy, Bengal,8,4.0,Gray,male,Y,YES,Unknown,,Wet,healthy,Jan 5 2024,69.23, ,98.0,55.47,A,47.0,77.67,b,65.0,91.64,b,,68.55,b,5.0,53.0,A,24.0,-0.27,D,89.0,42.2,D,63.0,76.8,A,1.0,50.15, ,84.0,8.42,B,97.0,119.45,D
2201,Tiger,Persian ,17,6.48,Black,Unknown,Y,No,Yes,,,SICK,,14.36,D,21.0,81.59,D,47.0,35.72, ,50.0,58.62,A,86.0,96.37,D,23.0,78.52,b,11.0,69.81, ,10.0,62.29,b,87.0,56.88,a,53.0,30.0,A,52.0,10.28, ,,63.21,a
2202,Leo,Bengal ,7,5.27,black ,F,Y,NO,No,,Dry,Healthy,,39.34,A,,26.46,D,37.0,69.8,a,17.0,47.37,b,53.0,9.63,B,8.0,46.9, ,10.0,22.18,b,89.0,76.39,D,65.0,36.98,C,37.0,61.04,b,13.0,19.09,D,72.0,57.9,D
2203,Chloe, Persian,3,5.71,Black,F,Yes,YES,No,,wet,SICK,Jan 5 2024,6.01,Unknown,35.0,56.06,b,84.0,21.73,D,,59.47,a,52.0,13.13,A,37.0,75.53,D,,48.35,a,56.0,N/A,A,53.0,49.91,a,71.0,54.6, ,47.0,31.37,Unknown,69.0,22.82,B
2204,Simba, Persian,11,4.27,Black,Male,N,NO,Yes,Paris,Dry,Sick,,56.18,b,,50.54,C,42.0,47.08,Unknown,55.0,58.48, ,60.0,87.03,a,3.0,45.22,Unknown,5.0,49.42,b,36.0,74.4,A,64.0,39.59,A,,32.31,b,35.0,42.39,B,,66.33,A
2205,Oliver,,6,4.45,black ,Female,yes,YES,Unknown,,Wet,SICK,,66.93, ,62.0,62.21,C,29.0,68.67,A,47.0,16.14,Unknown,41.0,45.9,B,11.0,95.37,Unknown,5.0,57.75,D,78.0,49.88,a,54.0,57.08,Unknown,,58.95,C,13.0,37.2,a,,7.47,A
2206,Nala,Bengal,15,2.89,black ,male,yes,NO,Yes,TOKYO,Mixed,SICK,2024/01/05,73.67,D,65.0,12.62,b,,76.23, ,41.0,-3.69,D,35.0,42.22,Unknown,82.0,5.57,C,,81.83,a,53.0,45.28,D,92.0,62.44,D,0.0,67.69,D,14.0,43.93,Unknown,43.0,53.08,Unknown
2207,Milo,,24,5.91,Orange,F,no,NO,No,New York,Dry,,2024-01-05,70.29,A,33.0,54.23,a,,9.62,b,82.0,33.33,b,60.0,57.2,a,69.0,56.24,D,38.0,56.42,b,32.0,48.65,b,17.0,67.31, ,47.0,30.22,b,82.0,30.59,Unknown,95.0,40.37, 
2208,Leo,,11,7.39,White,F,Y,YES,, london,wet,SICK,05/01/2024,67.97,Unknown,79.0,83.77,B,51.0,19.66,B,35.0,23.6,B,59.0,69.77,a,15.0,65.4,B,94.0,72.97,b,85.0,26.26,Unknown,69.0,11.21, ,73.0,48.36, ,,73.2,B,19.0,51.22,B
2209,Oliver,SPHYNX,23,4.99,Mixed,Unknown,N,Yes,Yes,New York,Dry,Sick,Jan 5 2024,11.7,B,16.0,41.52,B,12.0,47.83,C,51.0,36.29,b,40.0,74.92,D,,96.12, ,34.0,41.73,B,23.0,83.58,C,57.0,42.96,A,19.0,53.89,C,40.0,20.87,Unknown,63.0,46.51,A
2210,Milo,SCOTTISH FOLD,1,5.55,White,Male,Yes,No,Yes,Paris,dry,,2024/01/05,46.89,D,11.0,71.27,b,1.0,57.32,C,24.0,56.9,b,65.0,23.27,Unknown,,45.67,b,68.0,26.96, ,,44.23,b,11.0,42.06,C,24.0,61.15, ,99.0,41.58,D,90.0,60.13, 
2211,Oreo, Abyssinian,-2,5.26,White,F,no,YES,Yes,Paris,dry,,05/01/2024,65.77, ,27.0,52.18,a,21.0,12.45,C,12.0,54.75,Unknown,19.0,85.08,D,4.0,64.98, ,56.0,79.82,Unknown,66.0,74.27,a,42.0,46.26,D,62.0,84.05,Unknown,73.0,53.43, ,86.0,74.27,a
2212,Simba,SCOTTISH FOLD,20,6.02,White,Female,no,No,Yes,Berlin,,Sick,2024/01/05,43.32,D,,unknown,a,,54.59,C,34.0,16.62, ,95.0,55.82,D,44.0,71.3,D,,52.78,C,59.0,81.98,b,78.0,101.73,B,51.0,61.62,C,58.0,54.73,A,,45.98,A
2213,Chloe,Sphynx ,12,2.59,White,F,Yes,,,Toronto,Wet,Checkup Needed,2024/01/05,29.31,Unknown,52.0,61.66,A,21.0,27.77,C,40.0,43.71,D,,45.53, ,24.0,51.89,A,18.0,53.23, ,53.0,47.41,D,60.0,77.85,C,55.0,41.82,A,17.0,51.81,A,44.0,81.39,A
2214,Chloe, Sphynx,18,3.19,Orange,F,no,No,No,TOKYO,Mixed,SICK,,59.24,B,63.0,35.35,b,59.0,40.69,b,13.0,64.16,b,39.0,80.45,D,48.0,67.56,C,56.0,80.63,b,30.0,76.79,a,57.0,59.26,Unknown,12.0,61.86, ,61.0,37.89,B,39.0,57.3,A
2215,Nala,ABYSSINIAN,12,2.9, WHITE,male,no,NO,Unknown, london,dry,Sick,,79.86,C,55.0,41.66,b,24.0,52.22,C,38.0,104.18,A,38.0,40.73,Unknown,16.0,38.14,B,66.0,47.45,D,76.0,34.12,Unknown,3.0,50.95,D,19.0,11.9,D,7.0,35.97,D,74.0,66.65,b
2216,Lucy,Unknown,21,1.88,Black,,No,,No,Tokyo,,Sick,2024-01-05,56.22, ,84.0,55.38,C,73.0,35.81,b,76.0,4.44,b,2.0,29.1,B,57.0,49.22,D,13.0,83.64,Unknown,43.0,48.71,D,80.0,81.79,Unknown,92.0,73.96,A,83.0,36.87,Unknown,38.0,75.23,b
2217,Lucy, Ragdoll,4,5.32, WHITE,Female,No,,Unknown,Berlin,dry,,,51.35,D,86.0,41.17,D,,50.52,A,99.0,34.31,Unknown,40.0,41.74,Unknown,1.0,50.75,b,34.0,55.1, ,86.0,5.54,Unknown,,error,A,78.0,40.31,C,9.0,80.07,Unknown,26.0,47.09,D
2218,Tiger,Unknown,13,5.76,Orange,,yes,NO,,New York,wet,,,35.39,D,47.0,45.6,B,8.0,10.44,Unknown,54.0,4.04,b,64.0,77.62,C,93.0,40.26,a,98.0,93.93,A,30.0,20.32,b,42.0,56.58,A,50.0,62.15,D,,60.04,C,99.0,71.92,B
2219,Oreo,persian,3,4.3,Orange,male,no,Yes,No,Tokyo,Wet,Checkup Needed,,45.4,C,74.0,N/A, ,13.0,40.05, ,41.0,85.54,D,,17.82, ,3.0,51.2,C,10.0,7.52,Unknown,12.0,76.17,C,90.0,50.97,D,,23.71,D,15.0,30.2, ,39.0,34.76,a
2220,Simba,,20,5.0,Orange,,no,No,No, london,Dry,,2024-01-05,50.92, ,97.0,73.43,a,65.0,49.42,A,60.0,32.67,C,82.0,56.16,Unknown,12.0,74.56,A,35.0,65.6,A,88.0,67.82,B,14.0,36.72,C,16.0,41.59,D,93.0,59.39,D,31.0,39.59,B
2221,Bella, Sphynx,-2,6.49,Brown,Unknown,N,,,TOKYO,Dry,,05/01/2024,49.1,D,21.0,56.6,a,72.0,55.48, ,38.0,18.57,A,5.0,68.92,C,38.0,54.48,b,,20.43,A,84.0,56.84, ,34.0,77.54,C,9.0,40.69,a,7.0,15.59,C,13.0,33.4,D
2222,Simba,Unknown,5,1.66,,,no,Yes,,TOKYO,wet,,,39.25,Unknown,87.0,69.73,a,8.0,42.23,a,45.0,32.3,b,73.0,41.63,b,41.0,71.94,b,42.0,-1.07,D,46.0,36.17,A,73.0,48.01,a,89.0,75.72,B,58.0,45.23,a,47.0,52.63,A
2223,Chloe,maine coon,5,3.97,Black,M,Yes,Yes,Yes,London,Dry,healthy,2024/01/05,77.43,B,20.0,58.35,b,77.0,61.44,D,49.0,18.01,b,52.0,14.18,C,90.0,100.02,B,,46.3,a,48.0,65.52,a,97.0,56.02,A,,80.9,D,48.0,52.36,Unknown,55.0,65.93, 
2224,Simba,scottish fold,15,7.37,Brown,,,Yes,,New York,,Healthy,05/01/2024,15.78,C,,28.06,Unknown,79.0,43.17,Unknown,,57.9,A,70.0,29.74,B,,39.96,Unknown,73.0,54.88,D,1.0,54.42,a,73.0,N/A,Unknown,52.0,29.86,a,55.0,41.05,B,3.0,54.09,a
2225,Milo,Maine Coon ,-2,5.35,Mixed,female,N,YES,Yes,Paris,Wet,Healthy,,45.87, ,55.0,39.4, ,86.0,21.94,Unknown,63.0,31.33,a,71.0,43.67,Unknown,0.0,51.52, ,89.0,,B,92.0,25.82,Unknown,35.0,28.46,Unknown,49.0,41.29,C,88.0,29.71,a,62.0,49.01,B
2226,Bella,Bengal,24,6.34,Gray,Unknown,No,,Unknown,Toronto,wet,Healthy,,52.28,B,0.0,96.36, ,58.0,54.54, ,3.0,70.13,C,25.0,7.08, ,96.0,48.92,C,43.0,85.02,B,26.0,74.3,b,51.0,67.4,B,47.0,15.16,Unknown,45.0,44.83,a,,26.75,Unknown
2227,Kitty,Sphynx ,13,2.89,Mixed,F,Y,No,,London,Wet,Checkup Needed,2024/01/05,70.63,A,94.0,19.35,A,84.0,49.98, ,11.0,4.7, ,15.0,30.26,a,1.0,46.99,C,97.0,59.29,A,28.0,23.23,B,32.0,18.75,b,92.0,40.99,D,33.0,65.89,D,90.0,78.3,C
2228,Lucy,abyssinian,9,4.93,Orange,Male,N,,,Toronto,Mixed,healthy,05/01/2024,63.61,a,,44.05,A,3.0,43.74,a,96.0,-7.16,D,10.0,31.66,D,2.0,49.76,a,50.0,59.5,C,19.0,29.23,D,38.0,46.29, ,42.0,63.22,b,34.0,51.26,a,1.0,47.46,a
2229,Bella,Unknown,9,3.72,Mixed,,,YES,No, london,dry,Checkup Needed,,32.76,a,28.0,73.77,A,78.0,,Unknown,58.0,85.72,A,58.0,46.17,b,,41.49,A,35.0,61.2,b,62.0,45.34,Unknown,99.0,41.74,Unknown,28.0,50.07,A,20.0,54.32,A,65.0,14.34,B
2230,Nala,Scottish Fold,16,3.12,White,Unknown,N,Yes,No,London,Mixed,Healthy,2024/01/05,63.52,A,63.0,56.36,C,32.0,63.4,B,25.0,87.17,B,63.0,34.09,b,1.0,22.21,b,76.0,53.78,b,78.0,77.27,C,33.0,56.42,Unknown,58.0,96.12,Unknown,66.0,53.43,A,44.0,43.11,a
2231,Lucy,scottish fold,9,4.46,Orange,male,,,Unknown,Sydney,Wet,Checkup Needed,2024-01-05,24.66,a,31.0,79.32,A,56.0,23.79,D,48.0,73.44,C,,63.53,A,52.0,27.1,Unknown,6.0,45.1,a,21.0,N/A,D,85.0,65.81,a,99.0,52.75,C,,71.92,C,65.0,37.96,b
2232,Nala,british shorthair,4,5.36,black ,M,yes,No,No, london,Mixed,Sick,Jan 5 2024,45.85,C,51.0,63.17,Unknown,69.0,80.43,C,28.0,-1.09,Unknown,96.0,43.58,Unknown,70.0,63.18,D,14.0,59.77,A,72.0,60.98,a,59.0,53.65,A,,47.68,C,49.0,48.86,b,41.0,42.75,a
2233,Milo,,20,6.24,Black,F,,Yes,Yes,Toronto,Wet,Checkup Needed,05/01/2024,57.81,B,27.0,45.46,Unknown,73.0,81.51,A,56.0,86.57,Unknown,36.0,76.04,B,69.0,69.48,D,57.0,28.18,B,62.0,68.66,A,31.0,50.39,Unknown,,24.91,A,47.0,91.49,b,10.0,62.96,C
2234,Bella,Persian ,5,4.18,Mixed,female,Yes,No,,Toronto,Mixed,healthy,05/01/2024,67.0,b,40.0,55.39,A,15.0,62.64,a,14.0,90.76,A,0.0,41.85,b,47.0,66.56, ,15.0,49.7,D,,24.52,B,81.0,26.17,B,28.0,72.87,D,35.0,33.82,C,,67.43,Unknown
2235,Oreo,Unknown,18,4.25,Gray,Female,no,No,No,Sydney,Dry,,,57.01,b,,66.2, ,25.0,31.8,a,,60.59,D,40.0,80.41,D,81.0,67.94,Unknown,34.0,44.49,D,49.0,43.82,A,85.0,31.52,B,38.0,52.56,b,,64.77,B,34.0,45.97,Unknown
2236,Oliver,,1,28.32,White,female,Y,,Unknown,London,dry,Sick,05/01/2024,75.95,b,,45.0, ,28.0,56.47,b,65.0,72.83,D,39.0,57.1, ,8.0,32.21,B,,18.55,b,2.0,64.09,a,68.0,66.9, ,82.0,76.62,a,48.0,76.45,C,47.0,24.85,C
2237,Shadow,Siamese ,17,4.57,,male,Yes,Yes,No,Tokyo,Dry,healthy,,71.54,D,19.0,84.64,b,19.0,63.22,B,84.0,50.87,a,64.0,20.38,b,54.0,48.96,a,76.0,56.68, ,58.0,57.24,Unknown,96.0,46.97,B,87.0,62.88,b,58.0,60.37, ,71.0,47.69, 
2238,Tiger,maine coon,3,6.56,Mixed,Unknown,Y,No,Unknown,TOKYO,Wet,SICK,2024/01/05,71.78,A,47.0,29.28, ,95.0,-8.35,Unknown,42.0,59.67,b,43.0,25.09, ,4.0,45.16,a,53.0,38.11,A,76.0,60.33,B,88.0,24.95,b,49.0,80.24,B,16.0,76.24,B,38.0,65.65,A
2239,Bella,Unknown,15,3.44,black ,Male,no,,No,Berlin,Mixed,Checkup Needed,05/01/2024,26.51,B,87.0,40.68,A,91.0,47.21,C,54.0,55.1,C,54.0,53.89,C,49.0,70.62,C,81.0,75.45,Unknown,52.0,52.14,C,23.0,52.53,D,2.0,69.42,b,35.0,56.31,Unknown,81.0,75.83,b
2240,Milo,RAGDOLL,-2,4.02,White,,yes,YES,Unknown,TOKYO,dry,SICK,2024/01/05,34.77,A,32.0,52.05,b,,54.2, ,60.0,68.91,A,65.0,30.09,B,10.0,38.42,D,10.0,60.79,Unknown,68.0,78.65, ,35.0,16.21, ,,42.38,Unknown,30.0,34.63,B,27.0,58.12,B
2241,Nala,Siamese,9,6.57,black ,F,yes,No,No,Sydney,wet,Sick,,50.7,B,22.0,34.81,b,94.0,55.95,C,36.0,74.36,B,32.0,42.59,B,77.0,42.97,Unknown,,50.02,b,,73.41,Unknown,22.0,41.97,B,56.0,75.84,A,77.0,76.81,B,65.0,45.83, 
2242,Milo, British Shorthair,-1,5.18,Mixed,M,No,,Yes,Toronto,Mixed,Sick,05/01/2024,50.76,b,33.0,33.43,C,0.0,83.51,A,65.0,50.15,B,26.0,60.23,b,70.0,50.9, ,,52.86,C,,69.93,b,82.0,89.81,C,66.0,67.82,A,14.0,107.07,Unknown,76.0,61.71,A
2243,Chloe,MAINE COON,16,4.11,Brown,F,yes,NO,Yes,Paris,Mixed,Sick,2024-01-05,66.55,C,88.0,37.25,a,76.0,67.43,b,,88.1,C,13.0,39.83,A,37.0,68.54,C,80.0,47.44,a,24.0,50.14,B,,22.43, ,32.0,39.05,a,11.0,79.26,D,41.0,58.75,D
2244,Simba,abyssinian,19,3.06,Mixed,,,,,Berlin,Wet,,,66.85,b,76.0,41.87,B,83.0,48.49,b,96.0,44.72,Unknown,68.0,64.75,B,25.0,53.22,A,,69.41,a,46.0,44.75, ,97.0,49.31,Unknown,39.0,45.88,D,82.0,25.0,A,55.0,36.78,b
2245,Lucy,,24,4.71,black ,Female,no,YES,No,London,wet,healthy,05/01/2024,49.32,a,25.0,47.92,B,50.0,49.08,D,2.0,18.31,C,50.0,29.96, ,70.0,56.53,C,57.0,73.9,D,31.0,58.22,C,,75.31, ,85.0,52.3,C,42.0,39.15,a,72.0,82.67,B
2246,Nala,Scottish Fold ,12,3.8,,Male,yes,YES,Unknown, london,Wet,Healthy,,41.51,B,9.0,59.6,Unknown,49.0,23.4,a,80.0,70.55,C,28.0,25.44,A,52.0,65.13,D,14.0,45.66,a,67.0,10.6,D,19.0,54.01,C,15.0,33.32,b,15.0,43.61,A,76.0,38.72,C
2247,Bella,Sphynx,18,5.0,White,Male,Y,Yes,Unknown,Berlin,Dry,,2024-01-05,20.5,C,74.0,53.43,A,80.0,49.94,B,84.0,79.34,C,,51.54,a,57.0,50.17,a,66.0,37.07, ,9.0,51.53,A,40.0,41.23,a,24.0,9.42,b,93.0,74.9, ,39.0,28.89,D
2248,Oreo, Maine Coon,23,5.54,Black,F,No,Yes,Unknown,Toronto,Wet,healthy,Jan 5 2024,95.42,C,,39.74,A,51.0,50.79,b,97.0,45.24,a,11.0,28.37,b,,58.16,D,50.0,29.76, ,34.0,11.66,a,40.0,31.0,B,63.0,32.38,a,59.0,65.91,b,21.0,71.52,A
2249,Luna,Unknown,16,6.58,Brown,M,N,YES,,Berlin,,Sick,2024-01-05,61.7,C,73.0,52.85,Unknown,8.0,58.9,B,85.0,81.25,D,42.0,62.24,D,9.0,19.48,C,30.0,57.22,C,14.0,31.63,Unknown,93.0,16.67,C,80.0,33.76,B,26.0,51.2, ,13.0,48.42,C
2250,Milo,Unknown,7,3.61,Orange,Unknown,,YES,,TOKYO,wet,healthy,,30.41, ,0.0,6.28,A,11.0,61.41, ,,101.02,b,21.0,61.06,B,75.0,60.35,a,65.0,68.28,B,4.0,65.52,A,79.0,35.36,A,17.0,32.7,B,13.0,12.78,b,,43.53,B
2251,Shadow,maine coon,4,3.73,Gray,female,N,Yes,Unknown,Berlin,Mixed,healthy,2024-01-05,65.14,D,31.0,66.22,B,63.0,70.81,C,89.0,34.5,Unknown,98.0,69.4,D,74.0,72.41,A,,18.17,B,19.0,75.0, ,22.0,83.53, ,97.0,40.2,C,77.0,31.66,A,50.0,57.9,D
2252,Bella,SPHYNX,2,5.95,Black,Unknown,no,YES,Unknown,London,dry,Sick,Jan 5 2024,71.75,a,0.0,49.21,C,82.0,40.95, ,65.0,97.3,Unknown,,17.85,b,,78.61,D,65.0,45.51,A,15.0,53.54,A,67.0,78.59, ,21.0,75.22,a,79.0,66.34,b,23.0,43.09,Unknown
2253,Milo,ragdoll,9,3.25,,female,yes,,No,Toronto,,healthy,,38.29,B,55.0,43.85,b,27.0,65.98,b,25.0,44.26,C,,43.34,b,60.0,69.3,B,47.0,31.85,a,95.0,91.28, ,91.0,45.18,Unknown,44.0,46.36, ,44.0,74.49, ,93.0,72.61, 
2254,Loki,Unknown,15,5.67,Black,Female,no,NO,Yes,New York,,healthy,05/01/2024,37.4,D,5.0,80.42,D,23.0,41.5, ,82.0,29.15,a,98.0,error,b,37.0,75.75,C,12.0,57.86,C,36.0,40.31,a,78.0,66.07,B,12.0,57.42,b,68.0,62.72,D,38.0,48.97,A
2255,Chloe,Ragdoll ,-2,5.34,Gray,Female,yes,No,No,Tokyo,dry,healthy,,84.66,b,,47.34,D,98.0,19.79,A,16.0,44.18,b,,65.86, ,71.0,29.25,Unknown,96.0,54.97,D,78.0,16.46,Unknown,19.0,13.02,A,76.0,32.54,C,95.0,74.81,A,,75.52,b
2256,Shadow,,9,3.69,Gray,M,,YES,,Toronto,,Checkup Needed,,43.02,Unknown,,32.73,b,32.0,unknown,b,47.0,63.71,Unknown,61.0,61.63,D,99.0,49.67,b,46.0,38.68,B,65.0,40.28,C,76.0,109.74,D,48.0,4.08, ,53.0,43.24,D,10.0,64.2,B
2257,Smokey, Siamese,21,5.51,black ,Male,Yes,,No,London,dry,,2024/01/05,50.41,Unknown,89.0,105.66,D,43.0,32.01, ,4.0,46.48,D,94.0,36.8,Unknown,5.0,55.32,A,,51.98, ,45.0,52.56,b,10.0,37.22,D,19.0,49.78,Unknown,29.0,96.39,Unknown,62.0,40.15,A
2258,Nala,Persian,22,5.37,Gray,Unknown,no,YES,, london,,Checkup Needed,,99.51, ,,71.84,A,60.0,39.77,B,66.0,32.09,D,10.0,44.22,B,82.0,37.34,B,40.0,20.91,B,20.0,63.19,C,47.0,12.34,B,17.0,39.12,B,,54.35,A,86.0,31.11,Unknown
2259,Oliver,BENGAL,16,3.98,black ,M,Yes,No,,New York,dry,healthy,05/01/2024,34.82,Unknown,98.0,60.3,a,1.0,56.37,B,48.0,60.6,a,27.0,34.02,D,34.0,47.91,a,35.0,22.25,a,68.0,25.44,b,,16.14,D,79.0,30.77,D,98.0,44.1,b,16.0,59.64,D
2260,Smokey,british shorthair,6,4.83,Orange,F,,,Yes,Berlin,,healthy,,46.21,D,99.0,69.53,B,27.0,71.99,b,51.0,37.5,A,15.0,20.33, ,25.0,21.93,a,8.0,103.16,Unknown,4.0,49.29,b,61.0,93.05,Unknown,26.0,error,Unknown,16.0,48.44, ,,35.72,A
2261,Nala, Ragdoll,19,4.07,Black,Unknown,yes,YES,,Paris,wet,Checkup Needed,2024-01-05,44.19,A,31.0,50.46,a,,94.92,a,20.0,57.96,B,96.0,83.21,B,38.0,39.22,B,91.0,61.49,b,93.0,79.23,A,78.0,52.43,Unknown,23.0,35.77,C,23.0,82.9,Unknown,1.0,36.11,C
2262,Leo,SIAMESE,17,5.83,White,male,Yes,YES,No,Tokyo,wet,healthy,Jan 5 2024,59.46,a,2.0,48.39,D,7.0,44.37,B,,58.7,B,7.0,67.31,C,85.0,49.57,b,93.0,40.78,Unknown,20.0,107.43,B,40.0,20.31,B,1.0,49.14,D,31.0,61.96,Unknown,,62.39,C
2263,Leo, Siamese,0,5.02,Mixed,F,no,No,Unknown,Paris,,Checkup Needed,Jan 5 2024,53.27,a,73.0,65.84,a,77.0,39.77,C,0.0,46.05,D,33.0,28.81,C,88.0,42.48,b,66.0,40.38,a,8.0,56.82, ,59.0,52.25,Unknown,53.0,105.6,b,60.0,49.22,a,99.0,64.09,b
2264,Chloe,SCOTTISH FOLD,16,2.34, WHITE,Unknown,Yes,YES,Yes,London,Wet,Checkup Needed,05/01/2024,21.17,b,60.0,46.65,B,7.0,61.13,C,57.0,77.4,a,98.0,68.17,D,68.0,46.05,a,31.0,48.48,B,33.0,41.99,C,6.0,48.48,b,98.0,49.03, ,43.0,61.99,C,32.0,60.09,Unknown
2265,Simba, Bengal,4,6.45,White,Female,,,Yes,,dry,,05/01/2024,77.94,b,48.0,78.82,b,3.0,66.86, ,81.0,63.89,C,49.0,57.02,B,81.0,105.78,C,94.0,39.41,A,30.0,49.84,b,12.0,77.32,A,47.0,58.68,D,17.0,76.79,b,46.0,22.27,b
2266,Loki,PERSIAN,22,3.07,Brown,Unknown,Yes,Yes,No,Paris,Mixed,Healthy,05/01/2024,39.87,B,18.0,54.27,a,53.0,36.53,b,69.0,43.47,D,18.0,61.03,b,10.0,67.27,A,36.0,52.4,Unknown,34.0,63.18,B,77.0,74.79,b,60.0,30.84,B,65.0,42.57,Unknown,69.0,54.49,B
2267,Smokey,ragdoll,12,5.73,,F,yes,Yes,,London,dry,Sick,2024-01-05,87.71,D,44.0,35.41,A,11.0,93.64, ,,8.7,A,,67.06,Unknown,54.0,88.93,Unknown,69.0,61.77,b,,66.82, ,27.0,51.39, ,95.0,58.61,D,86.0,59.07,C,,1.66,D
2268,Oreo,Siamese ,9,5.19,Orange,M,Yes,NO,No,,wet,Checkup Needed,2024/01/05,18.83,a,95.0,75.87,D,81.0,64.42,A,85.0,72.96,Unknown,8.0,51.55,a,87.0,15.25, ,,59.5, ,92.0,41.46,Unknown,65.0,55.75,B,27.0,43.53, ,93.0,47.5,C,78.0,34.47,a
2269,Nala, Sphynx,-1,5.11, WHITE,F,yes,,No,London,,SICK,Jan 5 2024,29.87,D,71.0,68.05,A,88.0,33.34, ,83.0,50.26,b,56.0,48.11,a,,12.44,D,12.0,56.91,Unknown,,23.69,B,20.0,51.58,D,34.0,63.92,C,48.0,24.67,b,79.0,38.68, 
2270,Oreo,,18,3.67,black ,Female,Yes,Yes,No,Paris,Wet,Sick,,44.12,Unknown,48.0,15.51, ,90.0,51.95,b,29.0,48.06,B,18.0,38.52,B,73.0,40.32,A,88.0,48.49,a,68.0,48.75,B,74.0,33.95,C,,39.45,a,72.0,46.54,b,37.0,84.67,A
2271,Leo,,11,7.18,Gray,male,N,YES,Yes,Berlin,,Sick,2024/01/05,66.25,b,48.0,74.97,A,71.0,51.23, ,78.0,57.04,C,,58.55,B,1.0,17.32,Unknown,95.0,41.92,b,,36.58,Unknown,5.0,45.39,A,19.0,20.47,b,0.0,44.53, ,,30.28,b
2272,Leo,Unknown,11,7.34,black ,,yes,NO,Yes,Paris,dry,,Jan 5 2024,37.64,Unknown,,43.33, ,38.0,64.44,Unknown,63.0,60.02,C,12.0,59.87,B,38.0,37.8,A,99.0,64.99,C,46.0,10.06,b,42.0,88.01, ,6.0,46.75,B,2.0,4.65,D,61.0,83.21,D
2273,Milo,Abyssinian ,-1,3.06,Gray,female,N,No,Unknown,Sydney,wet,Sick,Jan 5 2024,69.77,a,35.0,80.68,B,68.0,38.1,C,50.0,45.1,Unknown,17.0,40.22,A,,74.04, ,76.0,47.91,Unknown,36.0,62.84,D,57.0,68.82,a,,85.97,D,21.0,73.94,D,97.0,33.43,A
2274,Simba,Unknown,8,22.86,White,female,No,,No,Toronto,Dry,SICK,05/01/2024,87.72,D,89.0,59.02,B,13.0,44.72,a,58.0,56.69,C,79.0,67.06,Unknown,88.0,90.81,C,65.0,56.11, ,75.0,48.22,b,10.0,57.93,a,88.0,92.45,Unknown,19.0,48.89,Unknown,81.0,57.14,C
2275,Tiger,,17,5.43,Brown,Female,Yes,NO,, london,wet,SICK,2024-01-05,54.38,a,26.0,56.03,Unknown,95.0,91.65,A,86.0,61.0,A,93.0,38.48,b,62.0,24.82,Unknown,93.0,1.79,A,95.0,88.61,C,76.0,62.96,B,1.0,67.0,D,39.0,73.11,Unknown,97.0,50.12,A
2276,Bella,,21,5.66,Mixed,,N,,No,Toronto,dry,SICK,,58.67,C,19.0,35.64,a,95.0,55.22, ,52.0,39.19,D,,13.58,A,30.0,96.54,A,99.0,91.04, ,23.0,57.94,Unknown,79.0,32.05,A,65.0,53.66,b,11.0,40.41,D,96.0,60.51,Unknown
2277,Bella,,11,5.16, WHITE,male,,,Unknown, london,dry,Sick,,67.05,D,33.0,28.79,a,16.0,46.18,D,23.0,40.57,C,93.0,36.23,C,31.0,34.88,B,73.0,24.87,b,40.0,71.4, ,53.0,40.33,b,,39.11,b,51.0,54.26,a,83.0,61.28,a
2278,Smokey, Sphynx,17,5.65,Orange,Male,Y,Yes,,Tokyo,Dry,healthy,,40.89,Unknown,80.0,40.79,C,98.0,28.33,B,20.0,56.04,D,,21.88,C,6.0,76.96,a,53.0,,D,,52.19,D,34.0,74.98,D,12.0,26.64,Unknown,37.0,44.47,Unknown,55.0,66.0,A
2279,Tiger,Sphynx,12,5.29, WHITE,male,Y,YES,Yes,London,wet,Checkup Needed,,33.6,Unknown,15.0,45.74,Unknown,17.0,26.09,D,25.0,16.8,b,75.0,65.72,C,45.0,22.8, ,59.0,81.84,a,69.0,88.99,A,83.0,73.13,B,3.0,15.42, ,70.0,46.26,a,4.0,31.41,D
2280,Simba,,-2,3.39,black ,F,No,No,Yes,TOKYO,Mixed,Sick,,77.05,B,0.0,27.79,a,74.0,55.82,Unknown,96.0,33.07,A,99.0,34.93,b,69.0,55.8,b,0.0,28.8,B,,42.25, ,28.0,63.07,a,89.0,61.05, ,,19.98,C,25.0,58.76,b
2281,Chloe,,9,3.06,Gray,Male,N,No,Yes,Berlin,,Sick,,66.18,A,99.0,57.09,b,48.0,53.06,B,57.0,17.84,C,17.0,29.26,D,48.0,69.2, ,47.0,36.28, ,84.0,38.0, ,99.0,43.66,D,71.0,26.07,D,67.0,32.14,A,56.0,48.76,A
2282,Oreo,,5,4.71,White,M,No,YES,Unknown,TOKYO,Dry,healthy,,36.06,D,14.0,62.63,A,76.0,57.28,A,99.0,52.87, ,85.0,27.11,A,49.0,73.61,a,16.0,52.45,A,35.0,77.61,C,29.0,54.93,b,,73.2,D,62.0,46.07,a,59.0,64.43,a
2283,Simba,siamese,1,2.75,black ,female,N,YES,,London,wet,Checkup Needed,2024-01-05,46.91,C,93.0,86.82,A,43.0,72.99,B,68.0,64.34,a,43.0,67.63,A,96.0,58.32,a,70.0,61.71,C,82.0,42.01,Unknown,68.0,98.36,D,33.0,84.57,Unknown,,39.45,B,16.0,44.96,A
2284,Oreo,SPHYNX,12,7.28,Orange,male,N,YES,No,New York,Mixed,SICK,,67.82,Unknown,49.0,48.84,Unknown,7.0,59.4,D,90.0,69.88,Unknown,7.0,75.31,a,21.0,23.02,a,,8.29, ,45.0,47.87,B,99.0,40.24,A,89.0,48.35,b,42.0,49.5,b,68.0,66.16,Unknown
2285,Leo,Sphynx ,-2,3.99,,Female,Yes,YES,Yes,Berlin,Dry,,,66.92, ,86.0,31.59, ,,50.8,B,62.0,22.72,a,52.0,37.23,a,21.0,44.04,B,65.0,26.16,a,4.0,100.84,Unknown,80.0,67.98,a,9.0,56.93,A,13.0,62.62,C,75.0,,a
2286,Chloe, Maine Coon,6,4.17,Brown,F,yes,,Yes,Toronto,Mixed,Healthy,2024-01-05,41.62, ,46.0,52.64,Unknown,82.0,27.82,C,63.0,63.68,C,,33.48,a,33.0,40.54,B,13.0,54.22,b,73.0,59.65,B,16.0,58.3,A,0.0,53.72, ,,54.57,Unknown,78.0,61.55,D
2287,Tiger,Scottish Fold,1,4.48,black ,,,YES,No,London,wet,Checkup Needed,2024/01/05,31.34, ,13.0,65.89,Unknown,61.0,45.72,a,79.0,31.05,b,94.0,31.97,D,31.0,48.88,b,85.0,53.47,C,2.0,56.12,Unknown,17.0,42.15,Unknown,,89.73,Unknown,30.0,110.73,C,,13.83,D
2288,Oliver,ragdoll,9,4.0, WHITE,Female,no,,No,Paris,,healthy,Jan 5 2024,78.42,b,38.0,74.31,Unknown,,62.77, ,91.0,57.36,B,36.0,52.87,Unknown,37.0,60.33,D,32.0,35.84,Unknown,63.0,74.31,b,92.0,75.73,b,98.0,68.04, ,58.0,32.49,C,67.0,44.64,A
2289,Milo,,21,4.22,White,F,yes,YES,No,TOKYO,dry,SICK,2024/01/05,5.09,A,,57.16,Unknown,79.0,73.86,Unknown,43.0,80.47,C,51.0,77.04,B,70.0,37.58,Unknown,25.0,33.93,B,99.0,27.68,Unknown,7.0,64.07,Unknown,0.0,54.92,Unknown,56.0,32.06,C,27.0,13.37,C
2290,Lucy,PERSIAN,18,3.13,Mixed,Male,N,Yes,Unknown,New York,Dry,SICK,,43.39, ,49.0,70.73,B,17.0,35.03,C,82.0,43.09,b,90.0,46.75,D,39.0,81.59,a,14.0,23.58,b,4.0,79.52,b,30.0,35.6,a,10.0,93.34,A,90.0,95.11,b,97.0,56.15,A
2291,Oliver,Maine Coon ,-1,2.04,Brown,Male,no,No,Unknown,New York,Wet,healthy,2024-01-05,88.55,D,5.0,36.22,Unknown,97.0,52.7,Unknown,75.0,78.02,A,,10.07,Unknown,93.0,13.0,C,,84.29, ,92.0,44.89,a,49.0,40.71,A,75.0,47.93, ,30.0,37.85,a,7.0,50.13,A
2292,Oreo,Maine Coon,4,7.29,Brown,F,Y,,Yes,Tokyo,wet,Sick,2024/01/05,40.58,Unknown,48.0,30.04, ,37.0,56.65,B,30.0,56.67,C,33.0,13.88,C,59.0,31.61, ,77.0,89.73,a,11.0,62.1,D,48.0,79.31,B,28.0,51.68, ,5.0,48.59,b,37.0,30.96, 
2293,Lucy,,12,6.95,Brown,Female,no,,Unknown, london,Dry,,Jan 5 2024,61.67,B,,90.83,A,43.0,69.15,C,51.0,56.14, ,,25.56,D,43.0,47.29, ,75.0,39.35,D,38.0,35.28,b,,56.87,Unknown,38.0,30.99,D,,36.6,C,33.0,59.44,A
2294,Shadow,,2,3.22,black ,Female,no,Yes,Yes, london,dry,SICK,2024/01/05,92.22,Unknown,3.0,68.61,a,75.0,68.72,B,70.0,63.46,B,,40.15,A,19.0,58.81,B,78.0,40.49,a,94.0,21.39,A,77.0,,D,91.0,63.99,Unknown,4.0,35.17,C,84.0,60.12,A
2295,Bella,,8,3.05,Gray,Unknown,yes,,,New York,,,05/01/2024,42.59,a,70.0,50.01,D,90.0,25.14,Unknown,41.0,41.29,b,88.0,62.35,b,98.0,60.31,B,59.0,31.16,C,42.0,80.68, ,62.0,35.02, ,33.0,60.52,D,,66.54,B,21.0,54.25,D
2296,Nala,Unknown,1,6.41, WHITE,,no,NO,Unknown,Tokyo,Dry,healthy,05/01/2024,55.41,A,77.0,85.38,b,73.0,49.96,A,19.0,49.39,B,13.0,35.9,B,3.0,46.68, ,78.0,44.52,a,80.0,38.44,b,95.0,46.5,Unknown,,45.01,A,9.0,21.11,b,,38.16,a
2297,Nala, Maine Coon,13,4.67,Gray,Unknown,,NO,Yes,Sydney,dry,SICK,2024/01/05,33.69,D,38.0,60.77,Unknown,0.0,47.04, ,90.0,57.29,Unknown,95.0,34.68,B,47.0,29.41,B,77.0,60.04,Unknown,17.0,42.12,D,64.0,35.55,D,,63.47,A,4.0,63.54,D,94.0,51.67,B
2298,Nala,ragdoll,20,3.86,White,F,Y,YES,Yes,New York,wet,Sick,2024-01-05,44.06,B,89.0,19.31,A,,32.72,A,76.0,71.58, ,62.0,45.41,B,26.0,47.43,b,31.0,55.61,C,31.0,32.47,A,,53.07,a,1.0,69.59,B,62.0,78.07,A,60.0,48.31,D
2299,Oliver,ABYSSINIAN,4,4.96,black ,M,Yes,YES,,New York,,healthy,2024-01-05,18.53,D,78.0,48.21, ,38.0,61.26,Unknown,73.0,55.54,A,16.0,49.72,C,10.0,N/A,C,29.0,51.62,B,15.0,53.39,B,97.0,42.27,B,15.0,69.19,a,5.0,52.69, ,95.0,, 
2300,Oliver,,9,2.25,Orange,Male,Y,NO,Yes,Tokyo,wet,Healthy,,51.89,B,1.0,69.07,b,10.0,39.01,Unknown,78.0,57.47,D,9.0,76.95,C,94.0,86.17,Unknown,,36.86,A,25.0,64.14,D,76.0,60.34,D,32.0,48.98,D,93.0,53.96,B,,32.6, 
2301,Chloe,Siamese,18,5.9,Mixed,female,no,No,No,Tokyo,Mixed,,05/01/2024,55.61,Unknown,,50.53,Unknown,2.0,45.84,A,68.0,52.82,A,70.0,unknown,A,52.0,63.5,D,82.0,84.23,Unknown,,28.11,b,,41.77,A,71.0,54.03,a,77.0,27.69, ,36.0,29.01,b
2302,Lucy,Bengal,0,1.19,Orange,M,,Yes,No, london,Mixed,,,59.99,D,6.0,26.18,D,83.0,41.6,C,33.0,44.39,Unknown,63.0,38.94, ,30.0,59.28,Unknown,45.0,53.43,B,,10.05,B,95.0,83.46,b,24.0,65.85,B,,27.21,D,24.0,71.17, 
2303,Smokey, Bengal,21,4.34,,female,Y,,Unknown,TOKYO,wet,healthy,,17.78,A,44.0,58.35,A,61.0,54.13, ,21.0,12.55,b,16.0,60.05,B,23.0,31.88,a,77.0,50.09, ,9.0,20.86,D,1.0,72.11,C,65.0,73.87,a,20.0,35.3,C,9.0,41.5,C
2304,Lucy,Bengal,1,7.18,Mixed,Male,N,NO,,London,dry,,Jan 5 2024,73.02,b,87.0,47.36,b,83.0,65.27,a,63.0,32.74,A,97.0,41.65,D,34.0,40.04,a,80.0,19.24,a,,43.97,Unknown,64.0,55.01,A,77.0,74.37,a,54.0,0.82,C,81.0,81.59,C
2305,Nala,BRITISH SHORTHAIR,15,4.89,Gray,,No,YES,No,Sydney,Wet,SICK,2024/01/05,32.91,b,98.0,52.15,Unknown,1.0,87.48,C,47.0,81.06,A,43.0,75.58,D,57.0,67.55,a,23.0,60.75,Unknown,48.0,28.61,C,49.0,62.37,a,34.0,38.04,Unknown,34.0,64.49, ,31.0,45.83, 
2306,Loki,SPHYNX,8,5.34, WHITE,Male,N,NO,Yes,London,Wet,Checkup Needed,,14.97,D,92.0,18.73,Unknown,,22.28,B,99.0,83.43,a,72.0,56.95,A,11.0,5.86,C,2.0,75.54, ,65.0,31.7,C,50.0,52.16,D,,N/A, ,27.0,37.86,A,99.0,49.01, 
2307,Oreo, Sphynx,-2,6.31,Brown,Male,No,NO,No,Berlin,Mixed,Checkup Needed,Jan 5 2024,54.49,b,44.0,23.67, ,40.0,7.13, ,70.0,47.5,A,63.0,39.04,a,91.0,36.23,B,95.0,28.35, ,,58.3, ,17.0,36.27,D,78.0,39.72,A,72.0,18.81, ,60.0,63.13,a
2308,Milo,Unknown,4,2.12,Brown,Male,Yes,,No,London,wet,Healthy,2024/01/05,44.02,A,55.0,76.76,Unknown,71.0,64.25,D,45.0,21.4,b,41.0,53.43,C,,33.13,B,81.0,45.13,b,,9.0,Unknown,98.0,46.6,D,43.0,65.6,B,69.0,77.42,D,78.0,54.18,A
2309,Smokey,PERSIAN,-1,6.65,White,Female,no,,,New York,Wet,Healthy,Jan 5 2024,93.75,C,33.0,35.63,b,18.0,42.62,D,1.0,1.38, ,26.0,61.75,B,79.0,,B,71.0,70.8,A,6.0,75.85,Unknown,71.0,59.69,C,75.0,56.91, ,16.0,34.15,B,84.0,68.08,A
2310,Milo, Scottish Fold,19,4.17,Black,male,Yes,NO,No,Tokyo,Mixed,SICK,2024-01-05,65.67,Unknown,64.0,37.46,Unknown,31.0,87.58,B,46.0,33.04,a,69.0,44.49,Unknown,87.0,71.19,Unknown,60.0,25.82,D,48.0,55.71,a,41.0,76.51,D,83.0,77.08,D,7.0,-0.09, ,22.0,37.61, 
2311,Chloe,,12,4.51,Orange,F,,,Yes,TOKYO,Wet,,,64.74,Unknown,51.0,38.08,b,74.0,35.08,A,62.0,62.1,D,74.0,35.17,a,13.0,44.54,a,,61.19,b,98.0,56.62,Unknown,22.0,53.03,b,68.0,54.78,C,41.0,75.06,D,42.0,51.25,C
2312,Luna,Scottish Fold,18,4.46,,,,No,No,Berlin,Mixed,Healthy,05/01/2024,46.54,B,15.0,38.09, ,97.0,42.12,C,15.0,53.46,A,86.0,58.4,B,94.0,77.38,a,40.0,47.0,B,94.0,58.76,b,,44.4,D,92.0,23.05,B,54.0,50.5,a,35.0,36.7,A
2313,Chloe,,20,1.79,Gray,,No,No,Unknown,Paris,Mixed,SICK,,26.38, ,41.0,59.55,a,66.0,91.47,D,75.0,63.59,C,85.0,73.79,Unknown,53.0,43.78,D,84.0,46.21,B,59.0,31.94,D,,59.06, ,22.0,48.72,D,50.0,34.12, ,33.0,34.36, 
2314,Lucy,Unknown,1,4.59,black ,Female,yes,YES,Yes, london,Dry,Sick,,48.04, ,,58.47, ,15.0,45.59,b,13.0,31.79,D,37.0,66.33,B,90.0,47.02,Unknown,31.0,26.3,B,64.0,49.82, ,98.0,46.25,B,6.0,59.92,b,26.0,56.18,D,66.0,74.64,a
2315,Tiger,ragdoll,15,4.03, WHITE,Unknown,yes,No,No,Toronto,,Sick,,39.26,A,39.0,38.36, ,25.0,35.16,B,87.0,44.33,B,3.0,51.19,Unknown,36.0,36.75,D,21.0,64.37,C,38.0,13.67, ,10.0,19.72,C,7.0,11.04,Unknown,49.0,21.11, ,13.0,73.47,D
2316,Oliver,RAGDOLL,5,3.34,,male,N,,No,Paris,Mixed,Sick,,28.13,A,56.0,61.81,b,24.0,66.79,D,0.0,47.54,a,20.0,69.16,B,72.0,61.34,D,,63.82,Unknown,5.0,100.65,A,64.0,55.39, ,11.0,64.52,B,28.0,44.56,Unknown,8.0,36.96,C
2317,Chloe,maine coon,12,4.88,Orange,,,NO,,London,dry,Sick,2024/01/05,26.63, ,53.0,20.99, ,13.0,42.69,B,28.0,40.66,A,75.0,22.78,B,,42.39,a,17.0,54.74,D,67.0,87.9,a,72.0,56.62,A,64.0,39.09,Unknown,21.0,50.4,A,94.0,91.4,A
2318,Smokey,sphynx,21,4.61,Black,male,N,Yes,Yes,Paris,Mixed,Sick,2024/01/05,58.33,a,4.0,31.85, ,46.0,45.32,C,6.0,44.55,D,71.0,84.11,A,69.0,35.73,B,10.0,58.2,b,96.0,26.1,b,46.0,19.63,Unknown,,42.43,Unknown,11.0,73.61,a,1.0,19.42,a
2319,Milo,SIAMESE,22,4.4,Brown,F,yes,Yes,,Paris,,healthy,,64.8,Unknown,94.0,55.24,a,24.0,62.66,B,27.0,51.95,b,16.0,50.13,C,50.0,54.13,A,44.0,71.1,D,1.0,44.46,D,64.0,41.42, ,52.0,79.28, ,92.0,51.12,B,5.0,57.12,C
2320,Simba,british shorthair,9,4.36,Black,,N,NO,Yes,Paris,dry,,Jan 5 2024,55.56,D,2.0,47.99,B,45.0,69.87,D,96.0,71.82,a,36.0,87.0,b,56.0,42.07,B,,63.26, ,51.0,64.91,C,36.0,29.13,A,80.0,61.09,C,,16.36,A,40.0,41.57,B
2321,Luna,,11,5.89,Black,male,N,,No,Toronto,Wet,Sick,Jan 5 2024,36.0,C,68.0,91.93, ,96.0,29.61,D,22.0,55.99,a,89.0,79.46, ,23.0,55.28,a,57.0,59.21,A,27.0,67.85,B,35.0,56.39,C,31.0,78.87,B,,68.77,D,,56.74,Unknown
2322,Chloe,Unknown,-2,3.34,White,Female,N,YES,Yes,London,Mixed,healthy,,62.87, ,75.0,43.84,C,63.0,13.85,a,25.0,23.8, ,79.0,49.58,b,96.0,45.27,A,14.0,42.73, ,14.0,38.8,b,37.0,54.48,C,5.0,28.23,a,79.0,31.69,Unknown,23.0,76.58,Unknown
2323,Oliver,,-2,5.57,Brown,,No,YES,Unknown,,Mixed,Healthy,2024/01/05,77.33,b,94.0,40.05,a,90.0,46.62,a,60.0,51.08,C,21.0,8.94,Unknown,41.0,28.89,a,84.0,, ,87.0,6.72,D,90.0,15.99,b,50.0,59.06,A,,50.13,b,42.0,20.81,C
2324,Shadow,British Shorthair,16,3.12,black ,Male,Yes,NO,Unknown,Berlin,,SICK,05/01/2024,40.04,Unknown,70.0,49.75, ,26.0,14.16,Unknown,8.0,65.85,a,17.0,48.09,b,74.0,52.8,B,10.0,59.13, ,45.0,15.35,Unknown,34.0,66.01,A,77.0,52.72, ,99.0,59.12,D,66.0,75.58,B
2325,Lucy,,20,5.1,Orange,,,No,Unknown,Toronto,Dry,,2024/01/05,6.55,B,30.0,103.63,Unknown,43.0,N/A,Unknown,1.0,51.13,C,66.0,71.2,C,8.0,,b,22.0,67.66,C,50.0,65.11,C,98.0,23.09,a,80.0,69.72,B,54.0,42.38,a,47.0,43.3,b
2326,Oreo, Maine Coon,15,4.9,Brown,Unknown,Yes,Yes,Unknown,Tokyo,Dry,Healthy,2024/01/05,50.94,A,99.0,69.2,B,71.0,41.89,b,35.0,50.99,A,73.0,65.56,A,58.0,31.69,a,66.0,58.01,C,84.0,60.67,a,8.0,35.83,D,95.0,47.58,B,44.0,58.35,a,7.0,35.49,B
2327,Leo,British Shorthair,23,5.51,Gray,Female,,NO,Unknown,New York,Mixed,Healthy,2024/01/05,46.87, ,66.0,73.15,Unknown,91.0,68.31, ,38.0,91.25,D,59.0,40.32,B,65.0,56.93,D,96.0,37.2,B,52.0,47.0,b,,29.74, ,69.0,48.87,C,28.0,67.84, ,41.0,46.35,b
2328,Loki,Unknown,7,3.18, WHITE,Male,Y,,Unknown,Toronto,Wet,,,61.81,D,53.0,24.38,A,17.0,62.69,A,55.0,94.61,a,33.0,59.62,B,91.0,66.64,B,9.0,41.14,B,73.0,39.48,a,58.0,58.9, ,58.0,75.49,D,70.0,37.8,B,55.0,71.66,a
2329,Shadow,Bengal ,3,2.69,White,,no,No,Yes,Toronto,dry,Checkup Needed,Jan 5 2024,50.52,B,,66.5,B,71.0,42.57, ,,58.75,B,26.0,12.18, ,17.0,64.96, ,48.0,29.37,D,,72.46,b,46.0,66.77, ,39.0,47.06,D,51.0,31.73,B,31.0,39.05,a
2330,Chloe,siamese,10,2.12,Mixed,Female,No,Yes,Yes,Tokyo,Dry,SICK,05/01/2024,77.7,D,45.0,58.86,B,67.0,53.86,B,27.0,66.62,A,75.0,56.53,A,55.0,48.44,C,21.0,86.83,a,13.0,61.69,Unknown,39.0,65.31,Unknown,52.0,66.3,B,16.0,40.57,b,87.0,33.77, 
2331,Lucy,Unknown,15,2.85,Black,Female,,No,Yes,London,Dry,Checkup Needed,,-1.36,a,17.0,43.66,D,28.0,49.46,A,60.0,37.54,B,26.0,45.46,C,60.0,53.53,C,84.0,58.67,C,99.0,78.19, ,84.0,29.07, ,87.0,72.23,Unknown,99.0,80.82,A,26.0,34.83,a
2332,Leo,Scottish Fold ,21,4.54,,male,,YES,Unknown,Toronto,wet,healthy,Jan 5 2024,41.27,D,72.0,67.8, ,24.0,38.92,b,39.0,52.09,D,27.0,9.91,A,94.0,42.3,A,3.0,86.64,b,35.0,60.96,C,14.0,88.93,A,19.0,34.33,b,,35.93,a,64.0,28.55,a
2333,Luna,,1,5.3,black ,,yes,,,TOKYO,wet,SICK,,42.66,b,62.0,55.85,A,29.0,25.8,D,68.0,83.53,b,82.0,73.75,C,,25.45,D,66.0,39.76,C,41.0,60.7,B,34.0,83.7,b,62.0,34.27,B,78.0,52.77,C,13.0,31.02,b
2334,Luna,,23,4.24, WHITE,male,N,YES,,New York,wet,,05/01/2024,46.72, ,85.0,60.73, ,61.0,39.64,b,49.0,42.03,B,42.0,81.87,C,71.0,74.15,D,51.0,69.11,C,37.0,49.37,D,23.0,82.72,Unknown,50.0,44.77,Unknown,53.0,38.76,a,17.0,63.84,Unknown
2335,Tiger,,1,3.67,,Male,no,YES,No,Sydney,wet,healthy,,49.13,D,13.0,36.85,D,49.0,49.4,A,36.0,68.96, ,83.0,7.35,D,42.0,38.99,b,67.0,57.55,D,49.0,51.42,A,63.0,41.77,C,40.0,84.94,Unknown,95.0,80.85,A,29.0,44.91,b
2336,Kitty,,0,3.07,black ,Female,Yes,Yes,Unknown,,Wet,Checkup Needed,2024-01-05,91.7,a,33.0,45.88,A,48.0,43.47,B,99.0,54.81,B,11.0,57.47, ,9.0,71.54,A,32.0,48.61,Unknown,38.0,66.14,a,53.0,66.42,A,75.0,20.65,b,3.0,69.83,A,87.0,78.83,a
2337,Loki,,18,3.59,Orange,Male,N,YES,,New York,Dry,Sick,05/01/2024,77.39,A,74.0,33.58,B,99.0,86.78,B,52.0,unknown,A,40.0,72.86,b,14.0,71.29,Unknown,98.0,37.52,Unknown,89.0,46.67,a,45.0,23.78,D,20.0,42.32,B,48.0,46.7, ,18.0,42.94,A
2338,Leo,sphynx,3,5.62,,Unknown,no,NO,,TOKYO,Wet,healthy,2024-01-05,54.72,D,44.0,19.09,B,28.0,50.86,Unknown,1.0,42.69, ,77.0,94.05,a,11.0,15.33,Unknown,45.0,32.56,A,13.0,38.74, ,95.0,40.53,A,23.0,47.75,b,13.0,73.01,Unknown,94.0,75.26,D
2339,Leo,Abyssinian,18,3.88, WHITE,F,yes,,,Toronto,,SICK,Jan 5 2024,66.83,B,39.0,82.3,A,87.0,57.76,B,25.0,45.43,Unknown,2.0,60.16,B,82.0,37.31,A,69.0,32.76,a,89.0,44.23,A,59.0,30.6, ,,82.53,D,6.0,60.43,D,5.0,35.62,b
2340,Milo,Scottish Fold,4,3.83,Brown,F,no,NO,No,,Mixed,Checkup Needed,2024/01/05,7.38,b,71.0,N/A, ,43.0,48.59, ,,54.08, ,38.0,65.54,C,21.0,47.1,B,94.0,45.34,C,22.0,65.82,B,57.0,67.26,B,12.0,27.26,D,82.0,75.69, ,70.0,53.83,b
2341,Luna,Unknown,6,4.44, WHITE,Female,N,,Unknown,,Wet,healthy,,50.46,Unknown,76.0,44.96, ,89.0,72.02,D,,60.15,b,79.0,11.03,D,79.0,15.08,a,1.0,55.41,A,28.0,28.09,Unknown,82.0,69.04,A,37.0,35.77,A,50.0,65.63, ,63.0,34.8,C
2342,Oreo,Persian ,-2,4.84,Black,F,yes,Yes,Yes, london,Dry,Sick,05/01/2024,33.3,D,23.0,93.92,D,19.0,61.7, ,8.0,30.56, ,23.0,87.69,B,59.0,111.62,B,6.0,72.31,D,2.0,65.01,B,22.0,30.53, ,59.0,14.49,C,19.0,59.84,b,0.0,72.76,B
2343,Simba,bengal,10,6.64,Gray,Unknown,,,Yes, london,Dry,Checkup Needed,,41.7,B,74.0,26.49,Unknown,65.0,55.76,B,,43.77,D,34.0,29.68,b,14.0,40.0,Unknown,30.0,67.31,a,82.0,34.41,a,36.0,36.85,Unknown,78.0,47.78,b,69.0,52.38,b,40.0,29.64,b
2344,Nala,,23,3.64,Gray,,No,YES,Unknown,Berlin,Wet,healthy,05/01/2024,46.21,b,11.0,73.28,B,97.0,69.41, ,18.0,66.32,Unknown,54.0,43.5,A,,34.83,A,,28.68,A,48.0,54.27,b,60.0,60.77,A,48.0,50.62,b,59.0,73.47,Unknown,97.0,27.27,A
2345,Lucy,Bengal ,4,3.07, WHITE,Female,no,YES,No,New York,dry,Sick,,19.47,a,2.0,47.12,C,28.0,40.81, ,54.0,40.3,A,67.0,46.68,Unknown,24.0,81.42,a,42.0,80.49, ,81.0,41.06,B,,45.93,C,17.0,68.74,b,49.0,error,Unknown,18.0,error,C
2346,Kitty,Sphynx ,5,6.24,,Male,N,YES,Yes,Toronto,Mixed,healthy,,87.45,C,65.0,71.25, ,65.0,63.63,B,7.0,38.13,A,77.0,59.79,C,69.0,69.43,a,84.0,51.96,b,91.0,59.17,A,52.0,62.27, ,57.0,30.85,B,79.0,59.11,C,82.0,62.77,D
2347,Smokey,siamese,7,6.17,Black,female,N,YES,,Toronto,Mixed,Healthy,2024/01/05,33.25,b,56.0,60.78, ,81.0,53.23,D,79.0,65.12,b,11.0,53.56,D,74.0,74.79,a,62.0,47.64,A,60.0,83.46, ,,81.28,A,67.0,80.79,b,93.0,40.9,C,26.0,50.64,A
2348,Lucy,,24,7.91,Mixed,Female,Yes,Yes,,London,,SICK,05/01/2024,25.94,C,42.0,43.95, ,25.0,13.19,D,98.0,60.95,Unknown,41.0,71.02, ,27.0,67.33,Unknown,76.0,68.79,b,64.0,78.52,A,31.0,57.03,C,83.0,56.76,Unknown,22.0,47.94,A,7.0,59.02,B
2349,Oliver,,4,4.51,black ,male,Yes,,Unknown, london,,Checkup Needed,2024-01-05,43.57,Unknown,0.0,16.48,A,,45.57,A,63.0,47.08,Unknown,60.0,0.4,b,,32.1,b,6.0,52.72,A,55.0,32.46,A,4.0,55.36,D,52.0,49.79,D,53.0,45.81,B,,67.99,D
2350,Nala,Persian ,3,5.68,Mixed,,,YES,Unknown,Tokyo,Dry,Healthy,2024-01-05,44.99,Unknown,31.0,34.99,b,42.0,55.32,A,,unknown,a,82.0,26.99,b,17.0,57.93,a,4.0,74.27,A,40.0,79.77,C,82.0,52.98,C,,67.8,a,39.0,50.24,Unknown,47.0,32.23,A
2351,Nala,Unknown,2,4.09,Orange,Male,,,Unknown,Toronto,Dry,Healthy,2024-01-05,60.65,b,31.0,36.54,Unknown,40.0,64.7,b,91.0,73.15,Unknown,29.0,32.76,D,17.0,64.33,B,52.0,9.0,b,21.0,53.47,a,85.0,36.28,Unknown,2.0,47.82,C,,46.31,B,8.0,16.7,a
2352,Shadow,Sphynx ,5,7.55, WHITE,,Y,YES,Unknown,London,wet,Checkup Needed,,66.58,A,84.0,78.72,a,67.0,58.51,D,88.0,91.19,C,95.0,68.66,C,,63.66,A,9.0,58.55,B,3.0,64.59, ,53.0,46.5,D,9.0,52.96, ,33.0,66.65,a,44.0,2.77,B
2353,Kitty,Bengal ,17,3.03,black ,Unknown,N,Yes,Unknown,Paris,Mixed,Sick,,60.32,B,94.0,46.7, ,51.0,47.03,a,60.0,54.82,C,8.0,41.66,Unknown,38.0,29.9,a,52.0,82.12,D,51.0,64.69,Unknown,70.0,50.12,b,4.0,45.6,a,31.0,77.43,B,,29.5,Unknown
2354,Loki,Sphynx,13,7.93, WHITE,male,No,No,Yes,,dry,Sick,05/01/2024,27.25, ,62.0,23.38,C,0.0,35.42,D,98.0,error, ,23.0,53.39,Unknown,56.0,47.31,b,53.0,35.52,a,32.0,37.08,b,,74.16,A,5.0,71.05,D,20.0,60.64,Unknown,83.0,-3.74, 
2355,Milo,BRITISH SHORTHAIR,20,4.5,,Male,Y,NO,Unknown,,dry,,2024-01-05,62.83,A,17.0,39.37,Unknown,95.0,37.64,a,16.0,37.77,B,52.0,58.68,b,59.0,37.7,A,1.0,41.62, ,83.0,33.56, ,8.0,45.03,C,79.0,70.94,a,37.0,53.13,A,14.0,30.64,B
2356,Nala,SIAMESE,1,4.56,Gray,male,no,No,No,,,,2024-01-05,94.57, ,,68.26,Unknown,97.0,61.9,A,30.0,31.85, ,53.0,49.22,a,80.0,32.55,b,54.0,55.16,C,34.0,42.17,a,,18.41,C,63.0,N/A,B,20.0,9.15,A,65.0,58.45,Unknown
2357,Bella,,5,2.47,Gray,Unknown,no,Yes,Unknown,London,Dry,Sick,2024/01/05,60.42,b,79.0,42.18,A,6.0,52.47,D,30.0,31.07,C,37.0,43.46,Unknown,63.0,18.14,D,44.0,91.73, ,9.0,52.12,C,63.0,47.29,b,27.0,55.42,A,89.0,65.62,C,84.0,46.71,B
2358,Loki,,22,7.99,black ,Female,yes,,Unknown,Sydney,dry,,Jan 5 2024,50.38,D,31.0,42.55, ,94.0,59.07,A,96.0,70.7,A,31.0,52.36,b,33.0,22.99,a,89.0,45.37,B,55.0,3.28,C,15.0,60.03, ,74.0,30.76,B,82.0,82.11,Unknown,52.0,70.13,a
2359,Leo,SIAMESE,18,4.42, WHITE,Female,No,YES,,Tokyo,Dry,,,14.03,b,69.0,43.88,B,37.0,68.46,b,27.0,29.75,B,70.0,28.55,b,,19.22,D,22.0,42.38,B,71.0,50.34, ,1.0,23.82,b,82.0,62.25,a,42.0,41.25, ,31.0,85.96, 
2360,Lucy,MAINE COON,6,3.99,Gray,female,Y,,No,Paris,wet,Sick,,79.26,Unknown,5.0,42.83,C,88.0,47.65,A,66.0,1.53,C,73.0,-6.61,b,63.0,65.26,b,7.0,27.42, ,75.0,37.74,Unknown,47.0,30.2,B,20.0,31.61, ,62.0,43.37,D,17.0,68.72,B
2361,Bella,Unknown,16,5.37,White,female,Yes,YES,,New York,wet,,05/01/2024,55.49,A,5.0,80.86,A,67.0,33.65,a,51.0,61.13,b,62.0,55.2,C,24.0,12.33, ,72.0,62.35,a,14.0,70.26,D,,53.67,D,90.0,46.43,b,36.0,57.97,D,53.0,50.59,C
2362,Simba,,20,3.24, WHITE,Male,,YES,Yes,New York,Wet,healthy,05/01/2024,20.16,b,54.0,64.13,a,13.0,50.01,Unknown,43.0,unknown,Unknown,92.0,10.01,b,37.0,80.96,D,63.0,-5.4,C,67.0,63.72,A,29.0,, ,25.0,45.53,C,28.0,66.89,A,83.0,66.47,b
2363,Kitty,British Shorthair,20,4.52,Mixed,Female,N,NO,Unknown,Berlin,Mixed,,05/01/2024,31.54, ,91.0,61.45, ,66.0,69.65,C,36.0,-5.28,A,63.0,65.12,a,71.0,35.27,b,25.0,64.42, ,86.0,120.11,D,67.0,53.85,Unknown,90.0,83.22,D,,86.64,D,52.0,41.92,a
2364,Smokey,british shorthair,19,4.15,Black,Female,Y,,Yes,,Mixed,healthy,,51.15,b,,34.04,Unknown,27.0,28.31,C,73.0,47.71,Unknown,77.0,30.4, ,44.0,43.68,B,,74.96,D,,28.53,C,,50.19,C,24.0,30.63,C,16.0,63.32,b,99.0,54.79, 
2365,Chloe,British Shorthair ,12,4.56,black ,Male,yes,No,,,wet,,05/01/2024,82.46,a,13.0,45.44,B,63.0,81.79,B,,15.83,A,33.0,76.24,b,28.0,39.16, ,92.0,71.61,A,14.0,52.05,C,84.0,45.43,b,65.0,55.81,C,63.0,23.26,b,23.0,24.23,D
2366,Lucy,SCOTTISH FOLD,5,3.06,black ,F,N,,Unknown,Paris,Wet,Sick,Jan 5 2024,64.67,A,77.0,58.19,b,82.0,44.15,B,51.0,53.75,B,19.0,50.54,b,50.0,46.88,C,18.0,48.47,b,67.0,5.54,C,40.0,38.22,B,27.0,66.6,A,61.0,50.03, ,,69.02,B
2367,Kitty,persian,22,4.43, WHITE,female,yes,No,,Tokyo,dry,SICK,2024/01/05,69.39,a,91.0,40.32,b,98.0,45.95,C,97.0,56.38,a,57.0,64.15,C,90.0,23.48,D,87.0,39.35,A,99.0,40.85,C,64.0,31.29,B,28.0,23.63,A,65.0,57.94, ,29.0,49.14, 
2368,Shadow,Scottish Fold ,0,4.91,White,F,No,Yes,Unknown,TOKYO,wet,Sick,,54.85,Unknown,77.0,67.31,D,4.0,84.04,C,20.0,110.49,A,,23.83,A,17.0,53.55,b,26.0,78.09,b,,75.79,Unknown,34.0,61.53,a,52.0,36.07,a,,72.19,A,49.0,50.6,A
2369,Leo,Unknown,0,6.55,,Female,N,No,Yes,,,Sick,,36.75,D,0.0,52.9,C,13.0,43.81,Unknown,39.0,79.26,A,52.0,58.09,A,90.0,46.23,A,64.0,25.95,D,82.0,19.03, ,13.0,29.92,C,18.0,51.64,B,45.0,43.47, ,73.0,55.47,D
2370,Leo,Unknown,14,5.41,Gray,F,,NO,No,Tokyo,Dry,Sick,2024/01/05,49.89,C,42.0,unknown,B,25.0,86.52,Unknown,85.0,57.8,A,49.0,3.81,b,67.0,39.49,D,,25.72,C,25.0,60.5,b,53.0,42.59,C,22.0,61.55,C,13.0,16.57,C,80.0,58.13,b
2371,Oliver,,11,4.84,Gray,male,no,Yes,,Sydney,,,Jan 5 2024,88.46, ,18.0,36.79,D,78.0,76.34,b,65.0,64.88,D,30.0,83.7,C,74.0,21.87, ,83.0,75.03,A,72.0,40.12,A,87.0,44.99,b,34.0,69.04,b,,61.58,b,36.0,59.04,C
2372,Simba,siamese,22,5.61,White,F,no,NO,No,Toronto,Mixed,Checkup Needed,2024/01/05,33.11,C,15.0,42.84,C,64.0,59.37,Unknown,74.0,37.82,b,28.0,52.68,b,80.0,71.96,B,24.0,45.28,Unknown,1.0,46.72,D,90.0,35.84,b,,32.32,D,64.0,88.03,D,62.0,92.35,b
2373,Leo, British Shorthair,11,3.58,Orange,female,N,NO,,Sydney,wet,healthy,Jan 5 2024,31.07,A,75.0,53.8,C,,51.45,a,19.0,54.32,a,78.0,37.5,a,10.0,42.91,b,30.0,85.22,C,88.0,23.27,C,68.0,52.1,A,50.0,82.66, ,82.0,16.23, ,46.0,68.24,b
2374,Shadow,Unknown,-1,5.88,Orange,Male,yes,No,Unknown, london,Mixed,healthy,05/01/2024,48.27,B,24.0,4.64,b,24.0,22.03,a,18.0,56.77,C,84.0,83.86,b,8.0,78.26,Unknown,3.0,61.1,A,68.0,113.77,b,9.0,72.52,D,62.0,34.07,D,8.0,83.92,Unknown,43.0,71.39,B
2375,Shadow,Unknown,24,2.29,Mixed,,Yes,,, london,wet,,,29.45, ,22.0,51.51,a,65.0,34.52,C,86.0,67.16,Unknown,46.0,50.75,D,37.0,65.25,C,99.0,38.15, ,17.0,31.26, ,17.0,40.09,a,76.0,24.59,a,1.0,88.5,B,32.0,41.67,D
2376,Bella,Abyssinian,24,4.5,Mixed,Female,,No,No, london,dry,Checkup Needed,Jan 5 2024,22.53,B,3.0,66.77,Unknown,96.0,33.96,C,54.0,53.97,b,58.0,81.12,Unknown,17.0,35.02,b,36.0,59.32,C,0.0,56.45,b,15.0,69.09,A,35.0,64.39,D,33.0,82.97,a,,18.62,D
2377,Shadow,,11,3.96,Brown,male,N,NO,Unknown,London,wet,Checkup Needed,05/01/2024,44.09,C,85.0,54.04,B,54.0,76.1, ,68.0,56.27,b,90.0,46.57,A,31.0,62.67, ,12.0,88.43,B,20.0,23.66,B,59.0,36.15,D,82.0,31.88,B,39.0,78.73,Unknown,26.0,55.93,C
2378,Tiger, Persian,23,5.15,,F,N,No,Yes,,Mixed,Sick,Jan 5 2024,25.65,A,22.0,56.2,Unknown,92.0,74.2,Unknown,41.0,54.86,b,55.0,3.92,b,44.0,30.93,a,,43.89,a,85.0,22.21,b,20.0,56.37,D,64.0,47.2,D,,73.74,B,0.0,20.88,Unknown
2379,Nala,,8,1.17, WHITE,,N,,No,,dry,,,45.12,b,2.0,34.4,B,87.0,46.58, ,55.0,30.39,Unknown,55.0,41.44, ,14.0,36.54,D,84.0,35.75,C,72.0,17.68,Unknown,55.0,38.62,C,49.0,62.1,C,20.0,24.38, ,93.0,40.4,a
2380,Leo,sphynx,24,6.46, WHITE,male,Y,NO,,,Mixed,,2024-01-05,41.56,D,56.0,40.33,C,1.0,41.36, ,48.0,51.11,D,90.0,30.09,Unknown,62.0,76.55,A,88.0,50.37,a,90.0,61.38,A,23.0,37.38,A,50.0,67.45,A,26.0,42.77,A,6.0,62.9, 
2381,Lucy,British Shorthair,21,4.33,White,male,N,No,Unknown, london,wet,,,54.29, ,27.0,23.69,C,,49.38,b,18.0,38.91,b,39.0,38.08,B,73.0,76.58,b,90.0,7.3,A,23.0,25.85,a,45.0,55.5,Unknown,13.0,80.84,C,42.0,46.5,a,73.0,58.11,a
2382,Smokey,Unknown,19,3.64,Gray,,,,Unknown,Toronto,Mixed,healthy,2024/01/05,48.64,D,3.0,73.2,B,38.0,65.66,A,72.0,67.72,D,77.0,49.1,b,34.0,N/A,B,15.0,65.72, ,64.0,30.3,A,68.0,50.51,D,68.0,54.78,B,31.0,37.34,a,69.0,42.11,D
2383,Chloe,British Shorthair ,11,4.73,black ,F,yes,No,No,Paris,,,05/01/2024,47.1,a,,35.69,a,26.0,55.1,b,99.0,56.4,Unknown,25.0,46.84,A,,37.33,D,90.0,10.22,a,19.0,54.91,B,20.0,55.14,C,92.0,64.25,C,2.0,36.02,b,3.0,49.15,B
2384,Nala,Bengal ,21,6.73,Gray,male,,No,,Sydney,dry,healthy,05/01/2024,82.77,B,40.0,28.32,B,86.0,40.26,A,81.0,50.75,b,,80.49,D,69.0,,b,49.0,50.21,b,21.0,38.42,a,95.0,61.4,b,42.0,50.59,b,98.0,58.09,Unknown,73.0,75.87,a
2385,Bella,Ragdoll ,19,3.73,White,Male,Y,NO,No,Paris,Dry,Healthy,,59.97, ,53.0,48.54,A,27.0,57.63,D,,64.07,C,96.0,88.46,a,73.0,8.22,D,9.0,38.17,C,85.0,60.93,Unknown,30.0,15.5,b,65.0,16.57,Unknown,,82.15,D,35.0,72.77,Unknown
2386,Lucy,Unknown,4,1.75,Brown,male,,NO,Yes,Tokyo,Mixed,healthy,2024/01/05,67.27,a,89.0,67.49,B,15.0,56.24,a,42.0,15.92, ,,50.81,B,23.0,66.23, ,37.0,47.53,C,90.0,41.26,C,75.0,21.69,Unknown,5.0,55.66,C,81.0,47.63,Unknown,10.0,68.05,C
2387,Shadow, Persian,16,5.54,black ,M,Yes,Yes,No,London,wet,Sick,2024-01-05,30.88, ,32.0,25.59,C,,24.06,D,,75.35,Unknown,52.0,38.3,B,79.0,30.63,B,23.0,47.7,A,67.0,44.33, ,50.0,20.8,A,32.0,52.63,Unknown,58.0,45.05,b,10.0,49.89,a
2388,Luna,Scottish Fold ,24,6.2,Orange,F,Y,Yes,Unknown, london,dry,,,71.23,b,57.0,50.39,a,73.0,28.45,a,35.0,60.97,A,53.0,80.04,a,65.0,35.36,D,68.0,21.3,D,53.0,40.87,b,36.0,32.59,D,98.0,54.84,B,3.0,55.64,B,57.0,56.42,Unknown
2389,Oreo,,21,4.62,,F,N,No,No,Tokyo,,healthy,,65.71,C,26.0,46.34,A,44.0,61.95,B,,48.87, ,49.0,93.61,b,61.0,69.27,b,85.0,51.28,B,,-1.0,Unknown,15.0,51.31,Unknown,46.0,13.17,A,81.0,44.05,A,60.0,47.06,A
2390,Oreo,BENGAL,5,3.01,Orange,female,N,Yes,Yes,Sydney,,Sick,2024-01-05,32.95,D,92.0,60.65, ,60.0,31.7, ,,53.47, ,30.0,-11.68,D,98.0,31.96,b,64.0,31.32,C,15.0,49.43,B,78.0,72.79,D,16.0,-2.57,C,90.0,39.5,A,29.0,30.81,C
2391,Simba,Unknown,11,4.0,Orange,M,Yes,YES,Yes,,,Sick,,78.83,b,53.0,37.77,D,91.0,92.1,D,9.0,74.43,A,,20.7,a,90.0,48.25,A,26.0,33.52,B,84.0,49.51,b,67.0,78.57, ,77.0,45.45,Unknown,81.0,46.18,b,15.0,51.34,B
2392,Luna,Maine Coon ,18,4.78,Orange,Unknown,N,No,Yes,London,Mixed,SICK,2024-01-05,62.35, ,83.0,46.58, ,,78.29,B,41.0,55.91,A,87.0,43.77,a,64.0,47.49,b,75.0,50.06,B,12.0,97.69, ,80.0,36.38,b,94.0,28.3, ,46.0,76.28,A,22.0,57.65,Unknown
2393,Tiger,bengal,1,4.16,Black,M,yes,,Yes,New York,Wet,Healthy,2024-01-05,31.22, ,31.0,41.29,D,53.0,67.35,Unknown,41.0,68.02, ,73.0,89.13,B,,54.1,B,,21.73,b,16.0,63.92,Unknown,57.0,61.75,a,5.0,33.76,A,55.0,47.68,A,,31.35,A
2394,Milo,persian,8,4.3,White,F,no,No,Yes,New York,Mixed,Healthy,Jan 5 2024,53.65,B,7.0,71.54,a,,41.91,b,99.0,62.6, ,,43.44,A,0.0,24.95,A,35.0,1.65,D,13.0,48.32, ,26.0,53.95,a,64.0,78.7,B,52.0,42.04,a,52.0,80.68,C
2395,Kitty,SIAMESE,1,6.18,Orange,Male,,,Yes, london,,Checkup Needed,Jan 5 2024,69.56,C,62.0,73.73,C,32.0,24.24,Unknown,94.0,45.2,C,12.0,59.58,b,16.0,62.64,b,3.0,74.31, ,47.0,26.58,A,50.0,50.88,a,48.0,46.43,B,,23.16,b,17.0,56.86,D
2396,Smokey,RAGDOLL,3,3.83,Black,,No,No,,Toronto,Dry,healthy,,54.96,A,69.0,49.48,b,2.0,32.2,a,16.0,39.1,D,7.0,39.3,D,72.0,49.83, ,28.0,46.38,B,39.0,80.3,D,61.0,39.04,Unknown,99.0,91.4,B,28.0,46.34,D,81.0,55.32,B
2397,Tiger,,3,5.63,White,M,N,,No, london,,SICK,Jan 5 2024,74.53, ,54.0,38.95,C,26.0,65.5,a,3.0,67.65,b,73.0,,C,62.0,31.89,B,84.0,14.59,D,96.0,56.12,B,56.0,33.0,D,55.0,50.85,B,52.0,52.58,B,55.0,53.9,A
2398,Kitty,maine coon,20,2.38,White,male,No,Yes,No,Toronto,dry,Checkup Needed,,28.96,b,16.0,43.75,B,74.0,43.65,a,48.0,30.85,D,5.0,59.57,Unknown,63.0,46.93,B,12.0,46.78,a,61.0,15.18,A,9.0,47.09,Unknown,53.0,16.47,C,19.0,58.58,B,28.0,32.91,Unknown
2399,Lucy,BRITISH SHORTHAIR,-1,5.47,Orange,M,yes,Yes,Yes,Sydney,,SICK,2024-01-05,38.11,D,0.0,56.25,a,10.0,57.64,b,67.0,64.78,D,72.0,58.17,C,,40.69,C,62.0,55.65,b,45.0,66.01,b,54.0,9.66,D,82.0,62.5,B,,55.28,C,9.0,79.8,A
2400,Chloe, Persian,16,3.13,Black,female,,NO,No,TOKYO,,SICK,2024/01/05,67.63,Unknown,13.0,59.38, ,66.0,96.57,Unknown,2.0,-17.89, ,48.0,56.86,B,49.0,44.59,a,61.0,63.27,a,11.0,72.78,A,44.0,46.06,Unknown,94.0,56.58,a,99.0,33.29,D,67.0,37.95,D
2401,Loki,,-2,3.85,Brown,Male,no,YES,Unknown,Toronto,wet,Checkup Needed,2024-01-05,58.21, ,44.0,46.3,D,46.0,56.54,C,48.0,32.62,b,60.0,36.79,A,89.0,83.16, ,,63.28,Unknown,10.0,33.14,a,63.0,51.4,A,17.0,44.43,a,60.0,error,A,96.0,62.25, 
2402,Chloe,scottish fold,10,8.87,,,N,Yes,,London,,Checkup Needed,,66.11, ,57.0,67.99,D,31.0,93.27, ,70.0,38.05,D,,104.22, ,34.0,45.73,Unknown,50.0,68.49,A,94.0,38.99,b,88.0,65.79,a,15.0,81.69, ,,37.1,b,60.0,25.29,C
2403,Bella,,11,4.77,Brown,M,N,NO,Unknown,New York,Wet,Checkup Needed,05/01/2024,33.22,Unknown,51.0,99.29,Unknown,69.0,44.93,A,4.0,74.26, ,83.0,52.3,a,98.0,52.77,B,68.0,68.88, ,29.0,26.04,b,4.0,14.65,D,3.0,32.93, ,15.0,49.19, ,18.0,41.99,Unknown
2404,Simba, Bengal,0,5.74,black ,,Y,Yes,Unknown,London,Wet,SICK,,52.67,B,29.0,19.22,a,,68.69,b,59.0,101.63, ,45.0,41.07,A,96.0,80.0,C,88.0,53.71,a,63.0,57.26,B,23.0,75.47,b,44.0,76.23,b,30.0,37.64,D,77.0,56.31,A
2405,Chloe,british shorthair,19,4.27,black ,Male,N,,,Berlin,Dry,SICK,2024/01/05,18.17,C,48.0,32.9,C,34.0,73.19,Unknown,71.0,53.02,B,78.0,38.31, ,85.0,111.28,B,71.0,27.63, ,53.0,39.86,a,30.0,79.77,B,2.0,50.19,a,87.0,62.93,b,81.0,32.93,D
2406,Lucy,Unknown,16,4.25, WHITE,Female,N,No,,Paris,wet,Sick,Jan 5 2024,83.79,C,62.0,57.54,Unknown,95.0,45.1,B,79.0,3.2,b,6.0,26.66,b,6.0,69.49,B,58.0,69.08,C,95.0,22.71,D,64.0,61.27,C,89.0,53.57,C,38.0,78.35,a,94.0,54.29,a
2407,Oreo,Scottish Fold ,14,5.07,Brown,F,N,No,No,New York,,Checkup Needed,05/01/2024,40.5,D,46.0,52.89,Unknown,,37.89,D,46.0,71.4,Unknown,28.0,60.86,Unknown,50.0,56.53,B,60.0,41.48,A,43.0,19.63,B,7.0,63.59,a,5.0,78.59,b,45.0,58.47,Unknown,96.0,32.17,D
2408,Kitty,Ragdoll,1,3.15,Black,female,Yes,,,London,dry,Sick,,59.33,Unknown,31.0,52.98,Unknown,81.0,39.69,C,63.0,86.1,D,,10.38,D,48.0,50.87,C,29.0,23.19,Unknown,90.0,76.86,D,53.0,74.85,b,,45.66, ,51.0,52.04,b,,62.23,A
2409,Luna,abyssinian,10,5.41,black ,female,Y,Yes,No,London,Wet,,Jan 5 2024,79.74,C,52.0,51.28,D,,38.68,a,93.0,25.07,Unknown,62.0,108.95,Unknown,21.0,47.31,A,75.0,,Unknown,77.0,61.26, ,70.0,51.08,A,44.0,11.97,Unknown,32.0,28.97,B,94.0,56.42,Unknown
2410,Milo,Bengal ,6,3.73,Black,Unknown,Y,Yes,Yes,London,,Sick,,70.27, ,93.0,23.88,a,49.0,75.35,B,13.0,41.46,b,0.0,103.23, ,85.0,96.09,Unknown,89.0,57.71,A,26.0,38.99,B,,77.0,Unknown,29.0,67.14,Unknown,48.0,61.15,b,36.0,7.3,B
2411,Chloe, British Shorthair,24,3.68,White,female,yes,No,,Paris,Mixed,Checkup Needed,,76.3,b,97.0,unknown,Unknown,85.0,38.32,A,2.0,67.68,b,86.0,25.58,Unknown,26.0,26.91, ,82.0,34.28,D,9.0,37.28,Unknown,52.0,45.52, ,21.0,48.06,B,64.0,47.28,Unknown,67.0,77.46,a
2412,Smokey,Bengal ,1,0.6,,Unknown,N,NO,Unknown,Paris,wet,Sick,2024-01-05,error,Unknown,9.0,52.38,B,28.0,35.38,B,84.0,51.9,C,59.0,27.73, ,5.0,30.96,D,47.0,62.46,a,63.0,41.66,D,33.0,79.91,B,19.0,36.41,a,40.0,47.89,D,52.0,56.96,C
2413,Lucy,Siamese ,7,4.37,black ,Female,N,No,Unknown,Berlin,Dry,healthy,,55.29,Unknown,47.0,38.49,C,62.0,50.57,Unknown,54.0,86.88,A,4.0,72.51,B,32.0,38.1, ,,14.49,A,73.0,90.82,a,63.0,54.96,Unknown,8.0,21.64,A,4.0,65.37,Unknown,32.0,54.97,D
2414,Lucy,siamese,10,4.58,Gray,male,no,,,London,wet,healthy,2024/01/05,33.23,C,70.0,59.06,B,84.0,67.39,B,,9.66,C,24.0,61.26, ,33.0,90.66,b,9.0,58.6,C,33.0,66.13,b,66.0,61.12,A,51.0,32.16,D,52.0,45.83,A,74.0,73.13,D
2415,Kitty,MAINE COON,15,5.36,Orange,M,Y,,No,,Dry,Checkup Needed,2024-01-05,35.55,b,64.0,48.77,Unknown,,56.86,b,65.0,42.43,a,98.0,90.02, ,73.0,46.2,b,62.0,80.15,A,52.0,57.31,a,48.0,54.68,Unknown,11.0,18.41,b,32.0,47.19,D,,51.05, 
2416,Tiger,PERSIAN,9,7.72,black ,Female,No,NO,No,,,SICK,2024-01-05,60.32,B,98.0,96.32,C,84.0,47.3,C,94.0,32.61,b,94.0,81.37,b,96.0,43.96, ,86.0,55.92,a,47.0,53.09,a,12.0,47.97,Unknown,16.0,62.31,a,35.0,62.72, ,85.0,72.18, 
2417,Kitty,siamese,13,1.65, WHITE,M,,Yes,No,TOKYO,Wet,Checkup Needed,2024/01/05,42.25,A,22.0,9.03,C,5.0,58.0, ,9.0,unknown,Unknown,9.0,56.9,D,18.0,53.99,D,32.0,24.77,B,37.0,80.74,a,93.0,42.65,D,87.0,,A,35.0,36.68,A,,46.55,D
2418,Loki,Abyssinian ,-2,4.76,Gray,male,no,NO,Yes,New York,wet,Healthy,,42.44, ,50.0,40.49,Unknown,0.0,26.51,C,39.0,48.05,a,40.0,75.45,C,12.0,33.56, ,79.0,41.91,C,3.0,54.62,Unknown,68.0,15.85,C,46.0,39.65,B,19.0,5.47,Unknown,5.0,87.03,Unknown
2419,Oliver,Maine Coon ,11,3.66,black ,male,No,Yes,Yes,Paris,Mixed,healthy,,39.4,Unknown,,36.64,B,25.0,60.6,D,36.0,47.89,B,96.0,82.92,C,58.0,29.53,a,,61.23,A,18.0,57.53,a,97.0,83.13,B,87.0,57.14,b,97.0,58.96,D,59.0,25.31,D
2420,Oliver,BRITISH SHORTHAIR,20,6.66,Gray,,Yes,NO,Unknown,Berlin,dry,Healthy,,70.78,B,19.0,64.88,B,41.0,62.05,b,6.0,26.32,B,32.0,36.22,D,14.0,74.84,C,23.0,72.58,a,,49.76,a,,83.63,B,39.0,50.92,D,27.0,4.61,A,46.0,40.74,b
2421,Chloe,,18,6.17,Brown,Unknown,No,YES,No, london,Wet,Healthy,2024/01/05,9.69,a,45.0,67.77,a,35.0,20.79,Unknown,81.0,43.97,b,32.0,54.29,Unknown,64.0,59.71,A,99.0,67.73, ,34.0,65.02,C,66.0,49.28,C,96.0,67.77, ,48.0,101.86,B,14.0,68.01,a
2422,Loki,ragdoll,4,2.07,Black,Unknown,Yes,YES,,,Mixed,Healthy,,-8.9,a,52.0,50.39,B,46.0,39.48,b,9.0,55.63,Unknown,61.0,65.6,A,28.0,29.65, ,37.0,34.43,C,88.0,65.6, ,84.0,58.99,b,13.0,50.31,D,54.0,82.72,b,12.0,34.42,B
2423,Chloe,Persian ,2,5.58,Black,Unknown,No,No,Unknown,Paris,Dry,Healthy,05/01/2024,41.72,D,96.0,73.26,C,26.0,31.43,B,30.0,65.58,C,27.0,43.55, ,71.0,13.37,Unknown,2.0,49.04,b,96.0,6.26,D,39.0,51.96,D,55.0,63.15,a,5.0,58.31,b,,71.33,D
2424,Oreo,Unknown,-1,3.26,Gray,female,Yes,No,No,Paris,Dry,SICK,2024/01/05,28.12,A,55.0,64.25,Unknown,,unknown,D,39.0,31.71,D,,70.22,A,1.0,55.47,a,84.0,55.81,C,40.0,4.12,b,31.0,79.06,B,59.0,46.74,D,93.0,65.33,Unknown,59.0,51.35,a
2425,Loki,Unknown,1,4.39,Orange,Female,yes,NO,Yes,Berlin,,Checkup Needed,2024-01-05,40.27,b,69.0,36.87,B,47.0,57.47,a,19.0,36.75,D,5.0,38.89,a,36.0,48.53,A,44.0,58.67,D,52.0,55.13,B,86.0,37.17,D,63.0,95.64,Unknown,26.0,86.0,D,,37.4,a
2426,Leo,,7,3.03, WHITE,Female,yes,YES,No,Paris,Dry,Sick,Jan 5 2024,75.84,C,31.0,44.51,A,67.0,30.99,A,56.0,95.94,b,48.0,51.1, ,,85.5,C,19.0,45.87, ,12.0,64.38,A,80.0,52.82,a,,64.88,a,33.0,50.3,A,3.0,50.34,D
2427,Smokey,,20,6.47,black ,Unknown,No,,Yes,Toronto,Mixed,Checkup Needed,,61.62,C,35.0,62.2,A,40.0,68.88,A,48.0,66.52,A,89.0,41.02, ,68.0,69.8,b,19.0,55.09,b,46.0,error,Unknown,98.0,29.1,D,32.0,24.77,Unknown,85.0,55.04,C,11.0,22.89,B
2428,Milo,,24,4.73,Brown,F,Y,,No,New York,Mixed,,Jan 5 2024,22.75,C,,33.25,Unknown,42.0,54.4,b,97.0,20.72,b,18.0,49.98,A,41.0,59.4,C,72.0,65.85,C,41.0,45.07,D,80.0,41.12,b,12.0,58.15, ,40.0,51.47,D,13.0,31.39,C
2429,Luna,Bengal ,12,2.72,Mixed,M,no,YES,No,,wet,SICK,2024-01-05,72.54,B,62.0,56.83,Unknown,10.0,48.36,Unknown,55.0,51.53,A,54.0,45.08,a,,51.17,a,24.0,72.05, ,39.0,60.63,A,66.0,69.56,b,46.0,32.03,C,58.0,36.97,C,61.0,27.58,Unknown
2430,Kitty,sphynx,16,4.67,Black,,Yes,YES,,Paris,Mixed,healthy,05/01/2024,42.53, ,62.0,56.03,C,39.0,62.74,b,51.0,65.21,a,80.0,57.85,D,49.0,27.99,b,65.0,41.35, ,84.0,27.45,B,80.0,65.38,B,3.0,85.64,b,37.0,39.95,A,45.0,87.31,D
2431,Kitty,Unknown,22,3.8, WHITE,Unknown,N,YES,,Sydney,dry,SICK,Jan 5 2024,,A,22.0,42.43,B,13.0,33.58,C,61.0,105.52,B,62.0,40.68,C,,52.08,Unknown,33.0,65.21, ,66.0,49.66,b,79.0,38.86,a,7.0,39.41,a,29.0,68.47,a,45.0,31.67, 
2432,Luna,Unknown,22,4.61,Mixed,Unknown,No,,Unknown,,Mixed,,,53.4,Unknown,26.0,72.01,C,75.0,67.88,a,47.0,40.51, ,42.0,48.9,D,40.0,52.73,C,7.0,40.02, ,68.0,17.99,D,16.0,30.48,B,40.0,58.18,D,,13.6, ,80.0,81.65,B
2433,Shadow, Sphynx,12,0.82,White,F,Yes,NO,Yes, london,dry,healthy,,91.96,b,30.0,45.25,a,31.0,55.3,C,41.0,38.95,C,99.0,69.21,Unknown,83.0,28.49,D,93.0,48.83,C,,29.62,B,78.0,65.82,A,38.0,56.42, ,92.0,55.69,b,26.0,58.41,a
2434,Smokey,,16,4.19,Orange,Unknown,no,No,Yes,TOKYO,Dry,Healthy,Jan 5 2024,6.07,Unknown,35.0,41.63,a,77.0,58.99,b,6.0,42.6, ,41.0,22.13,b,18.0,20.56,a,,15.16,D,87.0,47.99,b,18.0,78.07,D,98.0,87.48,A,35.0,65.08,a,0.0,43.28,Unknown
2435,Tiger,Sphynx,7,4.33,White,,no,,No,London,Mixed,,Jan 5 2024,46.18,Unknown,12.0,105.56,b,54.0,43.89,B,98.0,22.99, ,68.0,55.68,a,63.0,40.11, ,12.0,52.84,b,40.0,19.19,A,26.0,38.3,A,,51.22,a,62.0,88.03,A,72.0,43.4,B
2436,Nala,Unknown,17,2.68,White,Unknown,N,,,New York,wet,SICK,,53.4, ,53.0,45.77, ,27.0,82.99,C,,68.27,D,6.0,59.17, ,24.0,30.63, ,52.0,32.8,a,,54.27,D,81.0,20.47,b,41.0,45.97,b,33.0,27.25,a,55.0,48.7,C
2437,Shadow,SIAMESE,0,3.36,White,female,Y,Yes,Unknown,,wet,Sick,2024/01/05,75.07,B,49.0,49.93,C,15.0,28.53,Unknown,4.0,37.08,a,,82.78,A,1.0,23.97,D,5.0,25.84,B,82.0,45.12,C,34.0,24.1,Unknown,88.0,45.12,C,84.0,31.3, ,9.0,37.7,B
2438,Bella,sphynx,8,4.44,Brown,Male,No,,No,London,Mixed,Healthy,05/01/2024,27.15,a,69.0,94.04,a,92.0,58.89,b,4.0,,b,17.0,55.55,C,40.0,91.04,B,,24.97,C,86.0,48.82,D,,64.24, ,,21.43,C,66.0,24.67,b,65.0,39.2,D
2439,Oliver,ragdoll,15,5.4,White,Female,No,YES,No,Tokyo,Mixed,Sick,,65.65,D,6.0,37.5,B,83.0,54.73,b,49.0,47.8,C,85.0,40.02,B,69.0,34.0, ,,33.46,A,,44.61,B,65.0,33.69, ,48.0,49.07,C,69.0,60.27,C,80.0,16.68,Unknown
2440,Shadow,,24,4.88, WHITE,M,yes,No,Yes,Toronto,dry,Sick,2024/01/05,64.22,C,4.0,52.42,B,45.0,95.25,Unknown,39.0,51.17,b,1.0,25.03,B,29.0,40.63,D,78.0,61.11, ,73.0,91.49, ,,45.98, ,,55.84,a,30.0,41.53, ,,40.73,b
2441,Oreo,bengal,-1,6.82, WHITE,F,,NO,,Toronto,dry,Sick,,42.49, ,32.0,31.8,Unknown,65.0,36.15,a,56.0,71.83,a,20.0,62.29,C,80.0,54.23,D,32.0,38.25,C,96.0,73.86,B,54.0,66.16,D,94.0,49.04,a,1.0,14.49, ,37.0,90.17,A
2442,Nala,British Shorthair,19,6.57, WHITE,Male,Y,No,No,TOKYO,Dry,SICK,05/01/2024,56.97,A,23.0,70.39,b,,51.75,A,48.0,77.01,Unknown,84.0,45.31,A,14.0,26.55,a,17.0,49.17, ,94.0,73.51,B,45.0,80.47,D,31.0,27.68,D,58.0,error,D,66.0,93.71,D
2443,Loki,ABYSSINIAN,20,4.49,black ,F,No,,Yes,Tokyo,Wet,Checkup Needed,2024/01/05,9.67,b,32.0,47.06,A,97.0,40.33,b,78.0,27.02,Unknown,10.0,37.85,C,8.0,58.02,A,18.0,35.1, ,4.0,70.7,C,65.0,42.78,B,81.0,67.06,A,50.0,56.3,D,20.0,52.22,b
2444,Smokey,MAINE COON,15,5.07,Orange,M,N,Yes,Yes,Sydney,,SICK,2024-01-05,34.09,a,27.0,79.69,B,,38.31,a,,96.25,D,19.0,52.07,B,98.0,61.27,Unknown,6.0,64.4,A,11.0,64.97,D,58.0,29.31, ,45.0,45.27, ,49.0,53.12,D,1.0,46.1,a
2445,Loki,British Shorthair,21,4.26,Gray,F,yes,No,,London,,Healthy,2024-01-05,39.25,a,18.0,57.09,b,68.0,-5.39,A,99.0,55.62, ,66.0,40.15,D,,80.63,b,74.0,56.9, ,44.0,53.47,a,,85.36,B,53.0,43.95,Unknown,35.0,50.27,B,,35.08,D
2446,Luna,Unknown,23,5.25,,,Y,,No,Toronto,Dry,SICK,Jan 5 2024,40.28,b,19.0,29.01,D,97.0,47.13,B,58.0,85.6,A,73.0,33.6,b,71.0,38.87,B,4.0,68.31,a,13.0,49.03,B,22.0,26.28,a,47.0,65.16,B,73.0,37.7,Unknown,56.0,50.15, 
2447,Chloe,Persian ,12,4.83,Orange,Female,Yes,,No,Tokyo,Wet,Checkup Needed,05/01/2024,46.46,B,,21.62,a,34.0,unknown,D,81.0,65.38,Unknown,1.0,33.1,b,31.0,51.18,a,56.0,23.11,D,9.0,67.63,C,8.0,15.33,a,46.0,51.1,B,98.0,69.15,Unknown,59.0,54.83, 
2448,Smokey,Unknown,23,4.67,Black,male,Yes,,Unknown,London,Mixed,healthy,,47.09,C,86.0,51.81,b,93.0,43.68,A,87.0,61.06,a,98.0,57.09,A,40.0,unknown,A,,50.88,a,14.0,34.95,b,56.0,33.58,Unknown,42.0,54.84,B,9.0,49.69,A,29.0,36.66,D
2449,Tiger,SIAMESE,20,4.18,White,Male,no,Yes,Unknown,New York,,Healthy,2024/01/05,52.76,C,11.0,57.62,b,9.0,79.68,b,60.0,6.56,D,87.0,31.62,D,19.0,38.1,C,,53.65,D,98.0,29.66, ,75.0,57.51,D,26.0,70.71,b,48.0,69.57,B,1.0,50.34,Unknown
2450,Lucy,Bengal ,13,4.92, WHITE,Female,No,,,Toronto,Wet,Sick,Jan 5 2024,33.43,a,11.0,33.74,A,73.0,50.69,C,32.0,66.34,b,,76.59,a,1.0,97.21,a,71.0,62.62, ,20.0,42.55,B,,54.56,C,,56.73,a,66.0,51.65,C,38.0,13.32,Unknown
2451,Oliver,Unknown,16,3.03,Black,Unknown,yes,No,No,Toronto,,SICK,05/01/2024,32.33,C,40.0,72.65,a,34.0,error,B,0.0,42.4,B,,78.87,A,16.0,63.46,B,22.0,65.5, ,34.0,59.35,a,12.0,33.75,C,,29.77,D,84.0,81.54,C,,36.63,Unknown
2452,Bella,Siamese,16,4.15,Mixed,female,No,Yes,Unknown,Tokyo,Wet,,2024-01-05,N/A,b,53.0,74.43,A,16.0,64.71,C,55.0,53.09, ,15.0,40.95, ,78.0,81.76,B,34.0,31.23,A,24.0,61.08,C,77.0,79.78,Unknown,,58.01,Unknown,34.0,54.9,B,47.0,66.23,D
2453,Simba, Abyssinian,9,5.72,White,Male,No,No,Yes, london,Mixed,Checkup Needed,,14.53,C,53.0,41.4,Unknown,4.0,52.92, ,14.0,22.84,D,43.0,37.65,Unknown,41.0,38.82,C,6.0,13.02,B,19.0,29.2,C,16.0,13.05,C,,56.48,B,,37.13,b,77.0,35.25,B
2454,Simba,ABYSSINIAN,20,5.59,Gray,M,No,NO,No,Toronto,Mixed,SICK,Jan 5 2024,53.38, ,86.0,54.97,a,13.0,38.99,a,80.0,54.14,A,53.0,59.28, ,46.0,52.13,D,40.0,37.74,B,13.0,60.01,B,56.0,47.41,A,8.0,2.37,C,50.0,71.21, ,98.0,49.85, 
2455,Oreo,maine coon,22,4.27,Brown,female,Y,YES,No,Sydney,dry,Checkup Needed,2024/01/05,48.77,b,70.0,error,C,54.0,41.81,C,2.0,67.69,a,15.0,47.57,a,40.0,25.48,C,55.0,71.45,B,1.0,67.2,C,20.0,37.03,C,35.0,43.7,b,56.0,60.89,C,78.0,61.83,C
2456,Milo,SIAMESE,3,6.01,Brown,M,N,NO,No,Sydney,Dry,Sick,05/01/2024,52.62,Unknown,38.0,48.92,A,22.0,74.14, ,18.0,34.43,a,72.0,45.97,a,96.0,23.6,C,,47.86,D,44.0,34.16, ,16.0,29.22,a,14.0,45.35,a,74.0,51.75,b,17.0,78.46,C
2457,Leo,sphynx,9,6.06,Orange,Female,No,YES,No, london,Mixed,SICK,Jan 5 2024,58.23,B,60.0,41.47,A,40.0,42.61,A,45.0,60.97,a,87.0,42.22,a,38.0,56.6,D,78.0,61.9,D,47.0,79.54,C,48.0,44.72,C,46.0,54.58,B,62.0,53.59,Unknown,64.0,32.24,b
2458,Oliver,SCOTTISH FOLD,4,5.09,Orange,Unknown,,NO,No,London,dry,Sick,,86.18,C,10.0,20.66,A,76.0,42.78, ,1.0,61.76,B,28.0,35.16,A,4.0,61.78,C,4.0,51.49,B,47.0,error,C,91.0,21.6,B,91.0,63.52,b,31.0,71.95,A,9.0,41.93,B
2459,Luna,,7,4.14,Black,Unknown,no,Yes,Yes,Paris,Dry,SICK,,38.35,D,36.0,44.01,D,61.0,61.32,A,2.0,46.96,a,18.0,28.77, ,79.0,58.61,D,94.0,39.34,A,76.0,59.19,b,82.0,69.59,a,16.0,29.92,b,,30.69, ,12.0,41.68,a
2460,Leo,Abyssinian ,9,6.45,,M,,YES,No,Toronto,dry,Healthy,,66.68, ,,67.15,D,97.0,-6.71,Unknown,92.0,56.43, ,87.0,52.14,C,68.0,6.08,A,27.0,39.43,B,10.0,50.77,A,3.0,23.19,a,75.0,52.18,A,5.0,41.03, ,90.0,47.54, 
2461,Oliver,Bengal,13,4.06, WHITE,Female,No,Yes,, london,Mixed,healthy,05/01/2024,31.07,D,11.0,56.27,b,5.0,48.07,a,40.0,35.22, ,86.0,46.17,D,11.0,47.52, ,,63.46, ,31.0,47.66,D,28.0,78.75,b,49.0,60.13,D,72.0,55.08,D,48.0,51.56,B
2462,Oliver,,10,3.21,White,Male,,YES,Unknown,TOKYO,Wet,,2024/01/05,8.55,A,77.0,85.6,B,63.0,40.37,a,34.0,21.79,Unknown,2.0,32.38,C,,56.79,a,,81.27,C,4.0,58.39,Unknown,77.0,90.34,C,,8.7,C,25.0,30.27,Unknown,94.0,57.03,D
2463,Tiger,BENGAL,10,6.22,Orange,female,N,No,Unknown,New York,,SICK,05/01/2024,29.08,B,43.0,24.73,Unknown,67.0,65.24,b,13.0,49.0,A,,72.64, ,93.0,41.89,a,47.0,101.93,A,81.0,45.55,Unknown,21.0,72.81,C,99.0,42.13,D,37.0,37.92,C,6.0,37.52, 
2464,Chloe,BRITISH SHORTHAIR,11,3.97, WHITE,M,N,Yes,Unknown,TOKYO,wet,Sick,Jan 5 2024,84.59,B,78.0,25.84, ,,49.57,Unknown,13.0,71.85,A,78.0,87.69,Unknown,65.0,97.76,C,45.0,25.73, ,45.0,36.44,A,61.0,64.47,b,19.0,74.9,B,12.0,30.66,a,84.0,68.88,a
2465,Oliver,Ragdoll,3,5.77,,Male,Yes,NO,Unknown,London,Wet,,05/01/2024,3.48,B,29.0,54.51,C,75.0,27.73,B,25.0,unknown,B,79.0,36.74,b,38.0,67.02,D,,40.62,D,24.0,61.46,A,23.0,60.9,D,39.0,103.23,D,29.0,73.51,Unknown,41.0,74.97,b
2466,Smokey, Maine Coon,16,4.53,Mixed,Female,no,No,Unknown,Sydney,Mixed,SICK,,72.82,D,8.0,46.65,D,50.0,74.25,A,75.0,58.42,C,30.0,19.86,D,5.0,49.29,B,17.0,70.89,b,,72.43,a,64.0,35.98,b,74.0,22.59,a,32.0,55.91,b,45.0,71.6, 
2467,Leo,Ragdoll ,7,3.44,Brown,M,N,NO,,Sydney,wet,Checkup Needed,2024-01-05,66.06, ,,59.24,A,92.0,33.22,a,31.0,71.37,Unknown,15.0,47.38,A,53.0,31.86,b,91.0,68.91,b,57.0,78.42,Unknown,53.0,44.97,Unknown,87.0,41.14,b,38.0,10.47,D,14.0,46.45,B
2468,Bella,Maine Coon,6,4.32,Mixed,male,yes,No,,London,Wet,Healthy,05/01/2024,69.33,Unknown,48.0,41.59,Unknown,61.0,73.63, ,79.0,60.51, ,15.0,56.26,b,29.0,53.87,a,14.0,26.71,Unknown,30.0,61.86,B,33.0,53.94,A,75.0,44.27,C,60.0,62.93,Unknown,46.0,54.78,B
2469,Chloe, Scottish Fold,19,1.04,Mixed,female,,YES,No,Berlin,Wet,,2024/01/05,64.79,Unknown,53.0,47.23,A,18.0,64.6,b,30.0,99.43,A,20.0,32.62,C,74.0,48.8,a,,83.16, ,50.0,40.47,C,84.0,34.64,Unknown,73.0,49.41,D,12.0,32.44,C,81.0,46.96,Unknown
2470,Milo,SCOTTISH FOLD,6,2.87,Gray,female,No,YES,Unknown,London,Mixed,Healthy,2024/01/05,75.2,a,76.0,25.81,C,42.0,21.06,A,68.0,26.67,a,51.0,36.83,a,50.0,60.44, ,39.0,26.95,A,5.0,50.99,C,77.0,61.72,b,19.0,40.34,b,82.0,23.72,B,43.0,43.12, 
2471,Simba, Sphynx,6,7.62,black ,female,,Yes,,Tokyo,wet,SICK,05/01/2024,44.52,C,83.0,73.97,b,44.0,74.55,B,47.0,27.98,C,54.0,44.52,C,25.0,47.02,D,65.0,51.67,a,49.0,68.75,b,86.0,43.04,A,71.0,27.7,b,48.0,20.05,B,54.0,65.81,Unknown
2472,Chloe,MAINE COON,-2,5.6,Black,M,No,,Yes,Paris,Wet,Checkup Needed,2024/01/05,62.18,B,57.0,45.55,Unknown,7.0,82.28,Unknown,,62.95,a,15.0,35.96,a,59.0,19.7,a,22.0,44.99,C,29.0,51.97,A,83.0,54.07,B,69.0,47.78,D,18.0,70.26,B,42.0,42.54, 
2473,Oreo, Persian,-2,4.73, WHITE,Female,,NO,No,Sydney,wet,Healthy,Jan 5 2024,64.57,A,96.0,43.82,B,54.0,86.7,a,77.0,38.64,A,11.0,48.82,C,25.0,49.44,B,11.0,33.73,C,83.0,38.62, ,67.0,8.25,b,88.0,47.19,Unknown,25.0,98.98, ,96.0,N/A,A
2474,Bella, Siamese,10,3.63,Orange,Female,N,NO,Yes,London,,Checkup Needed,,24.84,A,,39.06,b,43.0,56.7,C,59.0,42.44,C,34.0,60.01,C,11.0,74.46, ,59.0,39.46,C,68.0,55.66,A,55.0,69.79,a,,33.53,Unknown,31.0,80.71, ,16.0,61.58,B
2475,Smokey,Maine Coon,18,4.21,Brown,female,No,Yes,No,Berlin,Mixed,healthy,2024-01-05,51.96,D,9.0,32.18,Unknown,5.0,53.38,B,22.0,36.77,B,45.0,58.87,A,,37.37,A,88.0,26.06,A,40.0,28.32, ,12.0,38.4, ,53.0,77.64,a,61.0,44.27,C,7.0,19.09,B
2476,Lucy,,18,2.91,Orange,,N,NO,No,New York,wet,healthy,2024-01-05,26.85, ,92.0,57.79,B,18.0,54.73,a,43.0,38.22,Unknown,,44.93,B,,45.83,C,35.0,51.3,a,37.0,23.02,A,95.0,62.36,D,82.0,30.81,D,83.0,37.99,D,72.0,75.61, 
2477,Leo,british shorthair,23,3.95,Mixed,Female,,NO,,Tokyo,Mixed,,05/01/2024,50.12,Unknown,58.0,69.89,D,26.0,42.88,Unknown,,57.98,A,36.0,33.74,D,96.0,39.67,a,13.0,45.35,D,,87.28,Unknown,98.0,10.91,Unknown,89.0,71.12, ,40.0,27.57,b,21.0,58.9,D
2478,Oreo,Unknown,19,2.44,Mixed,Male,No,YES,Yes,Tokyo,wet,SICK,05/01/2024,31.12,Unknown,49.0,37.58, ,94.0,38.16,a,69.0,48.86,Unknown,28.0,50.82,a,9.0,103.22,B,,59.1,B,15.0,50.9,A,81.0,37.83,Unknown,14.0,26.44, ,27.0,12.9,Unknown,63.0,51.19,D
2479,Chloe, Siamese,16,4.3, WHITE,,Yes,NO,Unknown,London,Mixed,,05/01/2024,60.64,A,80.0,50.3, ,92.0,80.03,Unknown,77.0,53.7,a,79.0,68.24,B,54.0,67.68,a,20.0,37.53,D,2.0,33.19,Unknown,50.0,34.45,b,10.0,0.52,Unknown,79.0,52.56,b,35.0,49.98,A
2480,Chloe,Sphynx ,13,4.09,Orange,male,Y,,Unknown,Berlin,,healthy,,35.45,Unknown,,67.42,A,57.0,41.16,A,,55.85,b,59.0,52.73,A,4.0,36.34,C,36.0,76.41,B,90.0,66.8,b,42.0,24.8,C,83.0,45.42,Unknown,,78.51,C,36.0,16.39,B
2481,Shadow,Persian ,21,4.43,Black,F,No,Yes,Unknown,Toronto,Dry,healthy,Jan 5 2024,39.94,D,43.0,65.65,b,,21.58,b,76.0,47.24,D,51.0,54.25,b,4.0,34.52,Unknown,3.0,28.42,D,56.0,48.69,a,75.0,86.34,Unknown,68.0,61.44, ,70.0,18.18,D,38.0,74.44,B
2482,Lucy, Persian,20,3.28,Black,Unknown,Y,,Yes,Tokyo,wet,Healthy,,44.44,B,14.0,78.94,D,44.0,40.08,A,83.0,35.69, ,80.0,55.74,b,63.0,3.39,B,39.0,58.89,D,52.0,29.76,B,,48.02, ,60.0,19.92,a,67.0,70.77, ,58.0,71.37,b
2483,Leo,British Shorthair ,10,6.83,Gray,Unknown,,Yes,No,Tokyo,Dry,Healthy,05/01/2024,83.32,C,10.0,48.25,C,17.0,64.54,Unknown,10.0,31.55,C,64.0,58.65,A,69.0,70.16,C,79.0,65.6,A,,11.27,D,17.0,46.38,Unknown,93.0,45.3,D,,10.34,A,9.0,44.42,C
2484,Lucy,ragdoll,15,5.19,White,F,Y,,Unknown, london,,Sick,05/01/2024,45.88,D,49.0,42.12,B,47.0,45.64,a,,46.68,A,22.0,66.54,b,,68.57,D,80.0,68.78, ,77.0,29.43,D,80.0,unknown,Unknown,70.0,66.06,B,68.0,28.37,B,,20.61,a
2485,Luna,bengal,21,4.33,Black,,N,Yes,,Sydney,Mixed,healthy,,68.58,C,43.0,34.06,C,98.0,39.15,D,52.0,82.7,D,58.0,33.23,Unknown,,N/A,a,30.0,66.5,b,95.0,47.79,a,46.0,43.33,C,40.0,57.87,D,73.0,32.94,B,76.0,40.42,D
2486,Kitty,Siamese,7,5.67,,male,no,NO,Unknown,TOKYO,wet,Checkup Needed,2024/01/05,59.66,A,9.0,84.19,B,24.0,32.22,b,53.0,21.78,C,23.0,38.93, ,64.0,50.62,A,8.0,21.62,a,93.0,38.74,a,92.0,80.63,b,23.0,56.15,D,52.0,50.93,b,66.0,36.9,a
2487,Leo,Abyssinian ,11,3.65,,Male,no,NO,Unknown,London,Mixed,Healthy,Jan 5 2024,36.63,a,16.0,74.57,Unknown,39.0,51.05,A,4.0,12.65,D,21.0,21.03,A,3.0,94.19,a,4.0,42.79,a,,64.19,A,1.0,23.83,C,24.0,56.3,C,,70.69,A,37.0,51.17, 
2488,Kitty,MAINE COON,0,4.75,Black,female,no,,No,New York,Wet,healthy,2024/01/05,94.43,D,98.0,54.45, ,,72.39,A,29.0,57.97,C,56.0,61.17,B,14.0,32.12, ,42.0,78.57,Unknown,0.0,83.58,b,70.0,24.68,B,54.0,55.98,C,89.0,24.28,b,80.0,53.27,Unknown
2489,Oreo, Ragdoll,-2,6.14, WHITE,Unknown,No,,Unknown, london,Dry,healthy,,68.42,a,,43.88,Unknown,28.0,14.16,A,64.0,43.59, ,79.0,14.04, ,99.0,76.84, ,12.0,56.98,a,61.0,37.41,b,43.0,68.09,A,37.0,64.17,A,26.0,46.52,a,77.0,51.23,B
2490,Lucy,abyssinian,7,4.39,Mixed,female,Yes,NO,Unknown,TOKYO,Dry,SICK,2024/01/05,60.79,B,2.0,34.33,b,12.0,39.54,A,54.0,22.46, ,5.0,54.74,A,44.0,39.62,A,85.0,70.45, ,49.0,31.04,D,16.0,56.56,Unknown,,36.4,D,33.0,53.77,A,80.0,27.25,A
2491,Shadow,,4,1.89,White,Female,Y,YES,Yes,,Wet,SICK,05/01/2024,2.61,A,17.0,33.99,b,19.0,21.19,b,94.0,54.97, ,22.0,N/A,Unknown,95.0,32.88,D,74.0,24.57,B,81.0,73.25,a,19.0,56.09,a,79.0,65.76,A,17.0,55.73, ,14.0,78.92,B
2492,Bella,Maine Coon ,21,6.43, WHITE,M,Y,NO,,London,Wet,Healthy,Jan 5 2024,69.79, ,38.0,61.52,b,0.0,61.56,B,17.0,37.14,C,89.0,43.96,b,2.0,19.48,b,87.0,37.1,Unknown,64.0,N/A,Unknown,44.0,43.69,Unknown,31.0,-5.31, ,75.0,27.37,B,52.0,48.07,b
2493,Milo,MAINE COON,1,4.5,Mixed,Female,Y,,No,Paris,dry,Sick,05/01/2024,39.92,D,8.0,21.95,A,,unknown, ,96.0,69.94,Unknown,28.0,11.49,C,12.0,52.05,Unknown,50.0,52.8,B,93.0,77.96,a,,18.13,a,92.0,42.91, ,,63.27,D,57.0,64.07,B
2494,Tiger,,17,3.17,Orange,M,No,NO,No,Sydney,wet,Healthy,2024/01/05,61.66,Unknown,8.0,69.46,a,73.0,51.27,A,50.0,61.89,C,63.0,23.3,a,38.0,55.4,Unknown,75.0,33.1,D,64.0,58.15,D,45.0,59.87,b,63.0,59.71,B,1.0,60.23,D,0.0,33.3,a
2495,Smokey,PERSIAN,4,0.75,Gray,,Y,NO,Yes,TOKYO,dry,Healthy,2024-01-05,46.93,Unknown,26.0,43.94,A,76.0,-2.94,b,,65.08,D,91.0,44.67,Unknown,4.0,44.04, ,90.0,68.73,a,34.0,52.32,D,1.0,42.69,C,75.0,23.05,D,79.0,59.82, ,15.0,44.75,A
2496,Shadow,Maine Coon,-1,6.07, WHITE,Unknown,N,NO,Yes,Tokyo,Mixed,SICK,05/01/2024,52.46,B,75.0,63.26,B,21.0,33.47, ,69.0,60.11,b,7.0,70.4, ,64.0,57.74,C,12.0,46.79,a,63.0,46.47,A,71.0,38.53, ,85.0,62.81,a,18.0,42.8,D,,32.22,a
2497,Leo,ABYSSINIAN,-1,3.6,Mixed,female,N,Yes,,Paris,Mixed,Healthy,2024-01-05,74.91,b,0.0,77.95,A,53.0,30.05, ,44.0,85.15,A,19.0,59.43,A,51.0,1.38, ,43.0,45.73,b,34.0,41.9, ,1.0,55.76,Unknown,98.0,52.23, ,30.0,52.74,Unknown,24.0,27.57,Unknown
2498,Lucy,Bengal,3,5.17,White,Unknown,Yes,Yes,Unknown,London,Mixed,SICK,2024/01/05,51.85,Unknown,74.0,43.52,C,27.0,68.97,a,,N/A,D,35.0,22.6,D,90.0,13.03, ,94.0,38.6,Unknown,,32.48,B,35.0,40.74,B,43.0,60.07,Unknown,,57.42,C,68.0,36.16,a
2499,Leo,Abyssinian,-1,5.31,,female,yes,No,Yes,London,,healthy,Jan 5 2024,55.24,D,2.0,51.95, ,28.0,9.86,a,,54.39,B,29.0,58.94,D,69.0,29.95,A,8.0,29.42,Unknown,89.0,36.84,D,,29.78,C,60.0,90.89,C,97.0,82.97,A,22.0,81.35,b
2500,Shadow,Scottish Fold ,-1,3.27,Brown,Female,No,,,Sydney,Wet,healthy,2024-01-05,20.42,B,17.0,72.73,b,57.0,35.13,b,54.0,48.7,B,20.0,49.91,C,48.0,59.72,A,91.0,66.74,Unknown,64.0,60.62,D,7.0,36.44,a,77.0,50.4,Unknown,13.0,59.01,b,59.0,58.69, 
2501,Chloe,SCOTTISH FOLD,1,4.8,,Unknown,Y,No,,Sydney,Mixed,,2024-01-05,79.68,A,77.0,85.63,C,98.0,69.13,B,19.0,15.3,A,97.0,53.63,A,96.0,48.07,A,,28.06,D,33.0,62.39,A,84.0,32.03,b,8.0,30.63,b,49.0,error,Unknown,78.0,23.42,Unknown
2502,Simba,Ragdoll ,20,7.51,Brown,Male,yes,YES,,London,,Healthy,,71.2,b,97.0,64.15,b,61.0,37.45,Unknown,,61.62,Unknown,0.0,40.95,D,79.0,43.95,a,2.0,36.27,Unknown,77.0,50.49,a,75.0,55.01, ,22.0,66.44,a,85.0,39.39,Unknown,52.0,48.46,C
2503,Tiger,siamese,3,2.87,Black,Female,Y,YES,,London,Dry,Healthy,2024-01-05,67.09, ,7.0,68.61,B,50.0,87.91,b,66.0,44.78,Unknown,99.0,47.33,D,12.0,59.62,C,6.0,80.33,A,77.0,37.53,C,14.0,66.18,C,74.0,106.63,A,86.0,35.62,B,60.0,36.95, 
2504,Nala,Unknown,24,6.52,,F,Yes,No,No,TOKYO,Wet,healthy,05/01/2024,44.02,C,28.0,35.21,A,,47.64,Unknown,55.0,16.85,a,67.0,57.67,b,66.0,75.05,D,21.0,48.83,Unknown,95.0,30.11,b,4.0,102.8, ,11.0,64.13,B,,72.28,A,8.0,46.01,C
2505,Loki,BRITISH SHORTHAIR,16,1.77,Orange,F,Y,No,Yes,Toronto,,Healthy,2024/01/05,9.59,b,38.0,47.72,Unknown,88.0,71.08,Unknown,33.0,unknown,B,66.0,40.11,a,8.0,39.87,B,89.0,44.15,B,78.0,43.3,A,61.0,85.82, ,20.0,32.58, ,52.0,64.7,Unknown,,29.77,A
2506,Simba,Unknown,-1,1.17,Gray,M,,No,No,TOKYO,wet,,Jan 5 2024,36.91,a,52.0,46.86,C,59.0,31.47,a,53.0,77.81,C,68.0,21.91, ,3.0,19.67,D,32.0,76.61, ,6.0,56.8,a,27.0,33.39,D,77.0,40.35, ,69.0,52.8,A,7.0,22.72, 
2507,Chloe,ragdoll,1,3.97,Orange,male,No,YES,Yes,Toronto,Mixed,SICK,2024/01/05,8.05,C,90.0,65.32,Unknown,70.0,36.31,Unknown,,34.19,A,98.0,69.01,a,12.0,80.06, ,,12.09,Unknown,53.0,79.11,D,45.0,66.69,b,,42.25,b,16.0,55.5,Unknown,1.0,43.27,D
2508,Nala,RAGDOLL,11,4.37,,male,Yes,No,Unknown, london,,Healthy,05/01/2024,54.83,C,17.0,56.18,C,65.0,51.41,D,47.0,28.31,a,8.0,51.23,C,93.0,26.89,a,34.0,70.06,D,21.0,41.02,A,51.0,21.12,C,1.0,58.57,B,38.0,54.98,a,,28.14, 
2509,Shadow,,0,3.94,,Male,no,YES,,Tokyo,dry,Sick,,44.07,b,46.0,38.21,D,92.0,48.35,C,53.0,53.73,A,31.0,38.37,b,57.0,30.34,A,,83.36,a,9.0,12.8,D,61.0,57.02, ,95.0,45.42,Unknown,39.0,40.14,D,23.0,17.8,C
2510,Tiger,,13,4.04,Black,female,Yes,Yes,Yes,Tokyo,dry,,2024/01/05,24.96,C,48.0,56.2,B,22.0,62.46,D,68.0,67.83, ,84.0,77.13,a,70.0,44.72,b,51.0,29.18,b,,76.76, ,26.0,55.19, ,21.0,55.04,D,,-1.43,a,15.0,63.16, 
2511,Smokey,Maine Coon,9,4.83,Mixed,Female,yes,YES,Unknown,Paris,Wet,Sick,2024-01-05,59.44,a,20.0,36.44,Unknown,17.0,57.02, ,,43.91,A,,36.53,Unknown,47.0,32.49, ,40.0,81.43,C,92.0,69.88, ,62.0,18.27,B,74.0,47.99,Unknown,7.0,29.37,B,78.0,21.26,Unknown
2512,Loki, Siamese,-1,4.0,Brown,M,,Yes,,TOKYO,,Healthy,2024-01-05,33.45,a,24.0,25.7,a,39.0,49.15, ,69.0,32.57,B,22.0,46.37,b,69.0,80.8,B,7.0,62.58,D,72.0,62.04,Unknown,,21.52,Unknown,25.0,50.42, ,77.0,37.1, ,,70.88,B
2513,Milo,,7,6.76,Orange,Male,no,,No,,Mixed,SICK,,unknown,D,75.0,66.52,D,92.0,51.06,Unknown,76.0,52.29,D,52.0,72.7,B,25.0,54.62,Unknown,15.0,50.58, ,82.0,39.17,C,30.0,80.33,B,85.0,51.88,D,47.0,38.83,b,37.0,27.35,C
2514,Oreo,RAGDOLL,7,6.69,White,female,,Yes,No,,wet,Healthy,,41.02,C,,54.9,A,88.0,72.3,D,40.0,74.71,C,94.0,12.91,D,,71.47,Unknown,98.0,58.16,a,95.0,47.43,B,75.0,32.15,a,27.0,error,C,93.0,18.42,Unknown,43.0,22.4,b
2515,Bella,Scottish Fold,9,5.48,Black,male,Yes,No,Yes,Berlin,wet,SICK,05/01/2024,48.23,B,72.0,25.79, ,67.0,28.52,C,22.0,83.9,a,91.0,50.85,Unknown,42.0,62.31,a,90.0,13.57,b,73.0,21.53, ,42.0,48.31,Unknown,31.0,28.69, ,30.0,54.04, ,36.0,58.95,A
2516,Chloe,Unknown,23,2.09, WHITE,Unknown,,YES,Yes,Toronto,,Sick,2024-01-05,32.9,a,40.0,56.57,B,70.0,80.62,A,79.0,61.79, ,27.0,75.86,D,31.0,68.14,Unknown,59.0,54.96,B,55.0,69.74,D,44.0,35.77,B,12.0,80.21,A,27.0,39.2,D,21.0,66.19,A
2517,Oreo,Unknown,14,3.09,Black,Unknown,Y,Yes,, london,dry,Healthy,Jan 5 2024,69.8,B,31.0,70.61,b,38.0,58.29,a,15.0,26.48,C,98.0,34.61,a,25.0,54.55,a,82.0,37.58,C,9.0,38.09,D,8.0,44.41,Unknown,26.0,36.11,C,26.0,70.01,a,86.0,35.91,b
2518,Luna,,23,4.26,Black,F,Yes,YES,Yes,Paris,,Sick,05/01/2024,21.14,Unknown,62.0,47.81,a,94.0,74.74,D,80.0,63.74, ,69.0,33.45, ,14.0,50.53,Unknown,68.0,37.61,b,90.0,47.18,B,85.0,28.28,B,38.0,56.42, ,33.0,48.76,C,54.0,61.39,A
2519,Leo,Unknown,7,4.64,Gray,Female,no,NO,Unknown,New York,,SICK,,74.56,D,56.0,47.22,C,25.0,58.59,C,10.0,12.74,A,20.0,44.94,A,91.0,59.49,B,9.0,53.6,D,30.0,40.0,Unknown,8.0,43.62,D,8.0,62.31,B,85.0,61.94,Unknown,,72.86,a
2520,Kitty,RAGDOLL,-2,4.86,black ,,no,Yes,No,Sydney,,healthy,,13.49,C,20.0,55.95, ,36.0,36.28,a,77.0,25.49,C,12.0,49.38,A,17.0,50.58,B,66.0,66.03,A,62.0,79.05,a,6.0,78.83,a,39.0,64.97, ,0.0,50.62,C,95.0,46.88,A
2521,Tiger,british shorthair,19,3.95,Mixed,Female,Yes,No,,New York,wet,SICK,Jan 5 2024,19.65, ,,32.11,C,,23.76,D,14.0,71.05,A,63.0,34.96,A,,38.88,Unknown,98.0,65.84,Unknown,72.0,42.62,Unknown,,61.36,C,54.0,55.17,Unknown,26.0,75.29, ,55.0,70.09,A
2522,Leo, Persian,2,6.54,Black,Unknown,no,YES,Unknown,Tokyo,wet,Checkup Needed,Jan 5 2024,42.9,A,20.0,39.19,Unknown,99.0,43.71,C,89.0,77.57,Unknown,57.0,76.62,C,15.0,26.6, ,66.0,31.58,Unknown,72.0,45.27, ,70.0,42.44,C,,84.81, ,29.0,49.44,Unknown,38.0,57.25, 
2523,Tiger,ABYSSINIAN,9,4.8,White,,N,Yes,Yes,Berlin,Dry,,05/01/2024,65.89, ,99.0,6.86,b,70.0,85.12,b,90.0,54.39,b,13.0,22.75,Unknown,61.0,63.59,D,34.0,38.62,b,,-6.51, ,49.0,N/A,C,91.0,34.04,a,4.0,28.2,C,75.0,33.81,a
2524,Luna,,1,5.2,Brown,Male,yes,No,Yes, london,Mixed,healthy,,32.93,b,87.0,42.61,A,70.0,49.86,Unknown,35.0,53.12,D,93.0,41.85,B,72.0,76.1,a,81.0,108.58,Unknown,17.0,90.9,C,2.0,55.92,b,9.0,51.41,C,78.0,46.61,a,37.0,44.96,C
2525,Leo,Persian ,22,5.07,Mixed,Female,no,YES,Yes,London,dry,,2024-01-05,36.24,Unknown,90.0,64.85,B,82.0,51.47,D,56.0,22.11,Unknown,14.0,81.61,a,66.0,40.65,b,16.0,55.16, ,24.0,45.04,Unknown,82.0,25.11,D,66.0,69.98,a,62.0,54.1,D,30.0,65.23,Unknown
2526,Chloe,SIAMESE,23,3.49,White,male,Y,NO,,,dry,Healthy,2024/01/05,83.33,C,65.0,14.36,B,23.0,56.46,C,90.0,57.34,B,53.0,90.81,D,51.0,60.58,B,40.0,33.46,A,7.0,56.3,C,48.0,51.86,B,,33.33,a,77.0,37.78,A,57.0,65.27,C
2527,Tiger, Persian,10,4.48,Orange,,Yes,YES,Yes,Paris,,healthy,05/01/2024,27.12, ,88.0,61.27,Unknown,1.0,51.25,C,,49.02,D,72.0,61.13, ,14.0,58.28,b,94.0,61.97,C,30.0,59.26,B,9.0,48.96,b,2.0,70.81,b,50.0,55.26,B,32.0,19.11,b
2528,Kitty,Maine Coon,0,4.07,White,Unknown,N,NO,,Sydney,,Checkup Needed,Jan 5 2024,36.07,a,,5.03,A,32.0,14.53,A,30.0,79.71,A,83.0,54.64,b,,2.09, ,,74.02,D,96.0,66.78,b,53.0,53.69,D,92.0,37.57,C,96.0,9.6,C,44.0,46.23, 
2529,Shadow,Maine Coon,-2,6.5,White,M,Y,No,, london,,SICK,2024/01/05,38.44,D,68.0,49.87,B,81.0,31.24,A,70.0,44.94,Unknown,91.0,28.32,D,10.0,63.21,D,32.0,57.44,A,31.0,17.04, ,43.0,35.32,D,84.0,45.26,Unknown,65.0,47.38,Unknown,,48.28, 
2530,Bella,ABYSSINIAN,2,4.84,Brown,female,No,YES,,Toronto,wet,Healthy,,25.19,D,61.0,64.4,a,70.0,64.38,D,41.0,38.91,b,32.0,14.42,B,45.0,38.26,Unknown,60.0,46.45,a,7.0,44.94,Unknown,72.0,39.53,B,70.0,unknown,b,49.0,37.33,a,14.0,25.87,D
2531,Lucy,,22,4.28,Brown,Unknown,no,No,No, london,dry,Sick,05/01/2024,45.08,D,13.0,43.48,B,87.0,38.71,C,29.0,51.45,b,15.0,114.58,B,27.0,50.39, ,80.0,56.2,B,35.0,35.23,C,21.0,67.37,a,40.0,54.21,a,90.0,54.4,b,48.0,58.79, 
2532,Milo,ragdoll,8,4.48,Orange,M,yes,Yes,Yes,Paris,Wet,Healthy,2024/01/05,80.55,D,,79.68,b,38.0,64.95, ,8.0,47.49,C,48.0,83.89,a,37.0,75.34,C,8.0,56.18,b,65.0,69.04,a,91.0,63.66,b,79.0,55.78,D,56.0,62.83,b,61.0,52.76,Unknown
2533,Simba,,1,5.56,Mixed,male,yes,No,No,Sydney,Wet,Checkup Needed,,68.81,C,42.0,71.0,D,,38.24,B,,47.97,B,91.0,N/A,D,25.0,7.27, ,63.0,51.87,b,0.0,68.03,a,64.0,error,Unknown,78.0,35.66,C,10.0,62.09,b,41.0,29.0,a
2534,Tiger,Unknown,9,3.46,Mixed,Female,Yes,Yes,,,Dry,,Jan 5 2024,66.04,B,16.0,52.64,a,47.0,58.1,A,83.0,44.6,D,21.0,24.18,D,84.0,53.57, ,36.0,error,Unknown,3.0,25.73,B,46.0,66.44,Unknown,86.0,20.86,Unknown,74.0,38.41,b,20.0,26.46,B
2535,Lucy,BRITISH SHORTHAIR,7,4.7,Gray,Female,No,,Unknown,Paris,,Checkup Needed,2024-01-05,62.33,B,93.0,84.57,C,35.0,56.75,A,46.0,17.27,Unknown,90.0,12.22,A,,40.28,a,65.0,39.58,Unknown,75.0,47.93,D,97.0,64.16,Unknown,0.0,77.56,C,8.0,62.85,A,60.0,40.01,b
2536,Leo,Sphynx,21,0.71,,,Yes,No,Unknown,TOKYO,Dry,SICK,,31.14,b,34.0,43.39,b,0.0,59.02,b,46.0,57.7, ,22.0,79.42,C,29.0,56.27,Unknown,13.0,44.26,Unknown,75.0,82.94,b,18.0,71.21,C,60.0,40.01,D,68.0,12.72,Unknown,87.0,47.88,b
2537,Loki, Siamese,3,6.77,Brown,Male,Yes,YES,Unknown,Tokyo,,Sick,,28.91,B,18.0,40.97,A,,22.19,Unknown,41.0,23.8,A,29.0,59.23,Unknown,66.0,87.71,a,16.0,55.84, ,3.0,45.8,D,,44.43,D,7.0,40.78,b,96.0,68.41,C,93.0,28.7,D
2538,Lucy,Unknown,-1,3.87,,M,yes,NO,No,Tokyo,Dry,Checkup Needed,Jan 5 2024,45.53,D,,77.23,a,90.0,74.08,b,78.0,47.92,a,,113.79,a,77.0,90.25,A,31.0,47.41,A,52.0,53.64, ,18.0,70.25,A,18.0,67.68,D,42.0,53.73,Unknown,61.0,52.12,A
2539,Simba,british shorthair,1,3.53,Gray,male,No,No,,Paris,Mixed,Checkup Needed,05/01/2024,21.36,C,0.0,89.71,D,32.0,34.71,a,82.0,19.46,C,15.0,19.43,a,65.0,13.79,B,19.0,57.81,a,89.0,28.97,Unknown,74.0,72.95,C,36.0,55.0,A,,55.45,Unknown,6.0,32.76,D
2540,Smokey,Unknown,8,3.71,black ,male,N,No,No,,Mixed,Healthy,05/01/2024,40.47,A,,28.51,A,0.0,42.7,Unknown,71.0,48.69,D,99.0,40.92,b,53.0,16.75,A,,68.32,A,98.0,17.73,C,15.0,48.35,B,75.0,55.03,B,30.0,47.38,B,88.0,84.85, 
2541,Oreo,Scottish Fold,14,4.58,Black,Unknown,,Yes,Unknown,Tokyo,,Healthy,05/01/2024,22.31,B,32.0,67.45, ,9.0,10.14,b,63.0,34.28,a,5.0,85.47,B,84.0,58.09,a,9.0,87.31,Unknown,10.0,39.13,A,55.0,21.97,C,93.0,-2.43,b,58.0,44.09,D,7.0,56.72,b
2542,Oreo,,18,4.76,black ,male,yes,YES,No,New York,Dry,Checkup Needed,2024/01/05,13.89,Unknown,89.0,42.56, ,21.0,unknown,a,15.0,55.14,a,63.0,29.87,A,81.0,62.64,A,27.0,N/A,Unknown,,, ,35.0,34.47,D,40.0,59.48,Unknown,36.0,35.76,D,23.0,86.96,b
2543,Luna,persian,-1,5.74,,female,yes,No,No,Berlin,wet,Sick,2024-01-05,26.11,b,17.0,28.61,a,18.0,64.82,C,70.0,31.23,B,71.0,29.63,B,32.0,19.83,B,48.0,54.8,Unknown,88.0,40.98, ,35.0,72.38,Unknown,1.0,29.64,C,76.0,45.62,C,,74.71,b
2544,Leo,Persian,1,5.02, WHITE,Female,Yes,Yes,Unknown,Tokyo,wet,,2024/01/05,75.61,Unknown,36.0,82.11,A,68.0,67.56,A,97.0,79.56,A,53.0,34.07,A,68.0,56.8,b,42.0,32.68,b,1.0,90.15, ,75.0,40.91,C,54.0,37.79,A,3.0,51.85,A,44.0,12.24,A
2545,Bella,,11,3.95,,Unknown,yes,YES,Unknown,Paris,Wet,Healthy,Jan 5 2024,61.57,A,53.0,33.32, ,1.0,64.7, ,29.0,24.23,A,62.0,36.05,C,90.0,20.51, ,46.0,77.58, ,30.0,54.58,Unknown,85.0,97.95,D,5.0,40.86,a,60.0,51.0, ,29.0,24.69,B
2546,Kitty,Unknown,2,7.13,Black,male,Yes,Yes,Unknown,New York,dry,Checkup Needed,,36.72,A,15.0,74.22,A,6.0,16.63,Unknown,53.0,41.33,C,46.0,13.54,B,20.0,26.18,Unknown,11.0,83.96,B,75.0,72.64,C,24.0,61.16, ,11.0,70.84,Unknown,,17.32,B,80.0,40.67,b
2547,Lucy,,6,4.39,Mixed,female,,YES,Unknown,Berlin,Wet,Healthy,2024-01-05,19.76,B,17.0,49.44,B,81.0,43.27,C,1.0,49.69,C,17.0,36.12,a,62.0,87.08,b,26.0,23.21,Unknown,37.0,27.04,Unknown,14.0,66.33, ,83.0,44.58, ,51.0,68.37,A,56.0,48.91,C
2548,Lucy, Bengal,22,5.51,black ,male,Yes,NO,No,Sydney,dry,healthy,2024/01/05,58.01,B,74.0,50.03,a,38.0,28.73,D,98.0,59.06,a,62.0,27.72, ,99.0,79.23,Unknown,73.0,82.66,C,86.0,56.03,b,76.0,34.06,a,35.0,41.17, ,35.0,27.11,D,20.0,64.52,Unknown
2549,Kitty,SPHYNX,23,4.47,Black,,Yes,YES,,Tokyo,dry,Checkup Needed,Jan 5 2024,58.72,B,97.0,77.05,D,56.0,110.12, ,20.0,41.34,D,25.0,8.5,C,28.0,32.24,A,8.0,,Unknown,54.0,41.8,b,22.0,24.61,D,28.0,31.67,A,22.0,51.9,B,85.0,28.78,B
2550,Simba,Unknown,23,4.15,black ,F,Yes,YES,Yes,,Mixed,Sick,,70.0, ,,72.34,a,25.0,42.52, ,45.0,error, ,60.0,36.54,b,96.0,54.89,Unknown,49.0,48.24,D,3.0,33.35,C,61.0,80.1, ,63.0,84.46,A,78.0,53.07,B,94.0,44.22,B
2551,Loki,ABYSSINIAN,3,3.91,Orange,Female,No,No,No,Paris,Mixed,Sick,,70.73,b,17.0,30.65,b,55.0,33.39,B,93.0,63.83, ,33.0,47.18,Unknown,86.0,40.56,B,24.0,72.88,Unknown,,22.49,Unknown,16.0,53.62, ,37.0,78.17,A,15.0,101.97,C,7.0,42.74,C
2552,Lucy,Scottish Fold ,8,4.37, WHITE,Male,no,No,,Paris,Wet,Healthy,2024-01-05,54.12,a,77.0,61.48,Unknown,52.0,73.18,A,81.0,83.96,b,62.0,,C,62.0,20.72,Unknown,82.0,32.95,a,45.0,51.68,B,41.0,44.63,B,59.0,51.26,D,30.0,26.03,Unknown,,36.6, 
2553,Simba,,-2,3.44,Orange,Unknown,Y,NO,,Sydney,,Checkup Needed,Jan 5 2024,50.2,a,95.0,53.93, ,59.0,29.0,C,51.0,105.98, ,65.0,57.96,b,,31.72,a,14.0,44.42,D,50.0,82.49,B,91.0,43.0,a,61.0,71.3,B,,64.65,A,90.0,58.03,a
2554,Oliver,persian,1,6.1,Gray,Male,Y,NO,Yes,Berlin,Mixed,,05/01/2024,45.1,B,64.0,64.1,Unknown,,49.7,b,,11.3,A,91.0,41.63,A,99.0,40.84, ,78.0,74.55,A,52.0,,Unknown,55.0,41.95,b,36.0,23.77,C,18.0,40.63,C,91.0,N/A,Unknown
2555,Luna,Unknown,19,2.74,Mixed,Unknown,yes,Yes,Unknown,London,wet,SICK,2024-01-05,61.55,a,3.0,44.27,a,69.0,72.09,b,24.0,54.88,a,45.0,63.15, ,13.0,81.49,C,32.0,76.25, ,21.0,57.67,a,27.0,74.74,C,69.0,35.92,Unknown,83.0,-0.11,Unknown,37.0,45.09,b
2556,Milo,bengal,6,7.09,black ,M,no,No,Yes,Berlin,Dry,healthy,,9.14,D,79.0,35.4,B,76.0,67.83,C,16.0,30.35, ,,74.07,D,27.0,31.63,D,41.0,72.81,C,88.0,46.1,C,51.0,91.1,a,,19.07,a,93.0,46.57,D,82.0,65.24,a
2557,Kitty,siamese,11,2.04,,M,Y,,Unknown,Toronto,Mixed,healthy,2024-01-05,36.4,Unknown,79.0,67.41,b,64.0,70.08,a,79.0,38.14,D,33.0,65.82,C,59.0,36.22,Unknown,8.0,69.5,a,79.0,40.13,B,0.0,21.01,C,,38.23, ,2.0,16.5,B,4.0,64.61,D
2558,Bella,Siamese,-2,3.86,,F,no,YES,Yes,Tokyo,wet,Sick,,73.7,C,9.0,75.6,b,84.0,64.1,b,10.0,75.71,C,,59.01, ,48.0,36.24, ,71.0,48.85,C,29.0,N/A,a,74.0,53.37, ,90.0,52.11, ,27.0,18.26,B,,65.08, 
2559,Shadow,Abyssinian,8,4.22, WHITE,Female,Yes,YES,,Paris,Dry,healthy,Jan 5 2024,66.35,A,91.0,43.36, ,31.0,67.64,a,77.0,53.89,A,34.0,46.62,B,44.0,39.9, ,38.0,83.73, ,91.0,60.45,D,4.0,59.74,A,37.0,37.12, ,4.0,88.73,Unknown,41.0,59.09,Unknown
2560,Loki, British Shorthair,3,6.69,black ,female,No,NO,Unknown,Tokyo,Dry,Checkup Needed,Jan 5 2024,66.57,D,8.0,55.36,A,,54.39,D,11.0,57.41,A,30.0,37.52,B,38.0,38.67, ,9.0,30.76,a,47.0,53.41,C,95.0,66.63,D,65.0,58.19, ,96.0,47.74,a,61.0,56.7,A
2561,Tiger, Scottish Fold,19,-1.02,Mixed,F,No,No,,New York,Mixed,SICK,,56.54,Unknown,5.0,56.83,B,,24.79, ,84.0,59.23,Unknown,48.0,53.21,C,44.0,34.84,C,,39.14, ,43.0,91.88,b,97.0,63.45,a,86.0,97.11,A,,36.64,B,62.0,53.58,a
2562,Nala,Unknown,6,3.29,Brown,Female,yes,No,,Tokyo,Wet,Healthy,2024/01/05,50.66,D,9.0,56.52,b,6.0,15.55,Unknown,62.0,61.12,D,14.0,73.2, ,66.0,46.57,Unknown,,25.78,A,27.0,61.27,Unknown,,39.0,C,5.0,-2.02,Unknown,70.0,34.93,B,33.0,56.83,B
2563,Simba,Unknown,11,6.37,White,F,Yes,No,No,Berlin,Wet,SICK,2024/01/05,69.26,C,69.0,49.99,b,52.0,100.33,D,29.0,64.98,a,,38.27,B,73.0,68.73,b,1.0,20.28,C,90.0,3.78,A,91.0,55.84, ,,38.65,A,18.0,92.1,a,62.0,24.55,A
2564,Nala,Unknown,0,2.37,Orange,Male,Y,Yes,Unknown,Toronto,,Healthy,2024-01-05,34.36,C,65.0,59.96, ,52.0,66.02,a,,10.78,D,26.0,78.35,a,61.0,61.76,A,0.0,70.99,a,,30.69,C,32.0,48.45,B,53.0,34.42,A,54.0,77.31,C,42.0,25.25,Unknown
2565,Kitty,abyssinian,-2,6.7,,female,no,NO,No,Paris,dry,Healthy,2024-01-05,12.45,A,6.0,4.37,B,51.0,45.7,C,31.0,33.07,a,67.0,65.72,b,78.0,78.13,b,63.0,52.31,a,88.0,72.34,a,39.0,56.77,b,12.0,48.93,b,88.0,54.89,D,12.0,31.84,Unknown
2566,Milo,Maine Coon ,21,3.63,Orange,Unknown,N,No,Yes, london,Dry,Checkup Needed,,47.21,A,7.0,47.78,b,28.0,47.4,B,74.0,19.42,a,73.0,30.27, ,5.0,37.22,C,23.0,31.37, ,91.0,66.62,C,52.0,39.26,a,39.0,28.81, ,87.0,38.82,A,,68.02, 
2567,Loki,Sphynx ,23,4.46,White,Female,,YES,,Berlin,dry,Checkup Needed,Jan 5 2024,69.11,A,17.0,44.84,b,36.0,52.65,a,3.0,44.63, ,77.0,77.22,b,92.0,25.57, ,95.0,61.05,Unknown,62.0,56.57,B,21.0,86.16,Unknown,29.0,-17.91,B,20.0,51.19,C,50.0,52.65,a
2568,Chloe,Unknown,10,6.1,Brown,Female,N,Yes,No,Paris,,Sick,,36.35,D,73.0,56.4,b,59.0,35.28, ,63.0,42.11,Unknown,74.0,53.33, ,90.0,42.88,C,36.0,36.7,A,29.0,66.38,b,57.0,18.93,A,46.0,64.58,b,3.0,34.67,b,79.0,16.59,D
2569,Nala,British Shorthair ,5,2.53,Mixed,Female,Y,YES,Unknown,New York,Wet,,,40.84,B,57.0,45.97,Unknown,89.0,48.58, ,19.0,44.23,b,13.0,65.25, ,87.0,91.15,A,0.0,47.43, ,32.0,38.3, ,20.0,44.8, ,81.0,40.42, ,,43.62,C,9.0,82.31, 
2570,Bella,,14,5.97,Mixed,M,N,,No,Berlin,dry,SICK,,49.32,a,,46.22,D,46.0,36.76,a,28.0,85.38,C,56.0,59.56,B,82.0,36.91,Unknown,87.0,53.52,b,9.0,82.69,Unknown,15.0,59.94,D,36.0,48.95,b,52.0,41.54,b,59.0,67.59, 
2571,Milo, Persian,13,6.7,black ,Male,,,Unknown,Paris,Wet,Checkup Needed,2024-01-05,53.59,A,39.0,64.62,Unknown,6.0,34.19,a,21.0,25.35,B,36.0,40.04,a,74.0,62.18,C,14.0,74.07,C,95.0,68.99, ,84.0,38.02,a,32.0,58.75,D,46.0,74.94,Unknown,60.0,55.95,B
2572,Kitty, Bengal,17,6.54, WHITE,Unknown,Y,Yes,No, london,Wet,,Jan 5 2024,15.26,A,78.0,41.53,b,3.0,50.7,Unknown,95.0,39.59,B,93.0,31.59,C,38.0,42.85,B,71.0,73.85, ,13.0,10.8,C,26.0,53.89,B,70.0,29.67, ,18.0,0.75,B,64.0,56.57,Unknown
2573,Chloe,Sphynx ,15,2.64,Gray,Male,Y,,No,Sydney,Dry,,2024/01/05,68.22,Unknown,24.0,47.49,C,70.0,60.43, ,26.0,41.41,A,24.0,37.96,b,,73.08,A,26.0,72.04,C,50.0,47.23,C,52.0,55.89,B,9.0,49.44,C,94.0,56.83,A,74.0,51.99,a
2574,Oliver,Unknown,-2,4.57,Brown,Unknown,yes,Yes,No,Tokyo,Dry,Sick,2024/01/05,61.24,D,,66.01,a,7.0,56.54,Unknown,21.0,5.63,A,3.0,39.95,C,90.0,45.21,A,92.0,42.17,B,50.0,43.96, ,4.0,76.97,b,30.0,64.38,b,11.0,34.39,b,,66.19,A
2575,Chloe,,22,3.11,Gray,Unknown,N,,,New York,Wet,Checkup Needed,05/01/2024,70.64,A,51.0,30.68,Unknown,,61.27,a,22.0,47.76, ,94.0,55.3,C,78.0,16.31, ,72.0,17.17, ,95.0,80.24,A,93.0,12.19,Unknown,22.0,74.96,C,55.0,86.55,a,27.0,73.59, 
2576,Oreo,Ragdoll ,-2,6.24, WHITE,Female,yes,YES,Unknown,Sydney,dry,SICK,,56.93,a,60.0,33.04,C,,68.24,D,51.0,52.59,a,39.0,85.59,D,42.0,57.47,C,88.0,41.99, ,75.0,47.57,A,11.0,3.15,a,28.0,33.19,Unknown,63.0,37.09,C,,39.5,b
2577,Tiger,Unknown,9,6.08,Mixed,F,No,,Yes,Berlin,wet,healthy,05/01/2024,41.63, ,85.0,52.9,D,27.0,68.02, ,72.0,75.31,Unknown,69.0,36.4,B,24.0,77.14, ,91.0,33.51, ,82.0,62.51,C,92.0,24.62,C,25.0,29.92,Unknown,85.0,28.85,B,1.0,54.74,B
2578,Lucy,ABYSSINIAN,8,4.0,Black,female,Yes,YES,Yes,London,wet,Sick,2024-01-05,30.56,A,46.0,25.36,b,71.0,34.11,C,0.0,73.7,A,,27.0,Unknown,23.0,57.72,b,65.0,39.3,a,39.0,30.2,B,31.0,50.69,b,48.0,92.67,a,44.0,64.48,D,81.0,64.63,a
2579,Oreo, Scottish Fold,4,3.65,Orange,,No,NO,,TOKYO,Mixed,Healthy,2024/01/05,60.59,A,23.0,35.69,D,,31.23,B,39.0,27.93,B,54.0,93.1,b,,74.58,Unknown,3.0,44.38,B,74.0,47.44,a,,54.97,Unknown,30.0,64.34,B,23.0,6.99,C,6.0,16.69, 
2580,Simba,Siamese ,16,4.87,Brown,male,Y,Yes,Yes,TOKYO,dry,healthy,2024-01-05,50.52, ,8.0,31.32,A,59.0,36.61,A,56.0,44.14,A,68.0,75.31,Unknown,18.0,57.72, ,68.0,51.05,b,44.0,102.33,Unknown,28.0,69.49,D,9.0,3.33,Unknown,43.0,29.48, ,,53.01,Unknown
2581,Chloe,SPHYNX,-1,3.25,Orange,Male,no,NO,Unknown,Sydney,Dry,SICK,Jan 5 2024,51.4,A,29.0,62.7,B,26.0,25.47,D,46.0,69.37,B,97.0,13.73,Unknown,98.0,30.55, ,59.0,45.95,Unknown,20.0,62.14,a,64.0,61.92, ,51.0,22.8,C,78.0,58.71,D,16.0,50.24,a
2582,Oreo,Unknown,17,4.7,Brown,Female,Y,No,Unknown, london,Wet,Checkup Needed,,39.89,D,4.0,57.0, ,97.0,43.73,B,31.0,12.76,C,45.0,67.58,a,31.0,45.08, ,37.0,20.52, ,59.0,35.31,D,49.0,56.62,B,27.0,36.01,B,68.0,65.37, ,47.0,60.02,a
2583,Chloe,,18,2.72,black ,female,no,,No,TOKYO,,Sick,2024/01/05,23.81,Unknown,,64.06,A,53.0,27.29, ,1.0,30.48,C,24.0,46.47,D,,42.48,a,52.0,75.62,B,35.0,42.03,a,19.0,39.62, ,21.0,50.05,C,,6.27,D,5.0,101.84,b
2584,Bella,Unknown,3,6.96,Mixed,male,Y,,,Paris,Wet,SICK,05/01/2024,13.2,D,23.0,40.94,Unknown,21.0,46.64,C,41.0,47.87,C,62.0,70.35,A,41.0,-10.5,b,12.0,57.45,Unknown,30.0,73.3,a,23.0,32.16, ,93.0,40.18,Unknown,45.0,68.06,a,,98.85,B
2585,Simba,,15,5.34,Gray,M,no,Yes,Unknown,,dry,,2024-01-05,54.22,D,92.0,58.67, ,90.0,29.75,a,37.0,46.43,C,20.0,42.05,Unknown,2.0,62.72,B,80.0,30.06,b,14.0,43.68,D,41.0,73.22,A,23.0,50.52,b,32.0,29.59,Unknown,,47.3,b
2586,Shadow,,20,5.43,Orange,,no,YES,,Tokyo,Mixed,healthy,2024-01-05,75.9,A,36.0,52.26,a,78.0,22.22,C,8.0,18.46,a,99.0,40.25,A,28.0,58.5,B,97.0,43.8,b,13.0,17.3,B,22.0,39.91,Unknown,94.0,59.26,D,88.0,53.9,D,94.0,65.71,C
2587,Smokey,,8,3.84,White,female,Yes,Yes,No,Sydney,wet,SICK,05/01/2024,,a,99.0,40.91, ,32.0,25.76,B,10.0,36.5, ,,76.52,a,87.0,38.33,b,15.0,47.63,B,,62.13,B,74.0,76.85, ,38.0,22.22,Unknown,20.0,66.83,D,86.0,37.44,a
2588,Kitty,Siamese ,10,3.82,Mixed,male,No,NO,Yes,London,,,,32.8,C,,56.11, ,94.0,60.29,Unknown,7.0,88.02,a,,100.6, ,81.0,44.36,A,75.0,69.72,A,69.0,50.22,A,73.0,80.26,D,,-10.45,b,49.0,70.04,Unknown,85.0,56.74,Unknown
2589,Kitty,Bengal ,7,1.99,Mixed,Unknown,No,YES,No,,dry,Sick,2024/01/05,42.43,D,,64.38,a,,62.24,A,72.0,8.07,D,40.0,57.16,b,97.0,50.81, ,59.0,70.02,a,29.0,71.88,C,0.0,36.44,B,77.0,76.45, ,44.0,16.58,b,63.0,48.73,C
2590,Leo,Persian,15,6.0,Black,,No,Yes,Unknown, london,dry,SICK,05/01/2024,40.3,D,74.0,53.51, ,64.0,77.3,A,68.0,27.17,D,,62.3,C,97.0,14.53, ,25.0,56.26,a,68.0,81.75,Unknown,79.0,15.88,b,97.0,84.14,a,83.0,51.37,a,45.0,76.69, 
2591,Shadow,PERSIAN,1,4.41,Brown,Female,No,Yes,No,London,dry,Healthy,2024-01-05,49.62,Unknown,45.0,32.56,b,43.0,22.44,D,6.0,42.87,b,24.0,31.88, ,98.0,60.01,A,95.0,26.87, ,17.0,43.87,A,54.0,76.57,a,8.0,18.8,A,98.0,65.27,D,37.0,57.34,D
2592,Tiger,Scottish Fold,6,6.89,black ,M,Y,YES,,New York,dry,,2024/01/05,29.44,C,12.0,70.01,a,13.0,62.6,D,55.0,81.21,Unknown,,52.56,Unknown,63.0,76.5,A,23.0,60.97,a,49.0,57.1, ,19.0,44.28,B,66.0,20.11,Unknown,20.0,37.77,b,94.0,54.13,a
2593,Shadow,Unknown,0,6.21, WHITE,M,Y,No,,Paris,dry,SICK,2024/01/05,37.16,Unknown,2.0,57.05, ,37.0,34.92,D,,65.12,C,6.0,58.2, ,2.0,57.46,C,9.0,unknown,C,14.0,52.37,Unknown,,57.55,C,6.0,38.61,A,29.0,65.07, ,,57.58,B
2594,Chloe, Persian,8,7.18,Black,Unknown,Yes,NO,Yes,London,wet,healthy,05/01/2024,56.79,C,3.0,35.53,D,25.0,39.31,C,40.0,55.07,a,0.0,90.69,B,60.0,36.37,C,53.0,unknown,C,,53.17,b,14.0,49.03,A,77.0,57.21,D,39.0,88.96,b,74.0,30.29,C
2595,Leo,BENGAL,4,7.33,Black,Female,N,No,Unknown,New York,wet,Checkup Needed,,66.81,D,86.0,unknown,Unknown,,50.33,B,66.0,86.27, ,66.0,113.16,b,61.0,32.53, ,83.0,58.93,D,55.0,53.74,C,62.0,69.54,C,18.0,49.74,A,68.0,44.23,A,14.0,30.05,C
2596,Loki,ABYSSINIAN,-2,4.93,Gray,Unknown,yes,,Yes,Toronto,dry,healthy,05/01/2024,40.99,C,50.0,41.56,A,21.0,69.34,A,66.0,61.94,C,,44.33,A,1.0,12.87,C,30.0,52.27,D,71.0,74.41,C,3.0,50.31,Unknown,25.0,7.18,b,96.0,62.86,b,60.0,64.54,a
2597,Loki,sphynx,2,5.7, WHITE,F,No,No,No, london,dry,SICK,Jan 5 2024,57.43,A,82.0,44.44,C,37.0,68.55,B,47.0,0.08,a,91.0,17.43,A,13.0,65.84, ,94.0,49.45,C,,39.14, ,70.0,54.07, ,62.0,35.02,A,60.0,33.89, ,64.0,66.5,A
2598,Milo,British Shorthair ,2,4.63,White,Female,Y,Yes,Unknown, london,Wet,Healthy,05/01/2024,32.92,B,93.0,42.12,C,61.0,55.22,B,57.0,33.26,a,91.0,54.62,Unknown,3.0,91.33, ,37.0,84.09,a,40.0,22.06,C,95.0,54.46,b,87.0,34.75,B,67.0,60.49,a,92.0,48.02,a
2599,Leo, Scottish Fold,10,5.72,Black,Female,,NO,No,New York,wet,Healthy,2024-01-05,27.5,Unknown,23.0,63.16,C,60.0,43.75,Unknown,50.0,57.96,D,,46.35,a,80.0,43.72,a,38.0,60.07,C,89.0,58.5, ,28.0,18.45,b,53.0,37.66,C,41.0,61.05,a,0.0,42.48,Unknown
2600,Shadow,SPHYNX,-2,4.65,Orange,male,no,,No, london,,Sick,,46.04,C,13.0,36.55, ,9.0,34.03,Unknown,52.0,38.67,b,35.0,64.35,b,41.0,40.48,C,71.0,52.84,B,,65.12,C,83.0,56.46,B,64.0,34.29,C,65.0,52.42,a,4.0,81.3,b
2601,Bella,,17,5.12, WHITE,M,yes,,Yes,Sydney,,Sick,2024-01-05,48.21,Unknown,12.0,55.95,Unknown,47.0,32.41,D,65.0,37.94,C,78.0,31.23,C,87.0,47.02,B,59.0,30.99,Unknown,12.0,72.63,C,,25.39, ,53.0,15.46,B,26.0,38.53,b,69.0,21.04,b
2602,Milo,Sphynx,1,5.05,,female,N,YES,Unknown,London,Wet,Checkup Needed,05/01/2024,43.56,b,,46.55,a,,111.67,b,70.0,71.02,Unknown,,64.24,b,25.0,49.45,B,68.0,40.63,B,82.0,15.19,Unknown,33.0,50.49,B,98.0,64.75,a,47.0,39.78,a,91.0,56.43, 
2603,Smokey,Unknown,20,4.34,White,,,Yes,No,,Wet,,,error,A,90.0,64.56, ,58.0,69.7,Unknown,89.0,51.33,a,,46.35,D,35.0,44.95,D,77.0,80.48,C,74.0,62.54,C,52.0,20.38,C,26.0,62.14,A,78.0,93.86,A,55.0,44.57,B
2604,Smokey,siamese,5,4.71,,female,,No,No,Tokyo,dry,SICK,05/01/2024,35.93,B,58.0,58.8,B,45.0,44.91,B,61.0,46.77,Unknown,1.0,29.34,b,66.0,75.16,D,85.0,45.01,B,62.0,90.79,B,,75.91,Unknown,21.0,75.48,C,1.0,48.54,C,2.0,49.38,A
2605,Shadow, British Shorthair,20,5.59,black ,female,yes,Yes,Unknown,Berlin,dry,Healthy,,48.34, ,12.0,63.8,C,37.0,34.71,Unknown,5.0,72.68,a,89.0,19.33, ,84.0,49.19,a,41.0,6.75, ,31.0,48.68,A,32.0,49.76,A,,55.72, ,35.0,49.26,B,31.0,59.08,C
2606,Simba,,21,4.07,Black,,No,No,Yes,New York,Dry,Sick,Jan 5 2024,40.28,D,11.0,92.69,D,65.0,2.1,A,93.0,88.49, ,88.0,48.4,C,41.0,46.61,b,94.0,51.35,D,68.0,83.16,B,7.0,25.9,B,98.0,38.6,B,16.0,49.91,A,23.0,53.47, 
2607,Smokey,RAGDOLL,15,4.45,,female,Yes,No,No,London,,healthy,05/01/2024,64.14,C,92.0,51.2,A,41.0,35.24,B,6.0,-1.47,C,3.0,68.16,C,35.0,33.01,A,1.0,62.26,b,11.0,62.18,b,,13.44,C,21.0,31.16,D,24.0,72.14,B,79.0,32.09,A
2608,Bella,Unknown,24,2.72,Brown,female,No,YES,Unknown,New York,Mixed,SICK,,33.69,B,84.0,34.15,B,68.0,63.37,D,,15.53,D,37.0,87.97,b,11.0,58.07, ,7.0,44.84,Unknown,,25.43,C,29.0,47.9,b,,39.73,D,90.0,54.61,a,97.0,62.84,D
2609,Loki,Maine Coon ,20,1.9,black ,female,Y,NO,,New York,Wet,Checkup Needed,05/01/2024,49.41,B,38.0,72.14,B,7.0,48.42,b,,57.07,A,28.0,78.23,b,97.0,57.43,B,91.0,63.83, ,,55.2,a,66.0,69.55, ,47.0,53.28,C,84.0,40.5,C,,N/A,D
2610,Chloe, Scottish Fold,22,6.72,White,M,No,NO,Unknown,Berlin,dry,Checkup Needed,Jan 5 2024,48.5,C,2.0,47.9,Unknown,17.0,71.59,Unknown,,57.06,A,10.0,41.16,D,88.0,68.9,C,5.0,45.74,b,61.0,62.17,D,44.0,65.1,b,72.0,38.78, ,20.0,29.67,Unknown,46.0,41.14,a
2611,Oliver, Sphynx,9,4.94,White,Unknown,No,Yes,Yes,Berlin,,,05/01/2024,55.07,b,30.0,32.51,b,,-15.07,C,58.0,47.02,A,57.0,79.55,b,86.0,75.57, ,72.0,unknown,C,,48.14,B,38.0,51.85,B,57.0,24.04,D,94.0,91.98,A,,62.55,D
2612,Luna,Siamese,0,0.42,Gray,M,,No,Unknown,New York,Wet,SICK,2024-01-05,64.1,a,82.0,43.21,a,39.0,76.91,a,15.0,112.73,Unknown,82.0,48.03,C,28.0,49.21,a,21.0,unknown,B,20.0,46.95,Unknown,29.0,47.4,C,,74.29,b,58.0,34.08,a,56.0,15.33,B
2613,Tiger,Maine Coon ,19,4.49, WHITE,female,Y,,No,Sydney,,SICK,2024-01-05,53.41,C,72.0,25.69,D,71.0,24.14,b,67.0,22.03,B,35.0,53.14,B,11.0,80.27, ,20.0,47.85,a,6.0,52.3,a,14.0,54.21,b,33.0,34.31,a,81.0,40.62,a,40.0,58.29,a
2614,Nala,,10,7.7,Mixed,M,Y,,,Paris,dry,Healthy,2024/01/05,48.74,B,45.0,56.97,a,37.0,12.71,b,6.0,16.61, ,90.0,52.67,A,41.0,28.28,D,11.0,61.19,a,69.0,14.27,a,78.0,54.13,b,8.0,33.53, ,60.0,76.32,A,39.0,32.85,A
2615,Simba,SPHYNX,14,2.88,,,Yes,YES,No,Sydney,Wet,SICK,2024-01-05,16.63,B,40.0,17.37,B,14.0,62.99,Unknown,28.0,58.68,a,21.0,79.41,D,,18.97,b,13.0,62.86,C,64.0,63.52,C,,50.64,Unknown,34.0,31.86,C,87.0,51.74,B,53.0,51.63,b
2616,Milo,RAGDOLL,0,3.66,Brown,male,N,NO,No,Paris,Wet,healthy,,33.34, ,28.0,52.82,b,46.0,52.44,a,56.0,87.55,B,27.0,57.93,b,15.0,45.18,b,63.0,29.44,B,72.0,69.66,B,43.0,64.0,a,95.0,42.47,A,94.0,48.67,A,75.0,40.66,A
2617,Milo, Persian,10,1.15,Mixed,,N,NO,Unknown,Toronto,Mixed,healthy,,81.7,a,33.0,65.79,C,70.0,47.29,b,55.0,33.01, ,13.0,57.07,B,61.0,58.74,C,9.0,47.36,Unknown,68.0,74.46, ,17.0,49.05,C,35.0,64.36,a,24.0,54.19, ,62.0,51.64,b
2618,Milo,ragdoll,19,3.54,Gray,female,yes,No,Yes,London,dry,Healthy,Jan 5 2024,51.59,a,89.0,20.43,a,81.0,28.88,A,19.0,49.6,B,58.0,29.21,D,78.0,38.7,a,65.0,68.93,Unknown,71.0,83.68,a,,51.31,D,44.0,16.65, ,85.0,30.82,C,91.0,-2.51, 
2619,Shadow, Sphynx,23,7.43,Black,Male,yes,No,Unknown,New York,Mixed,SICK,05/01/2024,37.28,D,72.0,37.65, ,1.0,54.81, ,88.0,37.6, ,67.0,33.81,A,4.0,8.27, ,69.0,39.87,B,,2.42,a,98.0,41.35,B,2.0,72.28,C,45.0,46.91,Unknown,14.0,41.25,A
2620,Simba,Persian ,23,6.24,black ,F,no,YES,No, london,wet,Sick,05/01/2024,60.7,b,49.0,49.29,a,40.0,28.88, ,,50.95,B,94.0,30.74,D,20.0,40.83,D,,24.57, ,27.0,53.73,D,22.0,45.22,D,19.0,43.62,A,90.0,70.83,b,14.0,51.34, 
2621,Loki,ABYSSINIAN,7,1.73,black ,Female,N,No,No, london,Wet,Sick,2024-01-05,4.53,b,87.0,58.63,C,7.0,49.46, ,82.0,36.43,B,33.0,34.99,D,,65.41,C,80.0,54.93,a,98.0,26.85, ,83.0,49.23, ,61.0,38.94,a,25.0,59.81,D,69.0,22.02,D
2622,Nala,RAGDOLL,1,4.73,black ,,,Yes,Unknown,Paris,Dry,Sick,,23.64,A,3.0,50.21,b,62.0,69.52, ,25.0,-29.73,D,44.0,46.76,a,,51.99, ,82.0,48.74,Unknown,51.0,54.74,B,,42.81, ,30.0,38.67,Unknown,50.0,53.21,B,91.0,59.84,Unknown
2623,Kitty,Ragdoll,-2,5.73,Gray,Unknown,,NO,Unknown,TOKYO,wet,,2024-01-05,48.48,a,9.0,64.31, ,53.0,34.8,a,53.0,20.55,B,25.0,49.34,A,16.0,22.12,Unknown,58.0,43.13,A,94.0,34.27,A,31.0,68.73, ,10.0,40.3,A,42.0,26.8,C,79.0,22.69,D
2624,Milo,,11,6.87,,male,,Yes,,Tokyo,Dry,SICK,Jan 5 2024,22.8,b,,72.73,b,62.0,62.55,A,70.0,20.79,A,97.0,38.07,a,41.0,81.49, ,66.0,51.57,A,54.0,53.53,b,60.0,, ,54.0,59.83,b,57.0,74.31,D,24.0,52.72,D
2625,Oliver,,3,6.95,Brown,,N,NO,Unknown,Tokyo,Dry,Checkup Needed,,38.03,D,85.0,70.12, ,77.0,54.5,B,24.0,35.01,Unknown,86.0,48.22,b,91.0,80.04,b,69.0,33.48,B,33.0,error, ,38.0,67.16,D,,56.0,C,59.0,19.45,Unknown,34.0,56.65,D
2626,Smokey,,16,6.24,Brown,Male,No,Yes,No,Tokyo,Mixed,Sick,,43.76,Unknown,74.0,32.75,C,99.0,52.57,B,96.0,53.38,C,,55.33,C,36.0,7.68,B,19.0,42.97, ,66.0,62.13,b,15.0,98.06,Unknown,27.0,30.15,C,52.0,2.55,A,40.0,55.49,a
2627,Nala,MAINE COON,1,3.5,Mixed,Male,N,NO,,TOKYO,Dry,SICK,2024-01-05,63.76,B,47.0,34.29,Unknown,44.0,38.48,Unknown,37.0,71.4,C,95.0,62.67,D,,47.79, ,45.0,41.5,Unknown,1.0,24.13,B,68.0,63.47,Unknown,14.0,37.26,A,54.0,91.71,D,9.0,45.18,C
2628,Tiger,Unknown,8,4.28,White,,Y,NO,,,Mixed,,Jan 5 2024,48.96,b,,89.99,D,3.0,58.03,C,14.0,59.73,b,86.0,70.11, ,21.0,39.61, ,1.0,66.09,b,18.0,83.37, ,61.0,62.38,a,8.0,46.37,Unknown,76.0,72.89,Unknown,75.0,-0.41,Unknown
2629,Loki, Sphynx,17,3.15,White,female,,,,Tokyo,Mixed,SICK,,84.44,b,59.0,70.2,D,31.0,34.03,a,25.0,31.47,B,29.0,51.78,Unknown,41.0,22.44,A,55.0,43.54,b,2.0,52.15,D,10.0,56.82,a,96.0,51.94,Unknown,67.0,64.79,b,64.0,87.63,C
2630,Lucy, Persian,10,4.0,White,female,yes,,Yes,Paris,dry,SICK,Jan 5 2024,35.51,b,38.0,40.44,Unknown,52.0,58.04,D,57.0,79.05,a,17.0,38.84,B,54.0,39.28,B,0.0,35.11, ,44.0,68.27,b,66.0,14.51,B,78.0,18.06,D,42.0,55.91,D,69.0,33.09,b
2631,Simba,maine coon,7,4.58,Brown,female,N,Yes,No,Berlin,Wet,healthy,2024-01-05,52.86,Unknown,,35.24, ,69.0,73.33, ,41.0,28.68,b,3.0,76.63,A,79.0,60.81, ,,57.5,Unknown,90.0,55.98,Unknown,95.0,3.15,B,24.0,48.15,b,45.0,34.31,C,54.0,45.44,b
2632,Shadow,ragdoll,14,4.31,Black,Unknown,N,,No,London,wet,Checkup Needed,05/01/2024,39.27, ,16.0,40.15,C,41.0,30.99,D,,14.77,D,74.0,49.46,a,,48.48,A,88.0,31.63,B,83.0,57.51,C,69.0,25.61,B,28.0,74.23, ,57.0,48.9,B,83.0,60.28,Unknown
2633,Chloe,,4,2.94,Mixed,Male,yes,YES,Yes,Paris,Wet,Checkup Needed,Jan 5 2024,51.46,B,3.0,25.06,D,16.0,40.98,A,8.0,51.19,D,75.0,85.39,b,26.0,29.83, ,60.0,60.06, ,98.0,11.67,D,75.0,50.89,b,39.0,53.42,b,82.0,72.22, ,45.0,66.41,A
2634,Tiger, Persian,24,4.19,Orange,female,yes,YES,Yes,New York,Mixed,Healthy,,51.59,a,12.0,61.9,a,50.0,62.06,A,15.0,47.59,B,13.0,43.38,Unknown,40.0,26.1,Unknown,31.0,53.86,b,64.0,23.28,Unknown,4.0,43.9,Unknown,72.0,83.63,Unknown,,56.87, ,4.0,57.59,B
2635,Nala,,10,1.4,Brown,,no,NO,Unknown,,,Sick,,71.79, ,71.0,39.64,b,23.0,31.62,a,89.0,80.46,Unknown,36.0,55.22,B,62.0,41.34,B,37.0,49.91,D,70.0,17.33,b,93.0,59.3, ,62.0,59.18,C,75.0,48.38,A,,61.85,C
2636,Smokey,Unknown,13,3.25,Gray,female,,No,Unknown,London,,Checkup Needed,05/01/2024,65.93,Unknown,,37.23, ,20.0,55.72,A,80.0,51.25, ,98.0,59.74,A,41.0,53.37,A,64.0,33.89,Unknown,35.0,40.23,b,85.0,86.9,A,67.0,23.06,Unknown,,51.42,C,33.0,15.59,D
2637,Nala,PERSIAN,4,4.91,Gray,Unknown,N,YES,No,New York,,Healthy,Jan 5 2024,-9.36,C,27.0,30.51,D,48.0,81.02,C,78.0,,B,30.0,60.78,A,49.0,65.3, ,22.0,59.62,Unknown,88.0,75.48,Unknown,99.0,56.3,B,29.0,38.67,Unknown,43.0,72.27, ,93.0,49.17,A
2638,Leo,Unknown,15,3.33,Mixed,F,Yes,NO,No,TOKYO,Mixed,,Jan 5 2024,17.16,a,75.0,49.13,b,36.0,47.18,a,67.0,66.02, ,,75.61,A,86.0,50.03,B,86.0,60.35, ,,54.62,b,81.0,51.04,A,20.0,unknown,b,29.0,31.35,Unknown,,21.2,Unknown
2639,Oliver, Persian,4,6.45,Gray,,,No,Unknown,Tokyo,dry,Healthy,Jan 5 2024,94.27,D,86.0,79.54,C,21.0,62.02,Unknown,89.0,62.76,a,3.0,23.08,b,75.0,31.68,a,93.0,55.88,B,62.0,65.58,A,71.0,56.39,B,81.0,74.94,Unknown,,58.54,Unknown,38.0,61.52,A
2640,Bella,sphynx,3,6.52,,Female,yes,NO,,Toronto,Dry,healthy,,45.83,a,1.0,44.1,B,79.0,47.74,a,83.0,48.88,Unknown,14.0,80.04,a,91.0,53.7,B,14.0,65.46,b,60.0,42.78, ,45.0,35.12,D,21.0,82.98,C,40.0,48.31,A,95.0,44.65,D
2641,Kitty, Maine Coon,20,4.53,Mixed,Male,no,No,,Tokyo,Wet,Checkup Needed,2024/01/05,56.14, ,11.0,70.15,b,29.0,33.8,b,67.0,67.14,Unknown,66.0,27.78, ,58.0,47.8,B,12.0,17.26,A,35.0,45.61,C,47.0,54.82,a,92.0,54.17, ,32.0,24.99,A,73.0,58.6,b
2642,Loki,Unknown,10,3.79,,,Yes,YES,Yes,Toronto,dry,Sick,2024-01-05,53.16,C,30.0,45.71,C,,50.11,b,48.0,35.05,b,86.0,22.46,Unknown,40.0,50.2,D,12.0,22.77,D,45.0,29.27,b,33.0,61.12,C,25.0,64.63, ,74.0,37.19,Unknown,7.0,88.64,Unknown
2643,Bella,British Shorthair ,0,4.89,,female,N,NO,Yes,Berlin,dry,SICK,,44.17, ,83.0,85.37, ,99.0,38.79,D,44.0,32.07,a,26.0,38.7,A,39.0,73.96,b,53.0,106.57, ,49.0,58.3,D,86.0,54.41,B,87.0,38.27,a,68.0,55.1,A,59.0,44.75,B
2644,Simba,PERSIAN,-2,4.47,Brown,Female,Y,,No,Toronto,Mixed,Checkup Needed,,11.91,Unknown,32.0,45.34,D,52.0,39.69,b,13.0,N/A,D,67.0,60.67, ,2.0,20.54,A,62.0,58.74, ,,63.96,a,75.0,56.34,Unknown,24.0,42.32, ,69.0,59.29,C,15.0,47.16,B
2645,Lucy,siamese,15,2.64,Brown,female,N,No,Yes,Tokyo,wet,healthy,Jan 5 2024,31.63,a,74.0,55.22,B,0.0,68.11,a,55.0,57.4,a,15.0,43.96,C,58.0,12.38,C,26.0,25.44,D,31.0,33.23,C,12.0,5.66,A,67.0,72.78,D,,6.92,b,2.0,29.0,C
2646,Chloe,Persian,22,2.11, WHITE,,Y,,,Berlin,Wet,SICK,Jan 5 2024,54.98,C,0.0,33.07,a,27.0,22.04,C,51.0,61.87,a,91.0,31.67, ,,44.3,b,31.0,22.19,D,69.0,4.15, ,72.0,60.94,b,20.0,55.03,Unknown,51.0,57.13,b,,50.77,Unknown
2647,Shadow, Sphynx,8,5.1,Orange,male,No,No,No,,,Checkup Needed,Jan 5 2024,46.26, ,2.0,45.31,B,31.0,62.96,Unknown,,55.12,Unknown,30.0,40.84, ,97.0,80.43,a,72.0,33.21,B,55.0,62.94, ,90.0,69.04,A,20.0,63.21,b,,59.79, ,,78.01,D
2648,Luna,Unknown,-2,6.13,Black,M,no,NO,No,TOKYO,Wet,healthy,,37.64,Unknown,78.0,65.25,D,76.0,69.37, ,31.0,18.57,A,21.0,52.35,C,,22.91, ,71.0,40.3,C,44.0,42.5,Unknown,27.0,73.29,a,85.0,46.69,D,39.0,85.0,b,38.0,29.05,C
2649,Oreo,,2,0.91,Orange,Female,no,No,Unknown,Toronto,wet,Healthy,05/01/2024,28.85,A,66.0,46.22, ,,52.05,Unknown,41.0,106.18, ,87.0,67.79,C,3.0,24.35,A,49.0,43.28,Unknown,51.0,78.78,A,69.0,40.42,D,90.0,70.16,C,42.0,84.98,Unknown,47.0,41.95,b
2650,Leo,SIAMESE,6,5.49, WHITE,Male,Yes,YES,Unknown,London,wet,,2024-01-05,11.37,a,62.0,56.13,C,60.0,50.89, ,,66.8,Unknown,31.0,68.0, ,25.0,30.29,D,51.0,15.45,a,74.0,38.37,b,85.0,77.78,D,63.0,18.89,b,79.0,45.01,B,57.0,42.63, 
2651,Bella,Scottish Fold ,16,5.63,,F,N,YES,No,TOKYO,,,2024/01/05,45.55,A,24.0,47.12,b,64.0,54.31, ,61.0,36.3,B,74.0,70.22,D,44.0,38.42,b,,32.63,B,57.0,54.94, ,73.0,42.5,b,,33.36,B,4.0,42.68,D,82.0,58.69, 
2652,Bella,RAGDOLL,11,6.58,Orange,Male,yes,,, london,dry,SICK,,36.71,a,10.0,47.73,b,27.0,43.85,a,47.0,46.41,b,78.0,62.81,a,37.0,43.36,A,42.0,57.83, ,59.0,-0.99, ,92.0,65.56,a,79.0,12.02,C,1.0,31.42,Unknown,79.0,66.18, 
2653,Simba,ragdoll,5,4.05,Brown,M,Y,Yes,Unknown,,Dry,Healthy,,47.93,A,17.0,52.68,b,21.0,47.42,B,85.0,56.03, ,76.0,76.72,A,6.0,20.23,b,17.0,71.93,B,49.0,51.14,D,,67.23,Unknown,73.0,37.63,B,4.0,76.81,D,12.0,26.82, 
2654,Nala,Unknown,6,4.96,Orange,male,Y,,Yes,Sydney,,healthy,,14.87, ,28.0,21.71,a,24.0,48.92,A,89.0,88.12,a,85.0,74.95,C,14.0,21.05,A,30.0,35.7,a,82.0,24.83, ,99.0,33.67,B,81.0,60.7, ,66.0,5.23,C,41.0,0.34, 
2655,Luna,abyssinian,14,5.5, WHITE,Female,N,,,Toronto,Dry,healthy,,62.45,b,99.0,49.41,C,75.0,86.11,D,58.0,30.59,Unknown,52.0,112.35,a,,31.02, ,11.0,71.21, ,8.0,38.6,B,50.0,60.78,D,53.0,64.84,a,49.0,78.77,b,15.0,62.62,Unknown
2656,Lucy,Scottish Fold ,20,4.66,Orange,F,N,Yes,No,TOKYO,Dry,healthy,2024-01-05,46.77,C,28.0,91.82, ,67.0,10.16,A,89.0,35.63,a,94.0,25.21,C,13.0,38.84, ,43.0,44.2,Unknown,40.0,68.64,A,32.0,36.76,b,9.0,71.49,a,47.0,49.15,Unknown,56.0,80.89,b
2657,Lucy,Unknown,8,3.71, WHITE,Unknown,,NO,Yes,Toronto,Mixed,Checkup Needed,05/01/2024,60.56,a,91.0,33.86,D,99.0,59.77, ,27.0,64.01,D,,81.24,A,68.0,96.44,D,16.0,57.13,B,69.0,39.77,D,77.0,47.94,A,53.0,42.8,D,53.0,29.12,C,3.0,50.12,D
2658,Smokey,BRITISH SHORTHAIR,13,4.35,Brown,,Y,No,,London,Dry,Sick,Jan 5 2024,59.83,Unknown,,19.6, ,7.0,64.47,b,52.0,30.03, ,28.0,32.35,Unknown,96.0,45.61,D,13.0,50.63,Unknown,53.0,,A,72.0,51.7,b,64.0,48.83,B,30.0,97.61, ,1.0,-1.59,D
2659,Oliver,Persian ,18,2.97, WHITE,M,Yes,YES,Unknown,Berlin,wet,Checkup Needed,,41.04,a,12.0,67.47,Unknown,94.0,40.24,B,85.0,6.53,B,3.0,56.05,D,37.0,8.92,B,39.0,78.58,A,49.0,68.21,b,70.0,69.02,A,,46.71,Unknown,33.0,22.36,B,10.0,66.23,a
2660,Kitty,Unknown,14,4.63, WHITE,Female,no,,,,,,2024/01/05,50.82,a,10.0,unknown, ,60.0,37.48,C,59.0,47.93,B,79.0,20.32,a,77.0,68.98,Unknown,23.0,58.54,a,31.0,60.82,a,18.0,39.48,a,58.0,31.53,b,91.0,61.76,Unknown,81.0,87.67,A
2661,Bella,Siamese ,19,4.41,White,Female,Y,NO,Unknown,TOKYO,Dry,,,43.79,Unknown,64.0,31.48,C,66.0,38.06,a,5.0,81.33,C,83.0,88.34,B,81.0,55.94,b,49.0,63.87,B,80.0,44.07,B,26.0,67.23,A,60.0,56.76,b,50.0,95.74,Unknown,,33.15,D
2662,Milo,Bengal,21,3.27, WHITE,,Yes,YES,No,New York,Dry,Sick,2024-01-05,33.42,D,37.0,43.75,B,79.0,62.67,A,23.0,34.18, ,86.0,63.47,b,,35.87,Unknown,41.0,65.22,B,39.0,39.59, ,29.0,30.31,A,49.0,3.01,a,49.0,75.73, ,29.0,76.15,C
2663,Chloe,ABYSSINIAN,-1,5.6,black ,F,No,Yes,,London,wet,,Jan 5 2024,38.92,A,45.0,43.01,C,59.0,59.84,a,18.0,69.28,b,49.0,55.83,a,24.0,46.03,a,24.0,62.53,A,83.0,41.29,b,56.0,77.32,A,30.0,34.55,A,81.0,56.57,Unknown,78.0,38.66,a
2664,Tiger,,0,3.97,Mixed,female,Yes,NO,,Paris,Mixed,Healthy,,47.37,D,,40.61,A,97.0,65.64, ,65.0,56.28,C,17.0,error,B,29.0,46.3,B,95.0,50.9,A,,53.52, ,70.0,61.9,A,84.0,49.5,B,5.0,66.65,A,74.0,error,b
2665,Oreo,Bengal ,14,5.92,Mixed,Male,yes,,Unknown,New York,,healthy,2024-01-05,71.03,B,94.0,64.16,D,67.0,56.15,C,5.0,68.72, ,46.0,64.11,Unknown,19.0,53.32,a,79.0,51.13,C,31.0,,a,16.0,52.02,b,56.0,46.73, ,92.0,61.61,A,91.0,35.87,A
2666,Bella,Scottish Fold ,24,3.69,,Female,no,NO,Unknown,TOKYO,Mixed,,2024-01-05,64.19,B,,40.29,a,75.0,36.72, ,7.0,38.29,a,,44.49,A,25.0,67.06,D,40.0,60.09,A,52.0,47.44,Unknown,89.0,50.61, ,15.0,23.72,a,82.0,47.5,C,50.0,31.34,B
2667,Oreo, Scottish Fold,9,4.27,Brown,Unknown,N,YES,No,TOKYO,Wet,,05/01/2024,58.37,C,67.0,80.71,B,,52.7,a,,60.03,D,24.0,27.77,Unknown,78.0,84.3,b,52.0,32.72,Unknown,38.0,54.34,B,19.0,53.96, ,27.0,53.85,b,8.0,63.78,b,30.0,25.22,D
2668,Milo, Maine Coon,22,3.83,White,female,Y,NO,Unknown,Toronto,Mixed,Sick,2024/01/05,48.49,C,26.0,61.86,D,86.0,53.98,a,0.0,60.12,B,91.0,54.01,B,96.0,34.68, ,92.0,17.78,B,68.0,53.88, ,33.0,67.35,Unknown,14.0,73.26,a,8.0,54.35,a,52.0,57.35,Unknown
2669,Shadow,sphynx,13,2.62,Brown,F,no,Yes,Unknown,London,,SICK,2024-01-05,4.02,D,64.0,26.03,C,9.0,38.48,A,11.0,54.78,Unknown,76.0,58.93,C,19.0,19.31,Unknown,23.0,46.11,C,30.0,47.97,a,37.0,72.74,A,39.0,29.08,B,53.0,59.93, ,18.0,72.5,Unknown
2670,Oreo,PERSIAN,13,6.23,Mixed,Unknown,no,No,Unknown,,Wet,Checkup Needed,2024-01-05,41.19, ,21.0,35.54,D,53.0,26.18,B,13.0,49.29,Unknown,37.0,N/A,a,61.0,53.24,Unknown,40.0,33.52, ,51.0,15.45,C,51.0,error,A,26.0,68.34,B,,60.1,b,88.0,61.51,Unknown
2671,Smokey,,23,3.26,White,,Y,NO,Unknown,New York,Mixed,Sick,,29.14,D,98.0,61.55,B,93.0,unknown,Unknown,1.0,63.25,a,40.0,38.88,b,20.0,53.52,C,26.0,48.73,a,4.0,72.76,A,67.0,53.32,B,45.0,31.13,C,62.0,36.55,B,86.0,46.32,B
2672,Oreo,Unknown,3,6.69,,F,yes,YES,Yes, london,wet,Checkup Needed,2024/01/05,74.81, ,1.0,33.82,a,27.0,20.77,b,,42.69,D,87.0,61.73,b,90.0,15.55,A,98.0,47.69,Unknown,65.0,51.15,D,,31.22,B,19.0,61.93,D,52.0,62.13,B,10.0,43.48,Unknown
2673,Oliver,sphynx,20,5.35,White,M,N,YES,Yes,TOKYO,Mixed,Sick,05/01/2024,47.41,b,43.0,38.71,C,66.0,70.13,A,99.0,72.39,C,,26.71,b,12.0,40.95,D,66.0,48.24,b,59.0,44.65,B,,45.1,b,13.0,87.9,b,62.0,12.87,B,,56.58,D
2674,Leo,British Shorthair,20,5.64,,Unknown,No,Yes,No,,Mixed,healthy,Jan 5 2024,34.23,b,16.0,51.35,b,89.0,57.05,Unknown,45.0,51.72,b,89.0,34.22,Unknown,24.0,53.83,a,2.0,46.16,A,55.0,60.17,Unknown,2.0,, ,82.0,30.32,A,71.0,71.94,Unknown,99.0,64.76,A
2675,Luna,,17,3.23,,,No,NO,Yes,New York,Wet,Checkup Needed,2024/01/05,38.9, ,67.0,56.09,A,90.0,15.5, ,37.0,61.24,Unknown,93.0,50.34,a,79.0,61.74,C,76.0,70.88,C,5.0,62.9, ,87.0,51.25,B,10.0,54.43,C,14.0,35.47,D,36.0,31.49,b
2676,Tiger,siamese,0,4.77,Black,Female,No,Yes,,London,dry,,2024/01/05,51.4,b,18.0,38.94, ,38.0,37.92,b,99.0,37.79,b,,86.0,a,77.0,27.38,b,94.0,47.6,B,50.0,91.62,a,63.0,25.27,a,86.0,24.26,b,29.0,32.78,a,10.0,53.36,A
2677,Smokey,Ragdoll ,10,4.52,Gray,Unknown,Y,Yes,Yes,Tokyo,Dry,,2024/01/05,68.14,b,11.0,25.53,a,0.0,46.11,C,75.0,58.0,b,62.0,43.21, ,7.0,74.54,A,80.0,72.33,B,2.0,38.05,C,52.0,87.79,C,50.0,18.81,D,50.0,43.85,b,93.0,52.37,b
2678,Smokey,Maine Coon,10,5.07,White,M,Yes,Yes,Unknown,New York,Mixed,SICK,,65.3,C,83.0,53.43, ,62.0,77.71,D,,46.31,C,37.0,60.27,C,36.0,30.49,D,98.0,26.51,a,,44.12,b,,76.2,A,51.0,49.9,A,25.0,54.99,a,,53.22, 
2679,Smokey,,24,5.45,Brown,female,Y,No,,Toronto,Mixed,healthy,2024-01-05,48.1,B,32.0,69.9,Unknown,86.0,25.73,b,27.0,68.21,B,42.0,38.22, ,84.0,79.89,D,57.0,44.51,a,85.0,57.2,Unknown,17.0,68.92,D,87.0,46.56,C,63.0,42.86,D,8.0,75.99,Unknown
2680,Leo,abyssinian,18,2.27,Brown,female,Yes,,,Berlin,dry,Sick,2024/01/05,33.08,a,98.0,39.47, ,11.0,24.45,A,39.0,47.48,b,5.0,50.97,Unknown,42.0,81.97,Unknown,,44.72,b,40.0,44.34, ,0.0,56.84, ,,70.57,Unknown,52.0,56.34,D,73.0,53.45,D
2681,Tiger,Maine Coon,12,4.07,,male,N,No,No,Berlin,dry,Sick,05/01/2024,45.62,D,97.0,52.56,B,96.0,44.42,A,9.0,70.69,C,76.0,59.24, ,1.0,41.41,B,71.0,48.0,B,,38.67,a,84.0,57.85,b,26.0,45.01, ,61.0,12.97,a,14.0,76.02,D
2682,Oreo,maine coon,-1,7.27,black ,male,Y,Yes,,TOKYO,Wet,Checkup Needed,,73.2,B,55.0,69.3,D,90.0,75.14,a,75.0,63.9,B,90.0,59.44,A,5.0,77.94,Unknown,95.0,73.04, ,79.0,64.29,b,93.0,74.19,a,38.0,46.81,A,56.0,25.91,A,74.0,30.82, 
2683,Luna,abyssinian,9,3.3,black ,F,yes,YES,Unknown,Sydney,Wet,healthy,,96.74,A,88.0,50.91,a,57.0,42.2,A,83.0,90.67,a,25.0,103.75, ,64.0,72.77,b,77.0,57.82,C,61.0,53.89,B,58.0,21.28,B,21.0,31.3,D,30.0,54.08,A,,32.61,Unknown
2684,Milo, British Shorthair,12,4.94,Black,,,NO,Unknown,Tokyo,Wet,Healthy,,59.51,D,35.0,52.08,D,73.0,53.35,Unknown,65.0,45.04,D,45.0,66.02,a,15.0,98.77,Unknown,66.0,58.24,D,60.0,38.31,b,,60.37,b,44.0,65.5,B,86.0,51.22, ,71.0,48.35,A
2685,Tiger,PERSIAN,12,5.06,black ,F,yes,No,,Toronto,Dry,healthy,2024-01-05,54.06,A,3.0,44.7,D,65.0,49.67,Unknown,,44.86,Unknown,40.0,51.69, ,38.0,49.6,C,64.0,40.13,B,57.0,62.67,b,,57.08,D,28.0,65.8,B,,58.1, ,91.0,22.77,D
2686,Lucy,SPHYNX,22,5.66,Black,,no,Yes,No,Paris,dry,,2024-01-05,74.97, ,80.0,38.3,C,37.0,54.35,b,66.0,19.46,B,31.0,60.72,D,,40.46, ,99.0,57.43,b,60.0,73.69,A,21.0,unknown,C,,25.83,Unknown,25.0,25.67,A,83.0,65.42, 
2687,Oliver,persian,9,3.92,,M,,Yes,Yes,Toronto,Wet,Healthy,,20.05,B,4.0,41.67,D,28.0,60.72,a,80.0,error,b,66.0,39.52,Unknown,,45.5,A,40.0,42.48,Unknown,47.0,32.74,B,29.0,44.79,B,78.0,47.35,C,82.0,48.07,D,2.0,49.6,B
2688,Oliver,PERSIAN,4,4.91,black ,M,no,YES,,London,dry,healthy,Jan 5 2024,82.28,C,54.0,-12.16,Unknown,31.0,44.1,Unknown,50.0,72.85, ,15.0,44.15,B,38.0,59.36,B,87.0,87.84,B,22.0,24.71,C,19.0,55.49,B,1.0,65.43,B,49.0,72.27, ,,45.49,Unknown
2689,Leo,RAGDOLL,0,7.41, WHITE,Male,,Yes,No,Toronto,Dry,SICK,,82.58,D,87.0,40.01,B,6.0,46.57, ,43.0,79.57,B,38.0,12.5,b,28.0,30.95,B,25.0,23.74,Unknown,58.0,45.68,Unknown,97.0,37.23,D,12.0,32.56,A,8.0,35.36,D,17.0,40.19,Unknown
2690,Loki,Siamese ,7,4.79,Brown,,no,YES,Unknown,Tokyo,Mixed,,2024-01-05,48.89,C,88.0,46.53,C,35.0,57.02,D,,37.26,C,16.0,49.02,a,8.0,55.89,Unknown,8.0,65.45,B,80.0,90.18,C,56.0,63.07,b,32.0,51.12,b,73.0,54.55,C,38.0,71.59,b
2691,Lucy,RAGDOLL,19,3.1,Black,F,no,YES,Unknown,TOKYO,dry,,2024/01/05,108.71,a,98.0,87.01,a,93.0,12.22,a,1.0,59.27,D,65.0,69.57,b,35.0,73.13,B,41.0,34.45,Unknown,16.0,48.07,Unknown,8.0,52.57,D,70.0,48.4,D,4.0,54.66, ,71.0,52.91,a
2692,Bella, Siamese,8,4.58,Gray,F,no,,Yes,Berlin,Dry,,,83.28, ,95.0,21.19, ,22.0,39.6,b,27.0,33.66, ,20.0,85.18,Unknown,3.0,29.44,b,72.0,20.57,Unknown,55.0,60.16,A,98.0,60.09,Unknown,11.0,14.49, ,40.0,34.04,Unknown,44.0,59.05,C
2693,Oreo,BENGAL,15,4.74,black ,female,N,NO,Yes,Paris,wet,Healthy,2024-01-05,,b,96.0,55.01,D,9.0,69.76,D,42.0,78.41,b,58.0,62.01,a,33.0,53.75,A,51.0,77.75,B,28.0,24.02,C,17.0,53.63,Unknown,65.0,53.55,A,66.0,47.64,b,94.0,84.71,B
2694,Nala,,4,3.6, WHITE,F,Y,NO,,,,Sick,Jan 5 2024,-2.68,B,51.0,36.99,D,95.0,68.28,Unknown,67.0,65.49,A,,19.08, ,51.0,55.17,b,51.0,54.88, ,88.0,52.56,a,40.0,41.49,B,84.0,31.29,a,16.0,41.51, ,60.0,69.83,a
2695,Bella,maine coon,23,2.28,Orange,Male,,No,,Toronto,Wet,Sick,2024-01-05,12.3,C,21.0,error,b,89.0,71.19, ,54.0,42.41,D,86.0,43.91,A,46.0,31.16,B,56.0,52.62,D,52.0,59.8,D,73.0,81.73,C,26.0,33.36,A,71.0,46.19,Unknown,80.0,32.68,A
2696,Milo,abyssinian,4,5.06,Orange,male,No,No,Yes,London,dry,,,29.46, ,31.0,32.34,A,76.0,-3.73,a,52.0,77.13, ,15.0,53.08,C,4.0,58.09,Unknown,96.0,60.92,b,71.0,92.54,b,71.0,84.64,D,,64.97, ,54.0,40.71,B,20.0,86.38,Unknown
2697,Kitty,,9,3.16, WHITE,female,N,NO,No,Tokyo,Wet,SICK,05/01/2024,94.35,A,35.0,38.58,b,25.0,40.58,A,45.0,41.25,D,40.0,51.83,C,,N/A,b,86.0,5.81,B,46.0,87.39,D,51.0,80.53,a,99.0,56.31, ,,53.84,a,3.0,70.24,b
2698,Milo,,14,4.18,Mixed,Female,yes,No,Unknown,Berlin,dry,healthy,2024-01-05,43.44,a,54.0,44.38,D,5.0,unknown,Unknown,51.0,22.57,a,70.0,38.02,D,69.0,39.01,b,51.0,41.27,b,70.0,44.12, ,27.0,52.42,C,41.0,24.51, ,94.0,unknown,D,79.0,36.51,D
2699,Shadow,SIAMESE,11,6.23,Gray,F,,NO,Yes, london,wet,Sick,05/01/2024,58.37,A,25.0,50.66,B,58.0,64.32,A,21.0,49.68,Unknown,67.0,33.92,B,38.0,63.73,Unknown,61.0,57.55,a,29.0,76.31,Unknown,79.0,39.13,C,36.0,77.9,Unknown,94.0,40.0,b,68.0,41.68,b
2700,Kitty,Unknown,12,4.06,Mixed,Unknown,Yes,YES,No, london,Dry,healthy,2024-01-05,33.17,b,11.0,43.21,Unknown,88.0,15.82,D,71.0,59.72, ,9.0,79.32, ,83.0,45.23, ,83.0,30.97,b,,60.82,C,92.0,30.94,a,3.0,24.89,A,10.0,34.4,b,51.0,86.16,Unknown
2701,Tiger,Siamese ,17,3.68,Gray,male,Y,YES,No,Berlin,Mixed,Sick,05/01/2024,25.14,a,42.0,56.43, ,63.0,64.24, ,2.0,59.44,D,34.0,52.02,B,71.0,50.1,A,10.0,17.69,B,54.0,65.19,A,34.0,16.9,a,12.0,13.54,D,14.0,54.0,b,44.0,22.88,C
2702,Milo,MAINE COON,23,4.3,black ,female,No,YES,, london,Dry,healthy,2024-01-05,72.78,Unknown,56.0,48.01,Unknown,13.0,53.66,b,53.0,48.93,B,70.0,47.0, ,29.0,22.36,Unknown,45.0,41.45,A,51.0,35.0, ,9.0,46.89,b,53.0,80.24,a,50.0,73.86,D,15.0,-3.13,b
2703,Smokey, Sphynx,5,5.23,black ,Female,Y,Yes,,Berlin,Mixed,Checkup Needed,,63.73,b,82.0,40.13,A,74.0,11.82,B,13.0,56.48,Unknown,,76.06,Unknown,84.0,33.68,Unknown,71.0,84.95,C,17.0,14.44,B,23.0,54.88,B,67.0,15.75,C,67.0,67.82,C,21.0,33.4,a
2704,Bella, Sphynx,23,3.06,,Unknown,No,No,,Sydney,wet,healthy,2024/01/05,42.05,Unknown,,102.64,b,,25.53,C,58.0,79.26,D,63.0,53.08,C,57.0,84.17,C,78.0,9.12, ,79.0,11.26,B,,34.54,Unknown,33.0,29.94,A,82.0,43.32,A,20.0,95.59,A
2705,Kitty, Maine Coon,14,3.03,Mixed,F,yes,,No,Toronto,,Sick,,44.49, ,97.0,59.91, ,97.0,14.18,A,66.0,49.24,A,35.0,75.44,C,94.0,54.0,Unknown,53.0,86.71,a,85.0,29.35,b,91.0,45.06,D,58.0,46.9,a,98.0,66.92, ,74.0,25.07, 
2706,Tiger,BRITISH SHORTHAIR,4,5.43,black ,M,Yes,Yes,Yes,London,wet,,,62.86,C,13.0,49.87,Unknown,2.0,77.68,A,76.0,27.29,D,99.0,67.73,D,,57.17,A,55.0,38.83, ,77.0,27.12,b,87.0,55.43,A,17.0,57.59,C,73.0,56.53,A,46.0,70.54,Unknown
2707,Oliver,SIAMESE,6,3.59,black ,F,No,Yes,,London,Dry,Healthy,,15.87,b,30.0,34.97,A,38.0,51.49,A,45.0,23.18,Unknown,74.0,41.36,Unknown,68.0,17.28, ,25.0,,C,,21.27,Unknown,35.0,36.77,D,51.0,83.64,a,44.0,60.76,D,87.0,23.02,C
2708,Oliver,MAINE COON,13,5.79,,male,yes,No,No, london,dry,Healthy,2024/01/05,72.72,b,87.0,96.37, ,18.0,46.98,Unknown,93.0,81.53,a,12.0,51.54,a,42.0,38.16,a,12.0,55.16,C,9.0,41.58,Unknown,25.0,70.79,Unknown,,64.64,B,45.0,66.6,B,55.0,46.38,b
2709,Lucy,MAINE COON,0,1.74,Mixed,Unknown,,Yes,Unknown,TOKYO,Mixed,healthy,2024/01/05,87.14,B,,73.79,a,81.0,49.96,C,77.0,60.39,Unknown,14.0,82.52,b,86.0,24.75,D,,42.53,D,68.0,71.66,B,33.0,63.68,D,43.0,83.93,B,68.0,25.36,Unknown,79.0,53.89,b
2710,Shadow,,8,5.3,White,Male,yes,YES,Unknown,Berlin,Wet,,05/01/2024,37.62,b,52.0,82.14,C,68.0,1.58,B,19.0,32.12,A,17.0,36.06,b,28.0,39.58,a,,19.91, ,24.0,30.14,D,15.0,30.25, ,96.0,45.89,Unknown,64.0,48.82,A,9.0,46.71,Unknown
2711,Oliver,SIAMESE,7,3.07,Mixed,male,No,YES,Yes,London,Wet,,Jan 5 2024,12.98,C,65.0,11.06,C,94.0,51.51,a,77.0,61.73,C,25.0,43.67,Unknown,,50.81,D,66.0,70.77, ,10.0,98.63,C,41.0,76.61,B,73.0,35.28,b,51.0,41.91,B,82.0,32.4,B
2712,Nala,RAGDOLL,8,6.72,Orange,Female,Yes,No,Yes,Berlin,wet,Healthy,,63.53,a,95.0,53.83,B,91.0,24.14,C,48.0,41.96,A,95.0,35.03,A,55.0,51.67,b,86.0,35.7,a,78.0,61.41,b,35.0,36.87,C,45.0,36.49,A,24.0,48.37, ,,42.75,D
2713,Kitty,,6,4.35,black ,Male,N,YES,No,Berlin,Wet,healthy,,47.64,a,38.0,92.92,B,33.0,72.58,C,24.0,66.68,a,73.0,61.57,D,21.0,38.89,B,4.0,44.45,Unknown,30.0,77.35,A,91.0,unknown,B,30.0,42.4, ,19.0,45.79,a,1.0,38.57,b
2714,Leo, Maine Coon,8,6.9,Gray,,Yes,NO,Yes,Paris,,Sick,05/01/2024,68.15,B,71.0,69.16,C,44.0,34.39,b,10.0,29.23,B,7.0,51.56,A,16.0,35.25,B,42.0,87.16,Unknown,50.0,28.3,C,39.0,47.41,A,87.0,51.98,b,77.0,66.79,A,62.0,24.34,b
2715,Loki,bengal,8,5.44,Brown,Male,No,YES,,Paris,wet,SICK,,61.41,C,76.0,12.55,C,49.0,60.8, ,84.0,81.17,C,44.0,54.85, ,41.0,43.47, ,93.0,69.24,a,79.0,48.08,b,65.0,96.21, ,45.0,35.98,b,50.0,77.9,B,66.0,46.5,Unknown
2716,Chloe,Maine Coon ,15,4.81,,female,yes,NO,Yes,London,Wet,healthy,,56.48,C,52.0,53.13,Unknown,74.0,68.82,b,,75.96,Unknown,,50.46,B,87.0,58.16,A,77.0,83.64,Unknown,51.0,25.92,C,37.0,79.19,A,94.0,55.45,a,99.0,42.48,D,73.0,72.21,b
2717,Milo,Scottish Fold ,1,6.99,,female,,Yes,Yes,New York,,healthy,,51.87, ,58.0,83.65, ,92.0,40.45,b,38.0,65.86,Unknown,7.0,62.4,B,42.0,67.96,B,97.0,73.87,a,96.0,30.37, ,94.0,28.95,A,,44.11, ,69.0,53.1,A,29.0,77.69,D
2718,Oreo,Unknown,2,1.33,Black,,,NO,No,Tokyo,Dry,healthy,05/01/2024,73.33,C,14.0,15.12,D,99.0,86.02,a,83.0,58.1,D,30.0,54.62,C,2.0,83.72,A,,38.61,Unknown,9.0,70.92,b,60.0,29.56,Unknown,69.0,80.13,Unknown,52.0,70.21,Unknown,21.0,53.06,b
2719,Kitty,,2,5.38, WHITE,F,Yes,NO,Yes,Sydney,wet,Checkup Needed,2024/01/05,56.07,Unknown,30.0,73.83,C,44.0,34.98,D,90.0,98.64,a,58.0,27.84,D,16.0,33.91,A,4.0,57.12,A,25.0,40.5,B,25.0,51.16,B,3.0,44.12,D,91.0,90.86,Unknown,24.0,48.73, 
2720,Kitty,PERSIAN,15,3.08,Brown,F,Y,,,London,Mixed,Healthy,2024/01/05,11.91,B,5.0,48.56,a,31.0,47.46,a,29.0,52.98,D,,41.96,A,15.0,65.17,b,17.0,92.9,b,55.0,61.26, ,47.0,39.8,A,,33.41,Unknown,38.0,46.75, ,20.0,41.74, 
2721,Smokey,Maine Coon,15,5.51,Orange,Unknown,No,Yes,Yes,Sydney,Wet,healthy,,62.48, ,79.0,52.43, ,31.0,73.2, ,29.0,53.4,Unknown,52.0,74.84,D,,57.55,A,,26.61,a,11.0,34.78, ,4.0,57.68,A,57.0,36.25,a,96.0,61.46,a,89.0,40.19,C
2722,Nala, Scottish Fold,19,2.97,Gray,F,,NO,Unknown,New York,dry,SICK,05/01/2024,65.64,A,20.0,62.27,C,36.0,40.14,a,29.0,54.07,A,66.0,36.64,B,73.0,63.04,C,80.0,58.51,A,36.0,32.29,A,72.0,24.32,b,89.0,39.01, ,67.0,68.34,b,,43.05,a
2723,Nala,,23,4.77,Orange,F,,NO,No,Sydney,Wet,Checkup Needed,2024-01-05,54.83,A,23.0,48.64,A,34.0,N/A, ,82.0,40.99,a,95.0,55.09,a,64.0,70.12,D,95.0,34.12,A,5.0,31.01,Unknown,20.0,65.03,a,75.0,42.4,Unknown,28.0,86.07,b,28.0,67.03,Unknown
2724,Nala, Persian,13,6.6,Orange,female,yes,YES,Yes,Tokyo,,SICK,2024-01-05,43.48,Unknown,49.0,52.63,A,81.0,55.85,b,39.0,34.1,a,37.0,71.26,b,,63.3,B,2.0,0.26,Unknown,42.0,60.03,C,73.0,17.69,D,71.0,39.93,a,88.0,16.85,D,8.0,46.85,B
2725,Smokey,Sphynx ,20,4.27,,Female,yes,NO,No,New York,dry,Healthy,,47.09,Unknown,73.0,42.42, ,42.0,44.36,A,11.0,49.8,B,21.0,45.3,A,72.0,40.06,B,53.0,77.0,B,64.0,88.95,a,44.0,3.45,b,62.0,52.17,b,,56.98,Unknown,,68.34, 
2726,Bella, Bengal,6,6.35,Mixed,M,No,YES,,Toronto,Mixed,healthy,,57.92,B,88.0,22.13,C,35.0,48.42,A,33.0,68.26,C,97.0,49.12,A,58.0,88.82,C,44.0,41.88,B,28.0,72.55,a,95.0,36.17,C,,73.07,A,,60.15,B,94.0,45.52,B
2727,Oliver,,-1,6.72,Gray,M,,Yes,Unknown,,dry,Sick,,37.48, ,82.0,59.31,B,26.0,29.5,B,13.0,31.75, ,74.0,77.0,B,38.0,68.94,C,50.0,59.71,A,6.0,12.42,Unknown,70.0,41.26,b,34.0,59.34,C,13.0,60.3,b,96.0,72.8,A
2728,Oliver, Bengal,24,3.15, WHITE,male,Y,Yes,No,Berlin,,Sick,2024-01-05,57.6,b,,41.9,b,25.0,58.62,Unknown,24.0,22.69,a,,34.21, ,12.0,53.41,C,21.0,48.83,b,17.0,60.32,a,98.0,56.72,A,69.0,86.7,a,93.0,66.06,Unknown,38.0,71.72,D
2729,Bella,,13,2.35,Orange,Male,Yes,Yes,No,Sydney,Wet,,05/01/2024,44.07,B,81.0,9.14,D,74.0,49.14,C,88.0,53.31,b,84.0,38.59,Unknown,34.0,32.09,A,7.0,37.27, ,76.0,91.78,B,28.0,66.9,a,22.0,83.5,B,44.0,78.54,A,93.0,28.43,A
2730,Tiger,Scottish Fold ,7,2.69,Mixed,female,Yes,NO,Yes,Berlin,Mixed,Healthy,2024/01/05,60.97, ,56.0,63.52, ,31.0,31.88,b,36.0,33.85,A,22.0,56.18,B,78.0,63.8,A,90.0,70.27,A,23.0,20.12,b,87.0,59.67,C,82.0,30.15,Unknown,94.0,28.89,A,50.0,13.29,Unknown
2731,Shadow, British Shorthair,9,2.71, WHITE,F,no,,, london,wet,healthy,2024-01-05,10.12,b,82.0,46.43,b,7.0,91.24,b,33.0,38.5,Unknown,69.0,80.24,D,25.0,40.34,b,11.0,73.34,A,91.0,79.36,b,85.0,N/A,B,85.0,45.3,C,,15.43,C,0.0,42.54,D
2732,Bella,British Shorthair,14,4.71,,M,no,Yes,Yes,Sydney,Wet,Checkup Needed,,38.27,B,,41.57,D,15.0,23.98,D,50.0,77.74,B,20.0,93.51,Unknown,92.0,49.11,b,32.0,36.04,a,,52.39,Unknown,2.0,63.73,D,,46.68,A,55.0,40.18,Unknown,34.0,48.6,a
2733,Loki,sphynx,13,6.84,Black,,Y,YES,,New York,dry,,,47.83,Unknown,5.0,69.32,D,63.0,77.33, ,0.0,80.38,A,79.0,40.23,C,,36.59,B,90.0,57.45,B,,55.89,C,20.0,35.04,b,28.0,31.5,D,44.0,43.54,C,32.0,63.9,D
2734,Chloe,,14,4.6,black ,male,yes,,Unknown,TOKYO,wet,SICK,05/01/2024,25.47,Unknown,17.0,53.33,C,1.0,58.61, ,13.0,39.66, ,57.0,66.46,B,94.0,66.85,A,71.0,103.01,D,20.0,63.29, ,27.0,61.18,a,60.0,58.06,C,20.0,72.66, ,,67.54,D
2735,Tiger,Ragdoll,14,7.09,White,male,yes,NO,Unknown,London,,Checkup Needed,2024-01-05,48.83,Unknown,18.0,51.97,Unknown,17.0,-6.19, ,30.0,40.77,a,40.0,28.47,C,93.0,36.93,A,47.0,92.16,D,31.0,49.42,B,53.0,19.19,B,89.0,71.37,B,55.0,45.61,C,39.0,26.7,a
2736,Lucy,Abyssinian ,0,2.18,Mixed,Female,Yes,Yes,,London,Wet,,,63.06, ,4.0,54.73,b,74.0,27.66,B,53.0,34.59,D,71.0,49.63,Unknown,,62.53,a,46.0,96.54,D,,66.14,D,53.0,67.21,b,27.0,49.28,C,74.0,41.92,D,17.0,53.8,D
2737,Milo,scottish fold,6,7.87,Gray,Female,Y,No,No,Paris,Mixed,SICK,05/01/2024,61.07,b,70.0,29.0,b,,60.85,C,52.0,35.51,Unknown,35.0,57.94,b,35.0,30.8,D,57.0,49.26,D,,91.03,a,0.0,N/A,D,74.0,25.71,a,80.0,47.84,A,,60.86,B
2738,Chloe,british shorthair,-1,6.51,Black,male,Yes,YES,Unknown,Tokyo,Dry,Sick,Jan 5 2024,16.74,C,,49.39, ,11.0,27.75,C,22.0,56.19,A,,37.48,A,47.0,43.78,Unknown,,69.31, ,25.0,10.34, ,93.0,62.48, ,19.0,34.62,C,89.0,41.14,D,,62.65,B
2739,Lucy,MAINE COON,14,2.6, WHITE,Unknown,No,Yes,,,,Sick,,63.94,a,45.0,50.63,C,15.0,49.2,D,,30.27,B,8.0,35.15,C,75.0,29.66,D,11.0,55.97,C,0.0,66.89,Unknown,61.0,27.72,A,65.0,39.8,b,20.0,50.95,Unknown,27.0,83.75,Unknown
2740,Milo, Persian,12,4.37,White,Unknown,Y,NO,No,Berlin,Mixed,Healthy,Jan 5 2024,32.46,b,,29.5,b,,N/A,C,,50.38,B,32.0,49.67,B,20.0,38.3,D,92.0,14.11,C,3.0,30.94,b,93.0,19.77,Unknown,14.0,59.74,b,5.0,33.72,b,62.0,58.69,a
2741,Nala, Ragdoll,6,5.11,,Unknown,Yes,No,,TOKYO,Wet,Sick,05/01/2024,45.64,B,82.0,error,B,74.0,25.88,Unknown,,30.7,b,27.0,53.26,b,36.0,48.63,Unknown,73.0,57.81,a,36.0,unknown,C,,34.37,D,54.0,15.8, ,39.0,20.29, ,72.0,55.59,a
2742,Nala,Ragdoll ,-1,4.1,Brown,Male,No,NO,,Tokyo,Wet,healthy,2024-01-05,61.19, ,12.0,62.63,a,31.0,49.68,Unknown,0.0,47.05,A,91.0,48.21,A,1.0,42.26,C,41.0,70.51,C,44.0,39.12, ,25.0,81.27, ,14.0,32.96,D,54.0,52.24,a,52.0,40.82,b
2743,Leo,BENGAL,12,4.28,White,,No,NO,No,Paris,dry,,2024/01/05,26.06,b,55.0,70.97,Unknown,79.0,39.4,A,67.0,56.76, ,56.0,59.13,Unknown,64.0,25.92,b,64.0,26.35,D,,40.34,D,55.0,82.41,Unknown,45.0,64.31, ,32.0,45.56,D,13.0,29.15,C
2744,Luna, Persian,20,3.97,Brown,M,yes,No,Unknown,Berlin,,Checkup Needed,Jan 5 2024,47.86,D,,41.9,Unknown,41.0,47.75,b,39.0,58.37,Unknown,42.0,42.67,C,64.0,54.34,Unknown,62.0,52.27, ,,55.57,a,54.0,47.32,Unknown,40.0,50.0,B,54.0,20.83, ,,35.52,a
2745,Lucy,MAINE COON,11,4.39,White,Unknown,yes,,,Toronto,dry,Sick,2024/01/05,60.07,C,24.0,49.77,a,79.0,32.4,D,61.0,48.39,a,14.0,48.49,C,12.0,65.98,Unknown,85.0,32.73,A,,18.17,a,83.0,61.05,C,72.0,47.38,A,34.0,45.61,A,25.0,67.08,B
2746,Shadow,BENGAL,-2,31.92,Mixed,Female,N,Yes,No,TOKYO,Wet,Checkup Needed,,57.87,B,16.0,52.91,C,21.0,89.63,D,73.0,53.09,D,54.0,60.53,b,,57.08,Unknown,32.0,48.13,Unknown,,77.12,D,5.0,48.51,D,79.0,24.06,C,64.0,59.52,Unknown,,55.96,Unknown
2747,Oliver,,10,6.46,Gray,male,No,Yes,Yes,Toronto,,Checkup Needed,,57.09,Unknown,99.0,46.3,a,35.0,34.25,a,96.0,61.75,B,17.0,-20.92,b,74.0,55.92,B,,49.85,a,18.0,48.31,A,86.0,39.38, ,67.0,45.97,C,85.0,44.71,C,89.0,83.26,D
2748,Shadow,Sphynx ,6,7.43,White,female,Yes,NO,Unknown,,Mixed,healthy,05/01/2024,46.82, ,36.0,9.66,D,50.0,31.97,a,23.0,48.64, ,78.0,37.08,b,70.0,69.02,a,26.0,33.84,A,89.0,71.17,Unknown,14.0,73.68,b,76.0,54.66,a,,48.51,Unknown,32.0,64.11, 
2749,Leo,Unknown,22,5.14,black ,F,No,Yes,Unknown,London,,Checkup Needed,,10.36,B,39.0,41.24,a,58.0,42.89,A,,93.6,A,29.0,65.31,b,11.0,47.97,Unknown,36.0,52.42,A,99.0,65.14,A,31.0,57.44,A,92.0,37.57,Unknown,45.0,64.43,A,95.0,64.66,b
2750,Kitty,Bengal,-2,3.5, WHITE,Unknown,,,,Paris,dry,Healthy,,37.94,Unknown,91.0,60.18,b,9.0,30.76,B,44.0,50.89,A,34.0,7.4,B,14.0,74.33,Unknown,30.0,23.37,D,18.0,unknown,a,30.0,-9.3,C,74.0,-17.69,A,79.0,91.08,A,,91.4,B
2751,Loki,,22,4.59,black ,male,N,YES,Unknown,TOKYO,dry,SICK,Jan 5 2024,45.96, ,8.0,62.84,a,38.0,36.77,Unknown,41.0,56.28,Unknown,78.0,37.63,A,59.0,57.95,b,8.0,30.2,C,96.0,35.47,D,89.0,N/A,C,13.0,59.01,a,28.0,27.3,Unknown,45.0,96.95, 
2752,Smokey,british shorthair,23,3.46,Mixed,M,Yes,No,No,New York,Wet,healthy,Jan 5 2024,22.9,D,27.0,49.02,B,16.0,29.59,D,49.0,74.52,D,80.0,47.19,B,,47.73,Unknown,49.0,41.48, ,95.0,49.06,D,,56.4,a,98.0,60.43,C,16.0,44.24,C,92.0,,D
2753,Simba,Unknown,17,2.41, WHITE,F,yes,NO,No,,Dry,Checkup Needed,Jan 5 2024,89.27,D,26.0,75.96,B,41.0,51.95,D,,44.57,Unknown,,60.41,a,,66.17,b,19.0,23.08,a,67.0,54.23,B,28.0,62.4,a,75.0,22.13,b,28.0,21.84,A,45.0,54.12,Unknown
2754,Oreo,abyssinian,17,4.87,White,Unknown,N,Yes,,,dry,Checkup Needed,Jan 5 2024,58.34,Unknown,22.0,54.52,C,56.0,49.92,B,85.0,0.69, ,65.0,28.72,a,48.0,53.18,B,82.0,41.39,b,18.0,42.11,C,48.0,49.19, ,,41.49,b,60.0,72.17,b,39.0,8.83,Unknown
2755,Bella, Maine Coon,-2,5.14,Brown,Unknown,yes,No,,New York,Dry,,05/01/2024,65.69,C,98.0,26.26,a,44.0,46.82,D,17.0,60.7,a,57.0,29.68,B,47.0,69.72,D,90.0,error,A,93.0,39.68, ,83.0,2.1,A,90.0,66.32,A,36.0,59.92,A,0.0,34.5,b
2756,Tiger,SCOTTISH FOLD,8,4.91, WHITE,M,N,YES,Yes,London,Wet,healthy,,26.86,D,,68.1,A,17.0,32.56, ,56.0,45.72,a,12.0,40.85,Unknown,87.0,58.72,B,62.0,32.7,C,20.0,38.78,D,44.0,75.4,B,32.0,45.15, ,48.0,57.14,A,26.0,21.09, 
2757,Bella,Scottish Fold ,9,5.23,Mixed,F,yes,NO,,Sydney,Dry,Healthy,2024-01-05,60.81,B,69.0,67.44,B,26.0,75.88,D,28.0,29.57,Unknown,91.0,55.95,Unknown,68.0,69.76,B,91.0,60.89,b,17.0,25.48,D,19.0,32.24,A,66.0,63.0,b,48.0,23.72,a,1.0,55.26,B
2758,Leo,Maine Coon,21,4.17,Brown,Male,Yes,,, london,,Sick,2024-01-05,80.65,C,88.0,31.8,B,76.0,36.64,a,53.0,57.35,b,85.0,32.96,D,83.0,52.84,C,,44.58,Unknown,75.0,25.35, ,9.0,35.14,Unknown,62.0,63.08,B,72.0,59.08,B,89.0,83.08,Unknown
2759,Nala,Unknown,2,7.03,Orange,Unknown,no,YES,,Paris,Mixed,SICK,2024/01/05,30.84,b,68.0,-13.73,D,38.0,68.45,B,20.0,72.27,Unknown,44.0,34.89,D,32.0,45.44,a,20.0,15.23,D,44.0,77.54,B,27.0,33.42,C,42.0,72.91, ,77.0,56.4,a,2.0,89.11,B
2760,Lucy,BRITISH SHORTHAIR,16,4.85,Orange,Male,no,No,Unknown,Berlin,Wet,SICK,2024-01-05,25.63, ,20.0,30.41, ,7.0,64.22,Unknown,57.0,40.76,C,89.0,68.54,C,97.0,26.05,Unknown,38.0,21.72,A,,52.89,a,11.0,27.34,D,2.0,37.06,a,74.0,58.02,a,0.0,64.73,a
2761,Simba,,15,3.39, WHITE,M,No,YES,Unknown,Sydney,Wet,,Jan 5 2024,35.22,C,97.0,39.25,Unknown,66.0,8.42, ,10.0,22.82,A,54.0,65.12,D,8.0,58.46,B,86.0,49.36,Unknown,79.0,56.07,b,34.0,12.8,b,62.0,70.44,A,28.0,79.13, ,77.0,30.76,Unknown
2762,Tiger,MAINE COON,4,2.98,Orange,,yes,,No,Toronto,,SICK,,61.55,A,55.0,41.64,Unknown,78.0,24.68,b,,23.83,b,12.0,69.52,B,97.0,58.36,A,87.0,57.77,Unknown,12.0,10.99,b,34.0,65.72,A,19.0,44.62,A,6.0,16.34,Unknown,86.0,11.21,D
2763,Chloe,SCOTTISH FOLD,24,4.12,black ,Unknown,,No,No,New York,dry,Checkup Needed,2024-01-05,49.57,B,95.0,62.77,B,29.0,53.25,B,,70.35,Unknown,62.0,26.0,C,93.0,36.25,D,60.0,58.54, ,95.0,45.64,A,,45.1,B,23.0,47.59,D,10.0,58.79,a,73.0,69.41,a
2764,Milo,Unknown,23,2.47,Mixed,female,,NO,,Berlin,Wet,,,62.03,D,95.0,44.41,a,98.0,29.18,C,8.0,45.38,b,88.0,64.88,Unknown,14.0,78.63,D,33.0,58.95,C,22.0,30.72,A,57.0,57.82,a,46.0,57.54,C,73.0,84.01,C,69.0,73.38,Unknown
2765,Lucy,,16,5.92,black ,male,yes,NO,No,Berlin,dry,Sick,05/01/2024,54.69,D,80.0,43.42, ,52.0,70.27,a,44.0,47.91,D,25.0,81.37,a,36.0,20.76, ,46.0,58.34,b,46.0,50.07,B,72.0,52.82,b,77.0,48.43,C,53.0,87.74,A,98.0,53.39,C
2766,Simba,,17,4.52,Mixed,Female,Yes,No,, london,wet,healthy,05/01/2024,38.91,C,76.0,76.5,a,36.0,87.38,a,12.0,67.71,b,86.0,38.06,A,67.0,54.37,b,7.0,85.65,Unknown,28.0,71.89,Unknown,89.0,65.35,D,40.0,51.35,C,71.0,45.12, ,87.0,21.78,a
2767,Bella,Unknown,18,5.63,Mixed,female,,NO,Yes,Tokyo,Wet,Checkup Needed,05/01/2024,69.42,Unknown,6.0,60.33,D,56.0,62.16, ,16.0,88.6,C,17.0,38.89,A,22.0,60.79,D,68.0,46.11,D,26.0,30.34,b,37.0,65.16,b,92.0,31.81,A,22.0,26.57,C,27.0,38.31,b
2768,Oreo, Maine Coon,13,5.92,Gray,Unknown,No,Yes,Yes,London,Dry,Healthy,,23.95,a,35.0,51.58,D,86.0,58.65,D,25.0,74.78,Unknown,56.0,44.83,D,23.0,38.17,A,26.0,43.16,a,14.0,32.62,a,23.0,42.48,Unknown,12.0,error,A,91.0,70.62,B,20.0,59.03,Unknown
2769,Chloe,Scottish Fold,23,1.75,Black,male,yes,Yes,Unknown,,wet,healthy,,71.43, ,37.0,80.28, ,,56.22,B,71.0,35.99, ,19.0,72.31, ,98.0,34.44, ,16.0,62.53,D,,43.82,D,11.0,75.21,b,66.0,61.03,D,54.0,49.5,D,64.0,65.2,Unknown
2770,Loki,british shorthair,7,5.66, WHITE,M,yes,NO,No, london,wet,Sick,2024-01-05,76.69,C,31.0,39.45,D,11.0,57.08,a,11.0,96.36,b,8.0,28.65,a,96.0,65.92, ,10.0,66.74,a,64.0,89.53,A,62.0,-6.94, ,50.0,86.48,b,85.0,79.33,A,51.0,78.48,A
2771,Lucy,ABYSSINIAN,5,4.33,Orange,,N,,Unknown,Toronto,Mixed,SICK,,85.33,C,68.0,unknown,D,39.0,81.0, ,20.0,113.06,b,9.0,70.07,b,4.0,59.22,C,86.0,58.09,C,45.0,36.36, ,25.0,79.11,B,74.0,30.44,B,68.0,unknown,B,,48.32,D
2772,Luna,British Shorthair,0,4.19,Orange,female,yes,YES,No,Toronto,,,2024-01-05,70.96,B,47.0,63.83, ,75.0,40.49,B,96.0,65.79,C,14.0,12.97, ,56.0,75.71,Unknown,61.0,77.63,b,6.0,69.68,D,26.0,45.24, ,58.0,36.33, ,26.0,46.61,Unknown,47.0,40.88,A
2773,Bella,SPHYNX,-2,3.61,black ,M,yes,No,,Sydney,,SICK,Jan 5 2024,error, ,26.0,25.28,C,18.0,N/A,a,53.0,42.3,B,54.0,42.97,B,43.0,22.36,a,36.0,26.35,D,,97.27, ,89.0,4.31,D,43.0,63.62,a,76.0,67.54,D,24.0,24.13,D
2774,Lucy,maine coon,15,3.5,Orange,M,no,NO,No,Toronto,,Healthy,Jan 5 2024,45.29,C,39.0,39.65,C,16.0,45.05,B,83.0,73.85,Unknown,74.0,62.66, ,72.0,52.99,A,33.0,60.12, ,28.0,unknown,B,14.0,53.2,Unknown,59.0,82.89,a,80.0,17.54,a,98.0,20.32,A
2775,Tiger,BENGAL,4,3.94,Orange,female,,,No,TOKYO,Wet,,05/01/2024,81.79,Unknown,,47.02,A,64.0,45.49,a,40.0,41.42,a,,84.89,a,,70.81,a,11.0,33.34,C,92.0,38.53,Unknown,48.0,65.45, ,93.0,77.6,b,47.0,28.76,C,0.0,45.68,A
2776,Smokey,maine coon,10,2.3,Brown,female,No,No,,Berlin,Wet,Sick,,37.73,D,46.0,73.11,B,45.0,68.66, ,69.0,66.27,a,14.0,32.39, ,18.0,47.04,a,8.0,44.47,b,98.0,65.14,C,18.0,46.37,D,17.0,78.61,Unknown,71.0,14.59,D,,37.18,B
2777,Tiger,ragdoll,22,2.2,Brown,F,No,Yes,Yes,Tokyo,Dry,,Jan 5 2024,50.6,b,67.0,39.34, ,67.0,69.81, ,73.0,33.89,C,82.0,79.58, ,78.0,49.8,C,19.0,70.5,C,95.0,72.7, ,77.0,66.52,b,71.0,51.89, ,0.0,49.23,C,24.0,103.66,B
2778,Tiger,Maine Coon,12,2.81,White,female,no,Yes,,Berlin,Wet,Sick,,46.98,A,53.0,41.14,b,69.0,41.13,a,23.0,50.83,A,37.0,46.06,B,67.0,59.23,D,61.0,46.59,C,92.0,21.13,C,60.0,34.14,D,90.0,39.0,Unknown,74.0,42.58, ,73.0,37.72,C
2779,Chloe,siamese,12,4.16, WHITE,Male,No,,,London,Dry,Healthy,Jan 5 2024,92.01, ,37.0,56.47, ,94.0,48.33,a,81.0,45.63,D,31.0,58.36,D,20.0,50.45,a,98.0,70.85, ,6.0,35.73, ,98.0,32.99,a,51.0,60.59,C,90.0,13.8,a,95.0,57.49,B
2780,Lucy,Sphynx ,5,4.93,black ,M,No,No,Yes,New York,,Healthy,,40.59,Unknown,16.0,47.89,b,88.0,82.82,C,94.0,36.93,D,,64.57,a,95.0,14.58,A,7.0,84.97,a,53.0,28.48,b,53.0,52.78,C,36.0,40.74,Unknown,31.0,51.33,Unknown,53.0,15.55,C
2781,Simba,SPHYNX,7,1.61, WHITE,M,No,Yes,Unknown,,,SICK,2024-01-05,22.05,B,,60.09, ,69.0,32.71,Unknown,56.0,47.66,C,31.0,17.0,a,62.0,44.24,D,62.0,N/A,D,,33.07,B,50.0,59.54,B,,50.24,B,,13.97,D,48.0,55.94,b
2782,Lucy,Maine Coon,5,6.16,Orange,,No,No,,Berlin,wet,,Jan 5 2024,26.28,B,5.0,79.15,B,,51.73,b,48.0,66.36,B,73.0,57.28,D,17.0,25.11,A,77.0,33.82,A,86.0,57.92,b,,64.94,b,,65.69, ,81.0,65.77,B,,53.36,B
2783,Tiger,Sphynx ,11,7.54,Gray,M,Yes,YES,Yes,TOKYO,,SICK,2024/01/05,35.9,Unknown,50.0,54.85,Unknown,94.0,29.78,b,56.0,55.77,B,6.0,72.26,b,51.0,61.33,C,44.0,25.73,A,38.0,47.87,C,43.0,58.41,D,14.0,69.73,B,48.0,41.46,a,11.0,40.06,a
2784,Oreo,Ragdoll,-1,5.68, WHITE,Unknown,Yes,,Yes,TOKYO,wet,healthy,2024/01/05,56.32,B,35.0,42.16,b,61.0,53.65,C,59.0,,C,4.0,56.7,B,18.0,60.5,b,12.0,69.0, ,12.0,48.17,B,60.0,89.35, ,39.0,40.84,D,67.0,70.12,A,83.0,35.04,b
2785,Nala,BRITISH SHORTHAIR,1,4.54, WHITE,Unknown,no,No,Yes,Tokyo,Mixed,healthy,Jan 5 2024,43.66,D,86.0,35.52,a,85.0,12.04,a,22.0,36.55,Unknown,90.0,49.81,b,37.0,32.33,B,88.0,47.92,b,58.0,85.76,a,75.0,80.98,C,,102.85,B,97.0,28.45,D,5.0,52.9,b
2786,Lucy,Unknown,0,6.36,Black,F,No,NO,Unknown,,Mixed,Checkup Needed,05/01/2024,92.29, ,73.0,43.97,D,13.0,65.15,C,88.0,63.97,C,4.0,32.24,Unknown,2.0,26.62,b,51.0,15.34,b,95.0,50.22,C,16.0,51.87, ,38.0,38.79,B,40.0,38.5,A,21.0,78.2, 
2787,Milo,Abyssinian ,5,3.01,Mixed,Female,no,Yes,,Berlin,Wet,healthy,05/01/2024,55.44,Unknown,81.0,37.33,B,,29.6,C,37.0,75.36,C,76.0,45.76,a,33.0,78.87,B,28.0,27.3, ,39.0,43.1, ,95.0,53.5,B,12.0,68.07,A,11.0,75.55,C,8.0,80.38,a
2788,Oreo,,0,3.69,Gray,Male,Yes,YES,Yes,TOKYO,Wet,Checkup Needed,,89.25,Unknown,51.0,40.03,b,45.0,44.94,D,53.0,25.46,D,,N/A, ,90.0,41.42,a,19.0,51.97,Unknown,46.0,29.58,b,45.0,52.09,a,55.0,42.33,A,66.0,19.14,a,33.0,54.14,D
2789,Kitty,Siamese ,22,3.01, WHITE,male,no,Yes,Yes,Toronto,Dry,Healthy,,52.75,A,,N/A,B,88.0,28.72,b,5.0,62.28,C,38.0,57.93,D,93.0,32.32,D,72.0,28.98, ,68.0,85.97,b,17.0,92.73,b,71.0,37.11,D,67.0,N/A, ,55.0,25.99,B
2790,Lucy,,5,4.93,Orange,F,,Yes,No,New York,dry,SICK,,30.06,a,73.0,69.41,B,36.0,59.42,D,62.0,64.46,a,40.0,59.22,C,93.0,49.52,Unknown,21.0,5.94,D,89.0,67.74,C,,N/A,a,35.0,28.38,C,19.0,27.15,Unknown,69.0,50.77,b
2791,Chloe,Persian,20,3.85,black ,Female,yes,Yes,,New York,Dry,Sick,05/01/2024,42.88,C,,63.23,Unknown,20.0,83.58,A,90.0,error,a,,44.53,Unknown,20.0,56.05,D,38.0,48.02,C,52.0,76.27,C,57.0,37.34,b,12.0,41.88,A,99.0,55.93,a,88.0,63.72,D
2792,Kitty,Unknown,1,5.29,Gray,Female,yes,No,No,Paris,Mixed,SICK,2024/01/05,32.27,Unknown,23.0,42.95,Unknown,78.0,50.34,Unknown,9.0,45.63,B,4.0,85.88,a,73.0,57.8,Unknown,66.0,41.44,C,88.0,40.8,D,36.0,41.57,D,7.0,46.23,Unknown,32.0,30.64,C,45.0,55.78, 
2793,Shadow,British Shorthair ,19,7.13,Mixed,female,yes,No,No,Toronto,Dry,,,87.51,D,40.0,27.69, ,41.0,35.29,Unknown,12.0,35.8,D,63.0,46.89,a,,51.82,Unknown,,78.82,D,93.0,56.64,A,63.0,67.27,C,59.0,75.31,D,77.0,44.74, ,,29.44,a
2794,Luna,,-2,4.36,black ,M,Y,Yes,,New York,,Sick,05/01/2024,47.72,B,78.0,46.85,a,50.0,56.92, ,,70.94,A,51.0,59.03, ,94.0,52.84,B,93.0,74.72,C,93.0,54.41,C,12.0,42.22,A,96.0,-21.87,B,14.0,32.86, ,47.0,30.33,b
2795,Oliver,Unknown,24,3.8,Black,Unknown,no,YES,,,Dry,Healthy,05/01/2024,45.66,D,39.0,48.43,C,22.0,61.57,C,59.0,90.31,b,43.0,64.95,D,53.0,78.91,A,1.0,63.34,a,89.0,72.01,C,90.0,40.36,a,11.0,18.39,A,55.0,35.61,B,58.0,0.41,B
2796,Nala,Bengal,2,6.52,black ,,Yes,NO,No,Berlin,Dry,,2024-01-05,42.91, ,62.0,30.1,b,82.0,29.64,B,12.0,58.38, ,90.0,39.56,b,80.0,48.41,Unknown,44.0,42.9,B,13.0,22.09,Unknown,26.0,58.64,D,12.0,78.17,Unknown,56.0,18.08,b,18.0,54.46,a
2797,Kitty, British Shorthair,19,3.76,White,Male,yes,YES,Yes,Berlin,Dry,Sick,,58.58,D,67.0,37.29,b,85.0,40.23,A,30.0,61.2,D,42.0,49.85,A,33.0,54.51,B,51.0,60.69,b,81.0,37.62,Unknown,45.0,27.53,a,,68.94, ,,28.38,a,11.0,49.92,b
2798,Oreo,Siamese ,9,4.5,black ,Unknown,,,Unknown,London,,,,66.98,a,,8.08,C,60.0,71.76,B,29.0,60.77,Unknown,83.0,54.36,C,10.0,80.22,Unknown,22.0,22.06,a,65.0,56.12,Unknown,16.0,76.75,B,55.0,27.02,C,34.0,29.49,Unknown,75.0,56.98,Unknown
2799,Kitty,,13,2.62,Gray,Male,Y,Yes,Yes,Tokyo,Wet,SICK,,67.28,D,88.0,38.99, ,4.0,65.56,b,49.0,12.02,A,3.0,37.43,Unknown,93.0,47.42,b,66.0,74.39,a,46.0,41.24,C,65.0,65.42, ,11.0,41.95,a,56.0,72.49,C,3.0,30.09,a
2800,Lucy,ABYSSINIAN,7,3.27, WHITE,F,No,YES,Yes,London,Mixed,SICK,05/01/2024,38.74,B,84.0,59.78,D,13.0,31.41,A,78.0,33.84,b,51.0,89.05,C,6.0,41.29,a,55.0,41.55,D,14.0,82.27,C,14.0,-4.28,B,,40.37,B,6.0,70.25,D,36.0,55.62,a
2801,Lucy,Maine Coon,4,2.17,Mixed,Female,No,YES,Yes,Sydney,wet,Healthy,2024/01/05,57.17,B,8.0,25.07,b,48.0,114.14,Unknown,,28.25,B,83.0,6.49,b,38.0,56.6,A,22.0,52.5,Unknown,,67.04,D,33.0,45.64,Unknown,53.0,73.58,B,79.0,45.37, ,81.0,50.32,b
2802,Leo,persian,3,3.21,Black,,no,Yes,No,London,wet,healthy,,20.41,Unknown,79.0,52.0,b,71.0,32.57,Unknown,66.0,55.63,C,80.0,56.57,A,7.0,65.57,C,19.0,22.9, ,93.0,32.86, ,11.0,83.86, ,90.0,86.93, ,88.0,59.35,C,64.0,17.55,C
2803,Loki,,-1,7.39,black ,M,Y,YES,Yes, london,wet,Checkup Needed,,58.47,b,11.0,37.5,D,18.0,59.51,B,92.0,43.33,A,29.0,50.92,B,54.0,78.77,B,30.0,18.42,D,56.0,66.42,b,79.0,49.61,B,21.0,46.46,b,19.0,52.45,Unknown,,39.88, 
2804,Loki,,20,3.02,Orange,female,N,NO,No,,Wet,Sick,Jan 5 2024,,D,44.0,89.83,b,89.0,55.73,A,84.0,11.51,B,75.0,76.89,B,7.0,56.95,A,79.0,38.74,A,,unknown,Unknown,,77.98,B,51.0,63.85,C,94.0,85.57,b,58.0,24.98,D
2805,Loki,PERSIAN,24,4.69, WHITE,F,,NO,Unknown,Berlin,wet,SICK,2024-01-05,N/A, ,60.0,47.76, ,87.0,75.33, ,77.0,43.05,Unknown,73.0,-9.49,B,97.0,44.26,C,95.0,57.93,Unknown,48.0,35.13,A,31.0,42.25,A,,47.98,a,13.0,89.73,Unknown,5.0,61.37, 
2806,Milo,Ragdoll ,3,5.62, WHITE,,Y,YES,Unknown,Sydney,wet,Checkup Needed,05/01/2024,13.81, ,35.0,20.35,D,37.0,74.28,B,95.0,-2.97,a,46.0,40.85,A,94.0,23.44,b,,29.97,C,47.0,47.92,C,6.0,29.28,Unknown,41.0,74.4,Unknown,29.0,61.17, ,31.0,73.35,A
2807,Loki,British Shorthair ,14,4.94,White,Unknown,Y,NO,,Paris,dry,healthy,,17.72,C,9.0,66.43,C,,72.2,Unknown,,81.6,D,72.0,40.88,a,76.0,25.31,D,8.0,24.0,b,47.0,79.9,b,,27.37,D,46.0,91.05,Unknown,73.0,45.43,A,53.0,57.28,A
2808,Tiger,Siamese,24,3.93, WHITE,,,No,Yes,Sydney,Wet,Checkup Needed,2024-01-05,46.75,B,69.0,35.03,A,86.0,79.53,D,22.0,41.51,B,14.0,34.14,a,62.0,61.49,Unknown,23.0,33.92,D,13.0,7.67,A,61.0,19.24,a,93.0,37.64,Unknown,55.0,54.61,D,78.0,58.07,B
2809,Tiger,abyssinian,10,3.78,Black,Male,Yes,YES,Yes,TOKYO,Dry,Checkup Needed,05/01/2024,48.09,C,98.0,15.07,C,45.0,52.4,b,,80.56,b,57.0,unknown,b,75.0,50.78,b,84.0,55.57,a,47.0,74.62,Unknown,92.0,69.33,B,19.0,47.81,D,47.0,34.53,A,74.0,74.27, 
2810,Lucy,BENGAL,24,6.59,Black,M,,YES,Yes,,,Sick,Jan 5 2024,79.91,B,14.0,66.55,D,34.0,33.49,A,83.0,58.3,Unknown,23.0,61.88,b,2.0,17.55,A,44.0,24.62,D,35.0,56.5,C,8.0,71.57,A,35.0,36.2,A,18.0,45.5,A,28.0,92.05,a
2811,Leo, Abyssinian,12,0.96,Brown,F,Yes,,,New York,dry,,2024/01/05,65.3,A,79.0,67.43,C,23.0,50.97,a,38.0,74.11,C,59.0,48.28,Unknown,36.0,33.01, ,84.0,22.68,Unknown,19.0,38.05,b,92.0,57.41, ,47.0,88.29,D,50.0,29.37,A,48.0,50.27,B
2812,Nala,Maine Coon,22,38.160000000000004, WHITE,Female,,Yes,,,wet,,05/01/2024,34.82,D,13.0,64.57,B,56.0,64.95,B,53.0,68.64,A,82.0,59.63, ,46.0,73.45, ,27.0,55.49, ,21.0,41.08,a,36.0,55.21,a,33.0,26.15,A,91.0,81.08,A,94.0,57.25, 
2813,Chloe,Siamese,6,5.58,black ,,No,Yes,Unknown,Berlin,wet,Checkup Needed,05/01/2024,84.62, ,5.0,52.14,A,,66.6,b,52.0,36.23,a,48.0,39.04,b,82.0,49.82,A,87.0,57.19,A,98.0,89.92,a,76.0,44.45,b,22.0,16.28,a,85.0,43.91,b,49.0,67.66,Unknown
2814,Chloe,ragdoll,17,3.37,,F,Y,Yes,No,,wet,healthy,,70.43,Unknown,16.0,47.62,B,85.0,23.81,a,55.0,12.56,B,35.0,22.48,a,28.0,62.11,Unknown,23.0,80.55,A,86.0,66.57,A,58.0,87.21,D,15.0,53.3,Unknown,88.0,72.53,D,73.0,49.74, 
2815,Shadow,British Shorthair ,21,5.66,Orange,M,N,,,TOKYO,wet,healthy,,71.1, ,74.0,61.82, ,47.0,34.83, ,25.0,112.21, ,5.0,37.74,Unknown,14.0,38.82,a,74.0,64.49,b,,65.83,a,23.0,37.87, ,80.0,46.93,Unknown,50.0,62.52, ,78.0,62.14,A
2816,Oliver, Siamese,9,6.43,,female,,,, london,Mixed,SICK,,16.58,C,94.0,40.61,Unknown,,51.15,Unknown,13.0,58.65,A,97.0,30.66,b,75.0,error,B,13.0,60.37,Unknown,,52.83, ,47.0,56.11,C,98.0,43.73,D,,38.16,B,58.0,56.13,C
2817,Oreo,BENGAL,12,1.75,black ,female,N,No,Unknown,Toronto,wet,Healthy,,57.9,a,,68.91,B,3.0,56.17,D,26.0,32.07,D,89.0,44.47,B,75.0,22.37,b,66.0,82.29,C,36.0,28.06,a,87.0,62.41,B,,59.55,b,2.0,28.39, ,63.0,35.38, 
2818,Milo,Siamese,19,1.03,Black,Female,N,YES,,Paris,Mixed,Healthy,Jan 5 2024,16.81,a,,55.93,A,71.0,74.49,D,58.0,66.07, ,48.0,73.73,C,71.0,51.09,B,99.0,70.73,b,23.0,70.12,B,78.0,51.86, ,67.0,74.62,b,86.0,63.13,B,58.0,48.98,b
2819,Simba,MAINE COON,0,2.92,Gray,female,N,No,Unknown,Paris,,SICK,,36.94,A,94.0,62.65,D,7.0,32.1,b,71.0,79.65,Unknown,28.0,45.78, ,21.0,74.13,a,11.0,71.48,A,62.0,43.16, ,80.0,74.18, ,82.0,44.81,B,42.0,56.16,B,49.0,42.03,a
2820,Nala,Unknown,23,3.14,Gray,F,Yes,NO,Unknown,Sydney,Dry,SICK,2024-01-05,56.49,B,88.0,26.61,C,22.0,71.16,A,53.0,28.83,Unknown,81.0,51.39,B,46.0,43.94,Unknown,45.0,26.14,D,85.0,40.32,B,5.0,52.8,a,17.0,47.89,b,44.0,11.78,A,44.0,57.69, 
2821,Leo,maine coon,24,5.38,Gray,M,no,Yes,Unknown,London,dry,,05/01/2024,41.39,B,63.0,50.69,A,2.0,61.76,C,,62.2,A,64.0,46.05,D,89.0,37.55, ,38.0,61.41,a,21.0,76.32, ,13.0,66.28, ,24.0,63.12,B,15.0,43.12,D,47.0,35.8,A
2822,Leo, British Shorthair,19,4.14,,Male,,Yes,,New York,wet,Sick,,47.0, ,10.0,28.06,C,95.0,69.48,C,65.0,27.96,C,63.0,54.71,B,,35.65,A,0.0,46.67,C,54.0,30.46,A,33.0,51.92,D,78.0,42.68, ,4.0,63.91,b,44.0,43.04,Unknown
2823,Shadow,,14,3.37,Brown,female,N,No,No,London,Mixed,SICK,2024/01/05,69.01,D,70.0,51.72,A,25.0,71.02,b,60.0,80.27, ,52.0,77.24,B,87.0,43.89,B,3.0,62.97,B,92.0,48.98,A,2.0,33.92,b,38.0,46.62, ,0.0,77.24,B,92.0,36.99,B
2824,Smokey,Bengal,9,2.73,Orange,,Yes,Yes,Unknown,Paris,Dry,Healthy,,51.24,A,35.0,46.03,C,49.0,48.9,D,9.0,52.69,b,39.0,74.74,C,62.0,57.34, ,10.0,62.51,C,12.0,56.89,D,51.0,31.67,a,74.0,55.02,b,11.0,45.88,A,32.0,33.52,B
2825,Luna,ABYSSINIAN,2,4.18,black ,Unknown,yes,Yes,Unknown,Tokyo,,,2024/01/05,117.46,a,15.0,71.81,D,94.0,67.65,D,70.0,33.86,a,99.0,29.46,C,39.0,58.22, ,93.0,52.15,b,8.0,49.58,a,11.0,11.88, ,25.0,5.79,Unknown,21.0,47.68,C,10.0,60.76,D
2826,Simba,Unknown,23,4.69,Mixed,Unknown,Yes,,No, london,wet,Checkup Needed,2024-01-05,46.11,D,43.0,69.89, ,30.0,31.87,Unknown,95.0,78.17, ,84.0,23.29,A,18.0,68.28,b,61.0,21.02,D,2.0,70.19,A,60.0,52.2, ,,46.44, ,74.0,29.48,D,89.0,42.37,B
2827,Simba,Bengal ,20,6.01,White,F,,No,Unknown,Paris,wet,SICK,,29.99,a,2.0,22.25,A,55.0,15.48,Unknown,23.0,45.62,D,,59.82,C,89.0,35.4, ,,50.52,b,42.0,39.52,C,0.0,30.08,D,40.0,24.18,B,57.0,32.22, ,90.0,96.45,A
2828,Bella,,16,6.29,Brown,male,yes,NO,No,Toronto,dry,Sick,,84.46, ,12.0,50.87,D,49.0,31.47,D,44.0,61.0,D,43.0,40.36,b,83.0,30.2,a,86.0,18.0,C,,46.06,Unknown,91.0,43.43,A,95.0,64.16,D,49.0,98.99, ,26.0,41.51, 
2829,Leo,,4,6.13,Gray,,N,,No, london,Wet,healthy,,21.35,A,,55.38,a,10.0,0.37,B,,15.93,B,54.0,41.92,C,56.0,92.51, ,32.0,51.27,a,74.0,27.46,D,54.0,75.25,a,88.0,40.06,D,99.0,17.3, ,99.0,60.44,b
2830,Lucy,RAGDOLL,-1,3.0,,male,,,Unknown,Tokyo,Dry,Healthy,2024-01-05,52.27,C,41.0,37.44,b,18.0,73.12,C,85.0,46.29,A,14.0,36.14,Unknown,44.0,47.49,B,9.0,42.1,C,74.0,7.11,C,25.0,55.17,B,16.0,76.03,b,97.0,52.21, ,18.0,62.77, 
2831,Simba,abyssinian,2,2.84,Brown,Female,,,Yes,London,Mixed,Sick,,33.51,A,41.0,59.47,D,,46.47,D,37.0,42.19,C,0.0,75.23,a,85.0,69.45,B,92.0,73.45,a,68.0,65.37,b,8.0,77.78,C,52.0,30.02,b,93.0,47.55,a,52.0,28.58, 
2832,Oreo,Scottish Fold ,5,4.58,Brown,M,Y,No,No,TOKYO,,Sick,,39.89,D,57.0,30.3,b,89.0,56.53,Unknown,71.0,61.26,a,67.0,53.81,a,82.0,20.87,C,8.0,20.56,Unknown,99.0,24.48,A,61.0,52.44, ,89.0,21.07,A,8.0,86.33,Unknown,72.0,73.23, 
2833,Nala,Bengal ,17,4.46, WHITE,female,N,Yes,Yes,London,Mixed,SICK,,42.75, ,95.0,60.5, ,30.0,52.5,D,66.0,58.42,Unknown,47.0,72.91,a,79.0,53.42,D,74.0,54.57,a,68.0,77.07,a,12.0,40.25,a,59.0,N/A,C,42.0,68.05,C,22.0,50.29,C
2834,Bella,Persian ,5,5.98,White,F,N,,,,Wet,Healthy,,61.07,a,16.0,62.41,B,89.0,43.64,C,54.0,55.03,B,52.0,7.68,Unknown,74.0,31.55, ,99.0,52.51,C,,50.5,D,13.0,60.28,B,56.0,14.18,a,52.0,71.76,b,96.0,46.13,D
2835,Bella,SIAMESE,14,6.23,White,F,yes,No,No,London,wet,SICK,2024-01-05,66.01,D,0.0,51.38,Unknown,1.0,34.55,A,73.0,46.98,D,59.0,55.17,Unknown,84.0,62.18,B,97.0,66.25,B,,48.17,D,79.0,56.36,A,,48.35,b,43.0,44.97,a,65.0,55.94, 
2836,Milo,Unknown,19,1.16,Mixed,M,,,,Sydney,wet,,05/01/2024,68.95,B,7.0,49.9,D,56.0,52.0,Unknown,80.0,40.29,a,4.0,58.08,b,30.0,48.6,C,49.0,52.86,a,0.0,43.94,a,9.0,61.74, ,70.0,54.23,C,79.0,21.04,A,15.0,40.33,a
2837,Simba,,0,3.54,Brown,Female,Y,,,TOKYO,,Healthy,2024-01-05,error, ,52.0,79.54,C,,68.42, ,41.0,20.05,a,88.0,73.51,Unknown,,28.37,D,69.0,69.62,Unknown,14.0,59.27,B,25.0,42.95,a,97.0,22.15,B,77.0,61.12,B,98.0,10.18,B
2838,Smokey,Persian,22,2.82,Orange,Unknown,yes,,Unknown, london,Wet,healthy,2024-01-05,22.18,b,92.0,47.79,A,24.0,31.19,Unknown,3.0,66.86,Unknown,41.0,59.2, ,70.0,49.12,B,70.0,31.81,D,37.0,70.46,C,96.0,42.08,A,21.0,79.59,C,3.0,60.96,b,11.0,66.75,a
2839,Oreo,RAGDOLL,23,5.16,Brown,Female,N,Yes,Unknown,,dry,Sick,Jan 5 2024,83.6,Unknown,66.0,46.81,C,25.0,59.82,a,34.0,44.02,A,21.0,73.95,a,,85.3,Unknown,40.0,71.26,Unknown,6.0,52.16,a,79.0,96.55,A,36.0,20.51,C,7.0,7.47,B,,49.9,b
2840,Kitty,Siamese ,10,6.95,Brown,Unknown,No,,Unknown, london,,Sick,05/01/2024,50.94,D,55.0,9.73,D,,59.8,B,81.0,13.25,D,4.0,32.58,D,98.0,62.88,C,78.0,31.72,D,7.0,39.33,a,63.0,53.42,C,83.0,59.62,a,,58.11,a,11.0,36.62,a
2841,Milo,Sphynx,3,5.66,Brown,female,yes,No,, london,dry,healthy,2024-01-05,49.98,D,2.0,68.56,C,80.0,62.87,D,35.0,44.62,C,4.0,44.37, ,68.0,36.63,B,9.0,37.59,b,97.0,52.37, ,80.0,30.25, ,21.0,52.57,Unknown,78.0,54.24,Unknown,2.0,65.7, 
2842,Nala,,10,5.66,Gray,M,No,,,Sydney,,,,46.37,D,96.0,38.31,B,49.0,18.44,a,48.0,32.94,a,36.0,51.17,Unknown,47.0,60.26,a,75.0,62.89,a,,13.25,a,,57.98,a,92.0,48.3,b,58.0,59.57,b,53.0,73.81, 
2843,Chloe,,11,3.6,Mixed,male,,No,Unknown,New York,Dry,Healthy,2024/01/05,55.92,B,5.0,38.35,Unknown,31.0,42.78,Unknown,7.0,34.1,A,31.0,50.71,Unknown,51.0,71.06,Unknown,,67.55,b,33.0,37.71,D,9.0,57.11,C,6.0,44.37,b,,28.47,Unknown,49.0,58.95, 
2844,Milo,Siamese,14,5.14,black ,male,Yes,,, london,dry,Checkup Needed,2024-01-05,45.53,A,4.0,49.79,C,1.0,7.69,B,10.0,25.05,D,76.0,28.6,a,,56.61,C,,70.18,a,51.0,69.21,a,32.0,68.24, ,,42.53,B,12.0,68.94,D,85.0,59.26,D
2845,Oliver, British Shorthair,4,4.07,black ,female,yes,YES,Unknown,Paris,Dry,Checkup Needed,,77.91,A,95.0,46.89,Unknown,35.0,57.14,C,54.0,31.97,Unknown,45.0,32.74, ,77.0,26.74, ,13.0,47.77,D,38.0,56.94, ,47.0,15.88,D,86.0,66.06,B,21.0,63.12,D,64.0,46.3,D
2846,Oreo,MAINE COON,13,7.75,Orange,male,no,,No,Tokyo,Dry,SICK,,31.69, ,20.0,45.46,b,17.0,88.42,a,82.0,44.69,a,44.0,23.07,a,,43.23,C,19.0,65.19,Unknown,5.0,68.14,D,14.0,81.13,C,88.0,23.12,b,,48.72,a,78.0,20.96,B
2847,Luna,bengal,-2,2.91,Mixed,Female,,YES,Unknown,,Wet,,,43.29,a,,47.03,D,66.0,43.47,B,53.0,66.5,A,48.0,36.9,b,89.0,65.6, ,9.0,47.95,D,85.0,61.7, ,7.0,76.65,A,70.0,37.48,A,67.0,41.37,B,96.0,53.03,D
2848,Tiger,bengal,15,5.2,White,female,,Yes,Yes,Sydney,wet,Checkup Needed,05/01/2024,59.98,C,,88.22, ,23.0,72.54,b,21.0,58.95,b,55.0,73.17,b,87.0,44.9,A,23.0,43.88,A,61.0,52.82,a,98.0,43.71,C,53.0,60.99,b,71.0,33.69,b,43.0,47.82,D
2849,Oliver,Unknown,17,4.6,Orange,M,no,,Yes,Toronto,dry,Sick,Jan 5 2024,46.02,a,53.0,49.15,C,93.0,41.34,D,49.0,error,b,64.0,46.45, ,13.0,51.2,A,95.0,31.22,a,,61.14,b,67.0,53.21,B,25.0,31.79, ,85.0,49.77, ,20.0,47.14,a
2850,Lucy, Persian,2,2.73,Black,M,No,No,Yes,Paris,wet,Checkup Needed,,92.36,b,39.0,39.59,Unknown,96.0,52.2, ,10.0,45.38, ,48.0,45.11,A,74.0,84.55,D,0.0,47.5,b,88.0,37.1,b,87.0,39.64,D,88.0,40.2,a,8.0,53.58,D,71.0,51.83,C
2851,Chloe,Scottish Fold ,11,3.84,Orange,Male,yes,Yes,, london,wet,healthy,05/01/2024,54.08,C,80.0,60.88,Unknown,97.0,38.4,b,8.0,80.7, ,84.0,48.63, ,4.0,64.34,B,47.0,42.87,a,,41.76,b,31.0,48.51,C,,65.5,A,32.0,43.41,A,86.0,18.28,Unknown
2852,Loki,abyssinian,20,4.31,black ,Female,,No,No,Sydney,Dry,Healthy,Jan 5 2024,34.07,a,27.0,32.71,D,1.0,30.9,A,63.0,60.22,a,61.0,41.55,A,24.0,39.13,D,23.0,49.16,Unknown,0.0,44.61, ,70.0,46.95,C,36.0,81.95, ,94.0,60.77,b,3.0,43.7,Unknown
2853,Loki,,-2,2.88,Gray,Unknown,Y,No,,Paris,,SICK,Jan 5 2024,47.76,C,45.0,13.4,B,61.0,46.15,A,5.0,64.47,D,58.0,52.2,Unknown,,72.56,a,9.0,80.42,D,,10.97,B,6.0,66.89,C,,17.97,a,14.0,31.08,B,89.0,82.24,B
2854,Oreo,bengal,21,2.49,White,M,N,Yes,,Sydney,Wet,Sick,05/01/2024,48.73,a,74.0,51.62, ,48.0,61.0,D,57.0,71.59,A,,44.53,b,2.0,62.92,A,92.0,42.36,B,96.0,59.71,b,9.0,11.36, ,18.0,45.73,A,86.0,70.64,Unknown,9.0,55.91,D
2855,Nala,SIAMESE,11,7.32, WHITE,F,N,,,Paris,wet,SICK,2024/01/05,67.96,b,6.0,87.05,A,0.0,39.74,B,44.0,35.53,B,86.0,48.61,A,94.0,28.79,b,,48.17,b,63.0,53.57,Unknown,86.0,79.76,D,9.0,60.95,Unknown,44.0,35.14,C,69.0,43.56,a
2856,Loki,Unknown,2,4.41,Orange,Female,no,NO,Yes,Berlin,dry,Checkup Needed,2024-01-05,61.08,D,,70.41,Unknown,66.0,24.32,a,85.0,74.51,D,72.0,16.44,b,25.0,73.35,C,43.0,-1.46,C,69.0,48.57,C,,53.71,B,76.0,33.8,b,,54.55,Unknown,1.0,29.84,b
2857,Simba,Sphynx,1,4.56,Gray,Female,,,No,Paris,wet,healthy,2024-01-05,60.03,A,25.0,37.46,C,83.0,74.34, ,62.0,73.48,a,42.0,26.45,A,8.0,63.93,C,90.0,11.04,Unknown,82.0,60.13,A,,46.97,a,55.0,46.19,a,45.0,11.49, ,86.0,44.64,b
2858,Tiger, Scottish Fold,1,5.54,Gray,Unknown,Y,Yes,No,Toronto,,,,67.1,D,16.0,67.32,D,43.0,46.08,D,69.0,30.27,B,28.0,55.76,B,26.0,22.82,a,91.0,18.4,a,8.0,-12.17, ,78.0,55.96,B,,29.41,B,,39.73,a,55.0,23.69,A
2859,Bella,Unknown,17,2.93,black ,Female,,Yes,,New York,dry,SICK,,40.44,a,36.0,48.44,b,25.0,20.12,B,30.0,46.65,B,41.0,42.35,A,60.0,62.65,a,5.0,unknown,Unknown,77.0,27.2,C,64.0,60.08,C,6.0,49.32,a,4.0,41.32,D,73.0,35.84,B
2860,Oreo,SCOTTISH FOLD,0,4.91,black ,male,Yes,No,,Tokyo,wet,Healthy,Jan 5 2024,19.45, ,53.0,69.21,Unknown,68.0,76.57,Unknown,93.0,32.4,C,93.0,44.69,B,52.0,14.93,D,56.0,40.09, ,94.0,66.21, ,55.0,67.58,A,82.0,60.73, ,62.0,35.68,B,,40.86, 
2861,Oliver,scottish fold,15,2.1, WHITE,Male,N,NO,Yes, london,Mixed,Sick,2024/01/05,41.06,a,57.0,41.95,D,57.0,61.56,b,,44.61,B,27.0,83.3,B,,50.82,D,44.0,81.73,b,96.0,49.02,C,,-2.93,C,98.0,64.86,b,33.0,24.22,D,20.0,65.35,A
2862,Oreo,Unknown,10,5.21,,,no,No,,Paris,wet,Healthy,Jan 5 2024,unknown,C,6.0,41.33,a,26.0,44.35,b,90.0,59.52,B,0.0,37.03, ,91.0,36.44, ,23.0,68.57,a,6.0,58.63,C,97.0,52.02,C,72.0,82.18,C,87.0,69.09,D,64.0,77.92,C
2863,Leo,Maine Coon ,1,3.77,Black,female,no,NO,,TOKYO,wet,,2024/01/05,47.86,a,19.0,52.11,A,79.0,59.57,Unknown,78.0,75.52,D,31.0,43.05,C,13.0,51.73,Unknown,40.0,53.82,B,31.0,88.63,B,65.0,60.75,A,28.0,27.12,A,67.0,47.51,a,,33.77,b
2864,Luna,,6,2.0,Brown,male,no,NO,No,TOKYO,wet,Healthy,2024/01/05,91.52,C,90.0,43.4,C,24.0,64.38, ,82.0,75.85,C,35.0,51.98,B,96.0,55.47,A,,80.07,Unknown,47.0,34.49,Unknown,97.0,49.96,D,33.0,1.08,C,1.0,36.46,B,55.0,38.26,Unknown
2865,Simba,BRITISH SHORTHAIR,-1,6.27,Gray,Unknown,Yes,YES,Unknown,Paris,,,Jan 5 2024,65.62,D,33.0,28.56,D,35.0,61.33,C,96.0,69.86, ,7.0,75.75,A,45.0,63.58,Unknown,,46.19, ,87.0,76.97,Unknown,27.0,48.06,C,,73.52,b,,31.76,A,19.0,59.59, 
2866,Shadow,BRITISH SHORTHAIR,13,6.82,Orange,Unknown,N,No,No,London,Dry,Healthy,Jan 5 2024,49.8,b,73.0,17.35,D,74.0,74.69,b,87.0,42.93, ,83.0,55.25,D,67.0,62.52,D,44.0,55.08,a,91.0,55.29,C,78.0,88.37,D,15.0,30.93,D,3.0,33.47,B,74.0,68.87,B
2867,Lucy,british shorthair,7,4.06,White,M,Yes,YES,No,New York,wet,Sick,2024-01-05,32.24,Unknown,11.0,63.27,D,96.0,44.89,Unknown,7.0,81.97,A,27.0,15.61, ,10.0,16.42,b,93.0,15.17,b,70.0,39.89,Unknown,85.0,60.9,B,89.0,47.77,b,4.0,64.29,B,79.0,71.45,b
2868,Kitty,Unknown,6,2.12,Mixed,Unknown,Yes,NO,Unknown,,Dry,,2024-01-05,73.58,C,71.0,69.17,a,90.0,30.11,C,27.0,40.63, ,17.0,52.68,A,92.0,30.41,C,64.0,29.93,a,24.0,55.02,Unknown,34.0,40.38,D,45.0,74.24,B,61.0,77.46,a,58.0,19.01,B
2869,Shadow, Abyssinian,22,4.82,Brown,Unknown,no,,Unknown,,Wet,Checkup Needed,2024-01-05,48.39,A,86.0,49.0,B,54.0,38.31,B,79.0,42.04,B,22.0,68.7,Unknown,35.0,62.37, ,,41.69,Unknown,63.0,46.33,b,53.0,18.4, ,15.0,83.08,a,63.0,32.39,B,73.0,58.41,D
2870,Nala,,18,5.68,Mixed,,Yes,No,,London,Wet,Checkup Needed,Jan 5 2024,63.75,Unknown,95.0,62.42,C,28.0,35.59,B,,47.14,b,54.0,63.55,Unknown,27.0,52.18, ,96.0,43.51,Unknown,71.0,35.88,b,73.0,56.62, ,47.0,49.48,Unknown,90.0,67.5, ,70.0,43.76,D
2871,Milo,Bengal ,20,4.86,Black,Female,yes,Yes,No,New York,dry,SICK,2024/01/05,24.88,D,,53.35,D,39.0,34.69,Unknown,48.0,74.09,A,53.0,76.76,D,36.0,86.76, ,0.0,36.31,b,49.0,26.3,A,54.0,32.42,B,53.0,12.11,D,95.0,12.02,B,8.0,73.51,D
2872,Lucy,Unknown,8,5.96,Black,male,N,No,No,TOKYO,,healthy,,65.28,a,,45.39,B,41.0,77.79,C,80.0,61.82,B,66.0,26.09,A,5.0,43.78, ,27.0,69.76, ,,56.65,a,71.0,56.1,C,37.0,56.88, ,76.0,52.48, ,56.0,error,Unknown
2873,Simba,Sphynx,10,1.63,Gray,M,Y,NO,No,Sydney,Wet,,2024/01/05,38.49,D,,61.7, ,65.0,52.93,B,58.0,28.37,C,15.0,20.52,a,9.0,44.26,D,78.0,39.1,b,19.0,39.46,B,33.0,71.93,a,81.0,,C,71.0,18.32,a,41.0,76.24, 
2874,Smokey, Sphynx,10,3.55,Gray,Female,N,YES,Yes,,dry,SICK,05/01/2024,79.92,C,31.0,59.82,b,84.0,25.66,b,48.0,82.15,D,49.0,58.18,B,16.0,55.77,C,88.0,31.17,a,64.0,72.1,B,46.0,60.13,A,75.0,56.57,a,64.0,39.7,Unknown,76.0,66.25, 
2875,Kitty, Bengal,1,4.47,Mixed,Female,,NO,Yes,Toronto,Dry,Healthy,,75.76,D,31.0,98.47, ,70.0,44.5,D,2.0,41.18,B,36.0,61.67,C,17.0,95.49,b,32.0,56.44, ,,62.92,a,54.0,49.65,b,74.0,28.26,a,97.0,51.93,b,95.0,8.7,b
2876,Nala,BENGAL,20,5.24,Brown,,N,Yes,No,New York,dry,SICK,05/01/2024,32.24,C,20.0,unknown,b,15.0,48.94,b,78.0,69.86,Unknown,53.0,32.04,a,56.0,76.2,b,54.0,42.9,A,45.0,36.52,Unknown,12.0,69.99, ,81.0,49.63,B,39.0,73.73,B,82.0,48.9,a
2877,Smokey,Ragdoll,10,5.59,,,Yes,,Yes,London,dry,healthy,2024-01-05,39.24,b,9.0,49.5,Unknown,96.0,40.21,B,21.0,57.24,Unknown,,68.9,Unknown,2.0,62.21,C,73.0,43.05,Unknown,0.0,N/A,B,,20.0,b,,51.35,Unknown,55.0,53.96, ,7.0,57.02,a
2878,Loki,,23,4.12,Black,M,yes,,,New York,Mixed,Healthy,2024-01-05,68.74,B,11.0,37.32,b,65.0,61.17,A,30.0,54.4,Unknown,39.0,74.54,b,46.0,4.92,B,89.0,62.35,A,14.0,50.94,A,18.0,13.38,a,81.0,68.17,B,,70.22,C,21.0,44.47,D
2879,Smokey, Persian,19,5.04,,,,Yes,Unknown,New York,Mixed,Healthy,05/01/2024,40.92,D,42.0,51.17, ,63.0,63.27,D,52.0,79.2,a,98.0,46.59,b,21.0,68.61,A,74.0,11.85,A,,32.34,Unknown,93.0,unknown,Unknown,92.0,54.98,C,8.0,72.4,C,82.0,77.99,D
2880,Leo,Persian ,24,6.4,black ,F,Yes,YES,Yes,Sydney,Dry,SICK,Jan 5 2024,53.28,B,74.0,69.07,b,57.0,31.1,Unknown,10.0,42.92, ,22.0,35.66,Unknown,50.0,31.82,a,36.0,101.51,Unknown,,48.32,C,,74.28,A,78.0,33.64,C,78.0,95.06,B,23.0,72.71,B
2881,Oreo,,6,4.33,Brown,female,no,NO,,New York,Mixed,healthy,2024/01/05,39.72,Unknown,11.0,55.84, ,5.0,76.08,a,72.0,85.11,B,40.0,66.66,D,7.0,69.52,Unknown,67.0,28.15,A,83.0,90.94,B,63.0,2.99,B,74.0,86.27,D,60.0,51.8,A,4.0,55.04,A
2882,Bella,Unknown,7,8.76,Brown,M,,No,,TOKYO,Dry,,,59.94,A,71.0,57.92,b,33.0,67.66,a,21.0,50.13, ,73.0,30.78,C,51.0,73.78,A,13.0,61.54, ,82.0,32.2, ,94.0,56.77,C,90.0,64.04,Unknown,63.0,22.43,b,5.0,69.91,a
2883,Oreo,Persian,-2,4.93,black ,male,,YES,Yes,Paris,Wet,,2024-01-05,51.55, ,,38.96,C,,59.78,Unknown,28.0,64.78,Unknown,7.0,63.34,b,90.0,55.96,B,31.0,59.97,Unknown,96.0,74.56,b,3.0,45.09,A,50.0,45.04,A,1.0,40.76,B,15.0,85.39,C
2884,Chloe,British Shorthair ,21,3.57,Mixed,,yes,NO,Yes,TOKYO,Wet,Sick,2024-01-05,35.22, ,,48.18,A,18.0,46.44,A,15.0,62.07,C,6.0,53.35, ,57.0,52.53,C,,76.92,Unknown,,75.06,D,97.0,70.56,C,,39.77, ,,47.05,C,75.0,43.36,D
2885,Smokey, Sphynx,4,4.36,Gray,Male,yes,No,,TOKYO,dry,Healthy,,82.12, ,41.0,52.98,C,81.0,76.5, ,,28.05,D,35.0,0.9,Unknown,26.0,36.68,b,27.0,52.16,B,9.0,32.95,a,60.0,50.68,a,2.0,78.09,C,46.0,63.94,D,32.0,66.27,B
2886,Oliver,Unknown,18,4.46,,Unknown,yes,No,Unknown,Toronto,wet,SICK,2024/01/05,66.32,B,53.0,69.4,Unknown,96.0,40.91,Unknown,4.0,68.59,b,66.0,23.68,B,14.0,57.37,a,73.0,70.08, ,31.0,27.1,Unknown,48.0,79.15,a,66.0,73.2,Unknown,8.0,29.23,A,71.0,83.49,A
2887,Luna,Persian ,6,3.54,black ,Female,yes,Yes,Yes,Sydney,,healthy,Jan 5 2024,59.78,B,5.0,25.45,D,29.0,55.84,D,,56.33,D,56.0,23.34,C,58.0,38.54,b,24.0,55.47, ,74.0,34.18,C,99.0,65.11,D,45.0,53.79,D,94.0,31.62,b,2.0,33.43,C
2888,Milo,British Shorthair,2,5.09, WHITE,male,yes,No,No, london,dry,healthy,,47.63,b,38.0,17.46,b,51.0,46.11,Unknown,94.0,67.71,D,53.0,42.63,B,47.0,82.03,A,70.0,41.2,D,66.0,47.23,B,11.0,45.94,C,69.0,62.52, ,40.0,38.73,D,1.0,69.92,C
2889,Loki,BRITISH SHORTHAIR,19,3.53,black ,female,No,NO,,Berlin,,healthy,,42.54,a,41.0,56.39,C,30.0,78.82,A,94.0,29.06,b,82.0,54.18,A,98.0,13.42,A,97.0,N/A,A,,30.1,a,82.0,43.54,C,60.0,20.76, ,11.0,82.75,C,16.0,29.89,A
2890,Tiger,,19,5.71,White,Male,Y,YES,,Tokyo,Mixed,Sick,,28.47, ,15.0,75.27,a,16.0,65.97,C,14.0,29.89,b,86.0,55.05,A,35.0,56.76,Unknown,,24.89,a,99.0,52.33,Unknown,21.0,47.5,Unknown,78.0,96.24,D,19.0,26.31,Unknown,87.0,47.83,C
2891,Chloe,Ragdoll,4,6.81,Black,,N,,Yes,Toronto,Mixed,,,32.35,a,35.0,25.97,C,95.0,45.22,A,29.0,54.89, ,55.0,42.61,B,39.0,12.49,D,28.0,68.27, ,11.0,88.92,D,26.0,44.48,B,,69.58,C,46.0,39.2, ,20.0,57.29,a
2892,Luna,PERSIAN,10,7.36,Gray,,,,Unknown,London,wet,Sick,Jan 5 2024,23.34,C,61.0,43.22,a,81.0,82.34, ,91.0,31.45,B,76.0,37.06,Unknown,38.0,25.51,B,22.0,58.96,C,96.0,54.11,Unknown,32.0,48.17,C,21.0,19.54,A,67.0,11.53,C,7.0,48.86,Unknown
2893,Lucy,Siamese ,5,4.14,White,F,yes,YES,,Sydney,Dry,SICK,05/01/2024,73.79,a,36.0,36.28,b,42.0,72.62, ,,38.27,D,56.0,22.88,Unknown,16.0,65.72, ,57.0,53.59,b,18.0,52.83,C,,62.28,b,,67.66,D,29.0,51.36,a,,64.88,D
2894,Bella,Unknown,1,2.59,Orange,F,yes,Yes,,London,Dry,,,48.72,A,62.0,58.14,D,0.0,52.77,B,28.0,90.27,a,59.0,45.72,D,17.0,40.03,C,1.0,64.36, ,31.0,18.25,a,96.0,52.64,b,15.0,34.79,a,25.0,48.21,b,18.0,70.43,C
2895,Oreo,Unknown,22,5.22,Brown,,Y,YES,Yes,Berlin,Mixed,healthy,2024-01-05,30.01,b,56.0,79.55,C,72.0,63.76,a,,52.77,A,,48.11,B,,54.86,a,8.0,65.52,B,99.0,44.99,A,84.0,14.8,C,84.0,59.56, ,91.0,74.16,A,70.0,51.41,Unknown
2896,Tiger,,8,6.73,Black,F,Yes,No,Unknown,,wet,Checkup Needed,,37.37,C,88.0,75.05,C,,25.26,A,24.0,36.27,b,50.0,77.85,b,95.0,61.01,C,24.0,65.6,Unknown,23.0,49.03,C,22.0,126.5,A,87.0,72.77,a,81.0,66.62,b,46.0,37.8,a
2897,Nala,Abyssinian,23,6.12,Orange,M,Y,,Yes,Tokyo,Mixed,Healthy,05/01/2024,68.82,B,44.0,89.38,A,50.0,24.68,A,11.0,26.5,D,90.0,66.49,b,95.0,37.75, ,15.0,55.35,D,,50.64, ,,97.6,B,86.0,61.58,C,93.0,66.65,B,41.0,51.71,Unknown
2898,Leo,Bengal ,15,6.75,Mixed,female,,NO,Unknown,,Dry,,,51.55,Unknown,54.0,59.3, ,36.0,19.15,b,95.0,69.27, ,99.0,83.02,C,55.0,38.89,Unknown,94.0,96.24,a,84.0,,A,47.0,39.39,D,70.0,43.3,D,32.0,48.57,C,68.0,69.78,Unknown
2899,Shadow,,15,3.2,Gray,Male,yes,,Unknown,Paris,Mixed,Healthy,,99.34, ,67.0,20.4,B,61.0,50.05,D,14.0,53.22,Unknown,61.0,51.18,D,23.0,36.49,C,47.0,56.45,A,88.0,25.66,A,30.0,59.71,b,99.0,39.85,C,60.0,63.07,Unknown,52.0,42.45, 
2900,Milo,Sphynx,22,4.82,black ,F,no,No,Unknown,,Dry,Sick,05/01/2024,25.66,Unknown,64.0,13.19,C,37.0,48.01,B,34.0,65.69,D,31.0,44.22,C,17.0,32.26,B,70.0,29.03,B,83.0,76.38,C,22.0,58.32,D,71.0,57.85,Unknown,98.0,64.16,D,12.0,53.01,a
2901,Bella,siamese,15,4.18,,Female,yes,,Yes,Toronto,dry,Sick,,48.31,C,4.0,20.2,b,,55.95,b,31.0,19.97,D,62.0,18.82,C,57.0,65.98,B,,48.48,Unknown,23.0,45.83,C,76.0,88.82,C,,62.52,C,11.0,11.19,Unknown,57.0,73.26,C
2902,Chloe,,12,2.15,Mixed,male,No,YES,No,Paris,Dry,Checkup Needed,,41.84,a,3.0,50.13,B,,71.32,B,83.0,41.98,b,24.0,47.41,b,27.0,57.93,C,89.0,94.7,D,17.0,80.65,b,76.0,76.19,C,48.0,62.35,A,17.0,68.75, ,77.0,53.42,C
2903,Lucy,Maine Coon ,7,6.18,White,,No,NO,No,Paris,Wet,healthy,,41.98,Unknown,57.0,31.04,b,67.0,60.32,C,23.0,53.82,D,85.0,36.12,Unknown,43.0,30.44,b,27.0,72.97,A,26.0,62.97,C,56.0,59.67,C,,71.61,B,35.0,66.89,b,74.0,80.65,A
2904,Lucy,bengal,10,3.52, WHITE,F,No,YES,,Berlin,Mixed,healthy,2024-01-05,66.08, ,76.0,41.68,C,,87.3,C,59.0,44.6,A,92.0,84.28,C,80.0,54.75,Unknown,67.0,57.27,b,36.0,67.88,D,11.0,70.66,D,16.0,41.03,a,63.0,53.38,C,,35.25,D
2905,Tiger,Scottish Fold ,10,2.71,,male,N,No,No,TOKYO,Wet,healthy,05/01/2024,38.58,B,70.0,51.81,b,24.0,44.19,D,32.0,30.65,Unknown,25.0,56.43,b,89.0,57.81, ,88.0,33.51,a,16.0,54.7,a,,53.82,B,10.0,45.27,C,59.0,35.05,Unknown,66.0,54.97,D
2906,Shadow, Sphynx,2,6.16, WHITE,Unknown,Y,YES,Yes,,,Healthy,2024-01-05,38.96,D,26.0,64.75,Unknown,4.0,38.28,Unknown,17.0,74.59,B,97.0,24.67, ,,40.52,b,39.0,40.93,b,25.0,68.09,a,87.0,66.92,Unknown,7.0,48.67,A,66.0,18.19,Unknown,17.0,41.24,D
2907,Tiger,Bengal,6,4.71,Brown,,No,YES,Unknown,Sydney,,Healthy,,28.83,a,80.0,32.35,Unknown,95.0,67.48,B,60.0,53.94,a,40.0,25.55,Unknown,16.0,66.41,C,,62.3,C,52.0,48.15,A,11.0,40.79,a,50.0,59.57,C,52.0,57.46,D,,59.02,B
2908,Tiger,Abyssinian ,7,5.17,Mixed,Female,N,Yes,,New York,Dry,Checkup Needed,2024-01-05,39.67, ,12.0,44.16,B,16.0,61.7,A,79.0,45.84,a,74.0,40.66,A,8.0,61.0,a,32.0,52.45,b,38.0,53.95,C,87.0,58.82,b,74.0,44.31,C,71.0,78.28, ,13.0,39.5,A
2909,Luna,,1,3.86,Mixed,male,no,No,Yes,Tokyo,dry,SICK,,45.74,A,,45.66, ,50.0,56.89,D,73.0,42.17,b,52.0,74.72,Unknown,42.0,60.85, ,63.0,76.04,b,96.0,55.21,B,90.0,49.12,A,66.0,24.99,Unknown,46.0,63.67,A,8.0,55.65,b
2910,Nala,,-1,2.6,black ,,No,,Yes,Paris,dry,,,46.19, ,88.0,81.25,A,47.0,68.68,B,62.0,48.82,B,17.0,49.46,a,21.0,11.22,A,47.0,43.76,Unknown,21.0,68.28,C,63.0,86.09,Unknown,98.0,52.26, ,2.0,52.78,B,87.0,65.12,a
2911,Chloe,bengal,4,5.26,Mixed,male,no,NO,Unknown,Toronto,Wet,Healthy,,39.04,b,99.0,23.84,B,38.0,51.61,A,4.0,83.03,a,51.0,65.57,B,31.0,32.42,a,3.0,68.02,D,96.0,63.69,b,86.0,68.78,B,65.0,67.97,b,57.0,68.15,b,63.0,71.83,Unknown
2912,Milo,Unknown,18,8.37,Brown,Female,yes,No,Yes,Toronto,Mixed,Checkup Needed,,73.85,B,9.0,54.27,B,21.0,25.83,B,,33.32,C,76.0,57.3,D,86.0,73.21,Unknown,,77.56,B,86.0,44.56,Unknown,60.0,30.51,D,,25.93,Unknown,25.0,86.28,a,48.0,24.91,B
2913,Kitty,Scottish Fold,11,7.07,Orange,Unknown,yes,No,Unknown,Paris,dry,Healthy,Jan 5 2024,60.63,b,59.0,65.29,a,67.0,83.7,B,0.0,62.6,D,56.0,44.46,A,85.0,43.1,C,17.0,-22.08,C,64.0,54.36,D,12.0,37.95,b,13.0,65.36, ,,48.43, ,90.0,36.15,Unknown
2914,Shadow,bengal,23,3.76, WHITE,M,No,Yes,No,Paris,,Healthy,,41.27,C,85.0,70.63, ,54.0,65.42,b,16.0,20.0,B,23.0,15.47,B,86.0,76.21,b,62.0,32.25,b,56.0,49.28,C,34.0,31.79,B,73.0,-2.15,C,55.0,74.88,A,94.0,49.6,a
2915,Smokey,siamese,10,3.64,black ,,Yes,YES,Yes,Sydney,dry,Checkup Needed,2024/01/05,,b,,21.31, ,59.0,47.11,C,44.0,59.51, ,12.0,6.79,Unknown,60.0,19.46,Unknown,14.0,77.4,A,41.0,66.79,B,81.0,64.13,Unknown,77.0,23.15,a,55.0,34.06,D,48.0,47.26,b
2916,Tiger,,23,2.15,Black,Male,Y,NO,Yes,Paris,wet,SICK,2024/01/05,46.51,A,70.0,59.08,B,28.0,error,b,69.0,75.11, ,81.0,N/A, ,67.0,51.17,D,18.0,57.69,D,31.0,59.56, ,71.0,70.7,a,36.0,80.72,Unknown,1.0,23.07,D,37.0,25.64,a
2917,Simba, Scottish Fold,3,4.66,Black,F,Y,YES,,Paris,,,2024-01-05,73.71,b,,40.3,b,94.0,51.59, ,30.0,1.39,D,88.0,61.9,A,51.0,68.29,D,,51.43, ,1.0,60.29,D,5.0,46.25,b,37.0,34.66, ,69.0,67.0,C,21.0,52.01,A
2918,Chloe,Sphynx ,-2,5.53,White,Unknown,yes,No,, london,wet,Healthy,05/01/2024,69.37,a,30.0,21.48,C,27.0,81.24,b,20.0,66.98,b,67.0,53.13,B,99.0,62.97,a,82.0,53.75,C,48.0,unknown,b,62.0,41.76, ,8.0,25.44,C,22.0,52.81, ,46.0,58.9,A
2919,Milo,Bengal ,5,6.19,White,Male,yes,NO,No, london,Mixed,,05/01/2024,54.17, ,21.0,77.84,B,95.0,69.87,Unknown,51.0,N/A,C,0.0,40.95, ,49.0,34.76,B,57.0,68.63,D,92.0,54.75,a,47.0,16.67,a,32.0,N/A,b,98.0,54.71,C,94.0,42.18,b
2920,Loki,Persian ,24,5.75,Mixed,M,No,Yes,Unknown,Tokyo,Wet,Sick,,18.56,C,84.0,70.9,Unknown,36.0,54.43,b,71.0,88.45,C,12.0,56.82,C,32.0,68.87,C,52.0,42.23, ,85.0,59.02,Unknown,39.0,53.4,Unknown,27.0,40.63, ,30.0,83.7,A,34.0,93.03,C
2921,Lucy,british shorthair,4,1.36,Mixed,M,Yes,YES,Yes,Sydney,Mixed,,05/01/2024,36.7,Unknown,61.0,69.08,B,20.0,49.99,D,81.0,30.78,B,14.0,64.37,D,24.0,58.52,D,,64.7,B,73.0,79.36,C,34.0,67.7,b,44.0,46.06,b,29.0,52.09, ,43.0,45.17,C
2922,Oreo,Unknown,4,2.08,Gray,Male,,NO,,London,Mixed,Sick,2024/01/05,80.97,C,91.0,40.53,a,56.0,38.95,C,29.0,35.11,D,17.0,73.32,D,86.0,62.11,A,53.0,82.12,a,5.0,37.25,B,12.0,39.62,B,34.0,59.71,a,63.0,70.62,D,28.0,60.16,Unknown
2923,Tiger,Maine Coon,5,6.19,,male,Y,,No,Sydney,wet,healthy,2024/01/05,36.66, ,51.0,65.23,b,34.0,61.18,A,23.0,74.53,Unknown,83.0,73.62,D,,49.19,Unknown,62.0,73.69,b,35.0,61.42,C,24.0,63.04,Unknown,62.0,61.02,B,51.0,27.82,D,46.0,62.62, 
2924,Smokey, Sphynx,16,4.36, WHITE,M,Y,Yes,,Berlin,wet,Checkup Needed,,45.04,D,64.0,45.66, ,55.0,15.95,B,15.0,41.99,Unknown,,17.84,B,6.0,73.25,C,39.0,66.51,C,14.0,83.8,B,24.0,21.33,C,0.0,29.17,C,48.0,69.75, ,10.0,43.52, 
2925,Shadow,Unknown,15,5.77,black ,male,no,No,Yes,Sydney,Wet,Checkup Needed,,58.97,C,84.0,53.25, ,38.0,65.07,a,34.0,51.41,A,21.0,37.7,a,11.0,39.17,A,87.0,32.69,D,74.0,17.51,B,50.0,92.2,B,46.0,35.23,a,60.0,48.48,Unknown,,50.49,D
2926,Nala,Scottish Fold ,9,4.05,,M,,NO,No,Paris,Wet,SICK,2024/01/05,66.35,D,67.0,39.58,D,66.0,60.13,B,4.0,42.76,B,99.0,51.26,B,46.0,66.5,C,19.0,36.67,a,,49.51,b,3.0,62.32,a,0.0,57.67,a,37.0,80.45,a,,54.39,A
2927,Chloe,BRITISH SHORTHAIR,15,3.55,Gray,,Yes,No,No,,dry,,Jan 5 2024,34.2,a,77.0,54.12,A,,50.65,b,59.0,49.1,b,45.0,72.09,B,72.0,34.6,a,49.0,41.82,a,89.0,29.43,a,0.0,91.51,B,93.0,37.22,D,9.0,48.26,B,15.0,64.35,B
2928,Lucy,abyssinian,3,3.52,Brown,,Y,YES,No,Tokyo,dry,Checkup Needed,05/01/2024,69.29,a,66.0,38.43,a,,68.67,b,32.0,45.35,D,17.0,42.49,a,65.0,50.73,Unknown,80.0,58.85,D,78.0,20.34,C,67.0,68.97,a,25.0,63.02,b,0.0,45.57,A,42.0,77.75,D
2929,Kitty,SIAMESE,23,3.44,Brown,,N,No,No,Tokyo,Dry,,,52.57, ,,36.81,A,45.0,error,A,39.0,90.0,A,53.0,106.08, ,75.0,45.6,B,86.0,92.65, ,58.0,48.9,b,66.0,78.39,D,74.0,36.7,a,70.0,56.87,b,83.0,78.58,B
2930,Simba,Abyssinian ,16,6.45,Gray,M,No,No,Unknown,London,wet,SICK,,40.96,D,29.0,49.88,Unknown,67.0,85.15,a,78.0,55.7,a,30.0,25.94,a,53.0,31.22,A,35.0,48.02,D,4.0,64.87,B,,37.26,b,62.0,72.39, ,70.0,39.82,B,1.0,25.94,B
2931,Bella,BENGAL,15,3.54, WHITE,Male,N,Yes,,,Dry,SICK,,67.58,Unknown,50.0,61.9,C,57.0,43.81,B,3.0,43.36,Unknown,76.0,59.51,b,71.0,66.6,a,98.0,68.16,D,8.0,27.58,b,15.0,79.45,C,32.0,54.6,B,22.0,61.7,a,5.0,27.0, 
2932,Simba,sphynx,7,3.47,Black,,,YES,No,,dry,Checkup Needed,2024-01-05,73.38,a,,69.86,Unknown,16.0,44.59,Unknown,,19.57,a,21.0,29.51,B,96.0,49.3,A,28.0,59.76,C,70.0,68.95,B,,44.65,b,12.0,45.88,a,68.0,43.49,b,64.0,32.7,D
2933,Nala, Abyssinian,10,34.86,Orange,Female,No,,,Sydney,dry,Sick,,56.11,b,50.0,49.08, ,19.0,22.8,Unknown,,39.13,D,93.0,50.89,b,,39.02, ,0.0,40.27,A,62.0,37.17, ,41.0,46.35, ,19.0,60.0,C,21.0,55.73, ,79.0,34.67,B
2934,Chloe,SPHYNX,15,3.73,Orange,male,Y,YES,No,Paris,Wet,,2024/01/05,0.52,A,21.0,57.28,Unknown,90.0,46.47,C,91.0,62.43,b,4.0,49.12,B,71.0,72.9,Unknown,14.0,52.04,b,1.0,77.39, ,,93.55,a,51.0,18.94,D,23.0,66.84, ,49.0,62.02, 
2935,Lucy,BRITISH SHORTHAIR,2,2.91,Brown,male,Y,,Yes, london,dry,Checkup Needed,2024/01/05,50.68,Unknown,50.0,58.7,A,21.0,79.59,Unknown,61.0,53.54,b,71.0,31.03,b,59.0,unknown,a,59.0,58.15,a,42.0,38.06,Unknown,41.0,88.17,A,77.0,10.67,A,31.0,72.14,C,26.0,45.77,A
2936,Lucy,,-2,4.31,Orange,Female,,NO,,New York,Wet,Sick,05/01/2024,46.36,A,7.0,40.61,C,6.0,78.68,B,32.0,82.09,D,93.0,31.74,Unknown,33.0,39.75,D,97.0,42.47,C,66.0,49.0,C,61.0,47.73,A,72.0,45.21,C,8.0,55.89, ,21.0,93.91,C
2937,Bella,,1,2.29,White,Male,No,,Unknown,,,Sick,,26.14,A,59.0,31.19,D,82.0,37.46, ,,37.12,A,78.0,94.13,C,57.0,64.83, ,39.0,error,B,70.0,34.78,D,,80.33, ,18.0,73.35,B,11.0,33.66,D,45.0,19.0,Unknown
2938,Tiger,SIAMESE,23,2.9,Brown,female,yes,NO,Yes,New York,Mixed,Sick,Jan 5 2024,44.94,B,50.0,19.45,A,77.0,64.64,Unknown,15.0,61.46,a,2.0,86.31,b,22.0,59.8,b,4.0,55.06,B,43.0,51.89,C,76.0,45.95,B,92.0,73.3,a,,37.48,B,71.0,55.29,D
2939,Milo,sphynx,20,3.81,,Unknown,Yes,NO,,,Wet,SICK,2024-01-05,21.48,Unknown,69.0,30.02,a,38.0,21.77,C,76.0,36.66,D,82.0,40.08,B,75.0,38.99,Unknown,6.0,42.7,b,58.0,69.44,a,3.0,54.36, ,5.0,25.12,C,14.0,50.24,D,12.0,52.87,Unknown
2940,Loki,siamese,10,6.97, WHITE,Male,No,,,Tokyo,Mixed,Healthy,05/01/2024,67.91,a,93.0,6.96,D,12.0,79.47,a,49.0,20.61,b,30.0,48.02,D,32.0,16.36, ,43.0,34.57,b,46.0,78.44,a,9.0,85.9,a,89.0,48.23,A,26.0,42.33,A,27.0,48.03,B
2941,Tiger,British Shorthair ,19,2.98,Mixed,female,N,NO,Unknown,Tokyo,Mixed,,2024-01-05,26.34,b,88.0,56.81, ,61.0,77.35,A,80.0,36.82, ,68.0,28.41,B,31.0,42.14,a,74.0,77.2, ,52.0,52.78,b,2.0,56.34, ,,73.09,a,,70.08, ,62.0,61.31,B
2942,Simba,MAINE COON,13,6.4,Black,Unknown,,,, london,Dry,SICK,05/01/2024,40.98,b,,11.42,b,9.0,30.89,D,60.0,65.1,D,17.0,65.65,Unknown,17.0,unknown,B,62.0,26.87, ,25.0,38.21,D,40.0,59.46,b,72.0,16.26, ,53.0,36.41,B,,20.82, 
2943,Nala, Bengal,3,4.5,White,female,Yes,Yes,Yes,Berlin,Wet,healthy,Jan 5 2024,42.24,D,83.0,64.12,B,3.0,96.04,D,74.0,21.26,a,13.0,18.34,b,50.0,20.32,B,,74.44,C,21.0,27.0,Unknown,75.0,31.48,D,71.0,71.53,C,93.0,39.98,C,40.0,71.44,Unknown
2944,Tiger,,18,5.61,Brown,Female,N,NO,Yes,Toronto,wet,SICK,2024/01/05,64.89,a,56.0,55.55,C,89.0,31.47,b,85.0,54.51, ,95.0,9.72,B,87.0,34.59,C,41.0,59.26,B,62.0,-2.69,b,91.0,39.82,C,79.0,27.04,Unknown,21.0,43.49,B,85.0,40.69,D
2945,Simba,BENGAL,5,4.4,,female,Y,YES,,Paris,Mixed,Healthy,05/01/2024,42.41,D,55.0,48.36,A,2.0,56.62,B,,46.75,a,31.0,45.02,A,,37.55,A,49.0,70.55,Unknown,60.0,49.43,B,10.0,65.97, ,48.0,55.26,a,17.0,63.39,B,40.0,102.75,a
2946,Smokey,ABYSSINIAN,12,3.0,Mixed,M,Yes,YES,No,New York,Wet,Checkup Needed,,32.82,A,17.0,56.48, ,,70.98, ,,25.89,a,47.0,38.89,a,55.0,76.57,A,6.0,41.44,C,44.0,36.67,b,18.0,72.75,a,,53.33,b,50.0,45.4,B,,11.59,Unknown
2947,Simba,,3,4.02,Black,female,,NO,Yes,Berlin,Mixed,Checkup Needed,05/01/2024,44.04,a,44.0,39.13,Unknown,36.0,unknown,D,1.0,56.43,B,,40.6,Unknown,35.0,77.58,a,,50.97,a,,43.09,Unknown,51.0,57.05,A,,62.09,D,71.0,48.71,B,38.0,96.92,B
2948,Shadow,Siamese ,15,4.36,,Unknown,No,NO,No,Toronto,dry,SICK,2024-01-05,77.66,C,9.0,47.88,A,73.0,88.86,b,31.0,39.39,B,,76.91,a,14.0,66.34,D,44.0,61.05,B,23.0,24.52,C,69.0,77.56, ,48.0,41.73,Unknown,44.0,56.35,Unknown,50.0,31.61,b
2949,Shadow, Scottish Fold,16,4.59,Gray,male,N,YES,Yes,Toronto,,Healthy,2024-01-05,41.42,D,81.0,74.37,C,98.0,73.21,a,81.0,17.58,C,71.0,71.3, ,22.0,32.62,a,77.0,64.47,A,,43.32, ,5.0,49.02, ,16.0,25.28,D,95.0,66.0,Unknown,19.0,24.72,b
2950,Luna,siamese,16,4.47,Orange,Female,no,YES,Unknown,Paris,wet,Checkup Needed,2024/01/05,14.49, ,57.0,77.78,b,78.0,33.6,C,62.0,56.38,C,31.0,71.74, ,24.0,43.63,b,86.0,82.41,b,,,b,72.0,46.46,C,49.0,23.95,C,77.0,66.83, ,10.0,76.83,b
2951,Kitty,,15,5.83,black ,Female,N,,,TOKYO,Mixed,Sick,2024-01-05,58.74, ,88.0,error, ,,17.91,C,93.0,78.3,Unknown,46.0,15.83,D,12.0,71.14,D,30.0,16.56,A,83.0,86.71, ,56.0,51.56,a,16.0,74.83,Unknown,81.0,57.03,C,43.0,62.71,Unknown
2952,Leo,,-1,3.08,Black,Unknown,N,YES,,,Wet,,Jan 5 2024,47.18,A,70.0,52.54,a,89.0,20.44,B,96.0,69.56,B,9.0,79.1,C,20.0,86.51,B,32.0,67.85,a,12.0,13.87,C,66.0,50.29,B,86.0,53.69,b,83.0,43.92,C,22.0,9.83,C
2953,Simba,SPHYNX,8,4.07,Black,female,Y,No,,London,,SICK,2024-01-05,68.45,A,24.0,58.87,B,48.0,37.52,b,97.0,70.52,Unknown,24.0,8.78, ,,83.6,D,35.0,77.07,C,93.0,58.94,A,,49.83,Unknown,70.0,27.99,Unknown,45.0,46.18,Unknown,51.0,33.75,b
2954,Oliver, Persian,15,4.05,Brown,M,Yes,,Unknown,,Dry,healthy,2024/01/05,63.34,A,32.0,61.98,a,35.0,75.49,a,40.0,54.44,C,81.0,52.38,B,19.0,unknown, ,37.0,85.34, ,54.0,99.52,D,80.0,25.44, ,48.0,80.72,D,42.0,61.25,D,25.0,22.1,b
2955,Kitty,british shorthair,7,5.24,Gray,Male,Y,,No, london,wet,,2024-01-05,45.86,C,55.0,39.06,Unknown,50.0,70.67,C,2.0,99.86,a,15.0,42.18,D,,63.67,A,47.0,30.96,D,37.0,39.91,b,11.0,68.31,C,22.0,23.97,A,92.0,48.46,a,65.0,54.86,b
2956,Leo,Persian ,24,4.47,black ,Female,Yes,Yes,No,TOKYO,dry,Sick,2024/01/05,-7.78,D,50.0,60.86,B,25.0,47.47,D,15.0,50.53,a,79.0,64.35,Unknown,29.0,68.62, ,65.0,2.56,D,22.0,error,D,92.0,54.93,Unknown,23.0,18.98,B,50.0,41.88,C,72.0,33.95,Unknown
2957,Smokey,,2,5.92,black ,,No,No,No,TOKYO,,,,74.58,A,42.0,52.25, ,10.0,34.26,A,39.0,83.29,A,5.0,17.61,Unknown,,17.31,a,87.0,68.08,D,38.0,52.31,D,3.0,49.66,D,,67.33,C,19.0,71.55,A,66.0,26.5,Unknown
2958,Oreo, Persian,6,2.68,Black,,Y,,Unknown,New York,wet,Checkup Needed,2024-01-05,52.16,a,34.0,, ,,54.53,a,21.0,59.69, ,50.0,33.9, ,56.0,34.49,A,12.0,76.69,a,50.0,43.13,A,,47.16, ,10.0,32.4,b,57.0,74.67,C,12.0,68.64,B
2959,Bella,BRITISH SHORTHAIR,23,4.14,Black,F,No,No,,,Wet,,,31.29,a,99.0,68.62,C,15.0,84.82,A,11.0,61.54,b,19.0,56.82,A,63.0,18.07,a,52.0,63.59,A,37.0,49.8,b,97.0,18.29,A,13.0,43.76,C,67.0,91.37,A,49.0,55.36, 
2960,Nala,,16,3.69,Gray,Unknown,No,No,Yes,London,Dry,healthy,05/01/2024,43.84, ,17.0,34.39,B,87.0,60.27,B,72.0,53.18,D,38.0,40.32,D,26.0,52.82,B,87.0,16.2,A,73.0,74.64,B,3.0,83.2,A,56.0,30.74,b,16.0,15.2,Unknown,48.0,35.01,Unknown
2961,Oreo,British Shorthair,3,3.4,Black,Male,Yes,Yes,Yes,TOKYO,wet,,2024-01-05,20.32,b,87.0,35.8,a,91.0,69.34,D,55.0,59.37,b,12.0,55.68,A,82.0,83.04, ,51.0,59.32,B,60.0,32.25,A,43.0,48.8, ,34.0,64.35,Unknown,13.0,70.99,b,0.0,48.85,B
2962,Shadow, Sphynx,5,6.53,Orange,Male,Y,YES,Unknown,Paris,Wet,Sick,Jan 5 2024,31.46,D,69.0,52.36, ,21.0,-0.53,A,30.0,56.72,b,59.0,70.65,a,33.0,21.33,b,44.0,37.33,A,2.0,40.94,b,69.0,49.45, ,9.0,68.44,a,36.0,27.75,Unknown,33.0,57.54,A
2963,Bella,Persian,-1,2.28,black ,female,Y,NO,,New York,Mixed,Checkup Needed,,46.86,b,35.0,10.84,Unknown,98.0,32.24,A,41.0,65.31,B,14.0,59.69,B,33.0,16.06,B,,38.36,C,57.0,51.73, ,86.0,66.59, ,1.0,41.76,b,35.0,49.61,Unknown,15.0,43.96,C
2964,Lucy,persian,15,8.13,White,Female,Y,No,Yes,TOKYO,,,,62.12,Unknown,11.0,43.62,D,29.0,N/A, ,53.0,46.48, ,58.0,43.4,Unknown,12.0,N/A,A,30.0,59.04,a,94.0,75.65,D,65.0,67.69, ,59.0,12.24,C,,42.04,Unknown,49.0,70.15,C
2965,Luna,abyssinian,13,7.19,Black,Male,,Yes,,Paris,Dry,,Jan 5 2024,26.97,b,46.0,80.11,a,38.0,80.72,C,27.0,45.29,D,17.0,67.78,b,65.0,30.36,B,12.0,44.3,C,14.0,61.05,C,7.0,38.75,b,67.0,40.29,b,69.0,28.19,Unknown,19.0,59.01,Unknown
2966,Chloe,,5,2.68,White,male,no,,,,Mixed,,,62.09,C,,21.05,b,12.0,71.45,C,9.0,47.19,C,50.0,43.79,A,48.0,60.0,B,60.0,67.39,A,4.0,100.59,A,7.0,15.03,a,16.0,36.92,a,90.0,12.58,C,32.0,66.81,Unknown
2967,Tiger, Ragdoll,14,4.27, WHITE,F,Y,YES,Yes,TOKYO,,Healthy,2024/01/05,35.32,Unknown,71.0,57.55, ,44.0,35.21, ,13.0,28.21,C,82.0,30.44,a,81.0,96.2,Unknown,85.0,39.55,A,34.0,32.72,D,,72.81,Unknown,40.0,72.31,C,51.0,36.82,b,70.0,56.31,D
2968,Kitty,Maine Coon ,15,5.69, WHITE,F,N,NO,,Toronto,dry,Checkup Needed,,18.74,A,55.0,54.28,Unknown,28.0,52.71,D,29.0,38.03, ,,69.73,a,81.0,59.9,B,,-7.1,C,19.0,67.11,a,83.0,48.62,C,60.0,92.01, ,38.0,56.07,B,76.0,52.24,b
2969,Shadow,,4,2.13,White,female,No,YES,No,Paris,Dry,healthy,Jan 5 2024,62.96,C,24.0,59.74,A,60.0,36.58,C,42.0,37.15,Unknown,12.0,56.09,b,88.0,35.26,Unknown,22.0,51.94,C,96.0,86.18,Unknown,44.0,77.92, ,12.0,34.02,B,,54.36,A,,22.67,D
2970,Lucy,scottish fold,6,2.58,black ,Male,Yes,No,,TOKYO,Dry,,Jan 5 2024,43.22,C,12.0,77.88,A,48.0,13.74,b,25.0,37.66,C,54.0,25.42,D,8.0,85.8, ,,48.73,A,42.0,47.15,B,47.0,62.55,Unknown,17.0,91.18,C,25.0,48.02,C,13.0,14.72,D
2971,Milo,SIAMESE,4,5.23,White,female,Y,NO,Unknown,TOKYO,Wet,,,34.05,B,40.0,36.46,B,65.0,86.35,C,92.0,83.44,a,85.0,74.91,A,60.0,40.77,D,33.0,86.21,B,7.0,91.15, ,,61.67,Unknown,82.0,56.12,a,58.0,61.45,C,10.0,59.28,a
2972,Loki,Maine Coon ,24,3.84,Orange,M,no,,,Toronto,Dry,SICK,05/01/2024,66.45, ,,-5.13,D,86.0,46.25,D,61.0,28.54,Unknown,63.0,31.82,Unknown,35.0,76.6,C,1.0,51.79,C,37.0,35.67,A,57.0,50.24,Unknown,58.0,57.47,A,6.0,18.18, ,35.0,38.01,b
2973,Chloe,bengal,21,4.96,White,male,,NO,No,Paris,dry,healthy,2024-01-05,51.12,Unknown,6.0,-7.63,A,87.0,52.45,b,40.0,71.77,b,66.0,123.57, ,22.0,67.24,B,37.0,24.64, ,5.0,47.49,b,76.0,74.82,a,46.0,40.68,Unknown,22.0,55.61,C,10.0,51.31,C
2974,Simba,Maine Coon,21,2.23,,Female,no,NO,Yes,London,Wet,,2024/01/05,19.53,b,69.0,80.08,D,11.0,20.73,a,88.0,71.87,a,,33.73,a,14.0,33.57,D,51.0,61.63, ,69.0,50.84,b,7.0,37.99,a,12.0,62.79,A,,20.14,C,9.0,51.02,a
2975,Bella, Persian,0,0.67,Brown,male,,NO,No,New York,,SICK,Jan 5 2024,53.23,A,27.0,42.93,B,,74.84,a,,49.66,a,1.0,52.26,b,18.0,27.31,D,31.0,70.98,A,89.0,75.28,a,37.0,55.82,A,49.0,93.39,D,32.0,N/A,A,54.0,83.61,B
2976,Oliver,SPHYNX,3,4.64,Mixed,F,No,NO,Unknown,Sydney,wet,Checkup Needed,2024-01-05,78.67,a,52.0,63.39, ,0.0,69.6,A,16.0,29.58,b,38.0,52.52,B,79.0,55.63,A,26.0,40.0,Unknown,,28.18, ,,38.71,Unknown,60.0,50.27,C,93.0,32.82,B,89.0,53.13,b
2977,Chloe,Abyssinian,2,1.95,White,Female,no,NO,,New York,wet,Checkup Needed,Jan 5 2024,41.61,b,59.0,16.54, ,65.0,24.46,b,,42.36,a,71.0,53.53,b,20.0,44.48,Unknown,28.0,56.49,C,75.0,51.92,a,76.0,59.32,B,2.0,49.11,Unknown,28.0,42.86, ,97.0,40.03,b
2978,Kitty, British Shorthair,0,2.56,Brown,Male,Yes,No,Yes,Sydney,Mixed,Healthy,,79.82,C,59.0,39.93, ,0.0,96.85, ,19.0,33.63,A,28.0,41.42,B,1.0,88.39,Unknown,71.0,62.69,Unknown,88.0,51.86,b,78.0,39.32, ,5.0,55.41,A,17.0,56.66,b,96.0,94.03,a
2979,Loki,Maine Coon,11,3.57,Orange,Male,N,NO,Unknown, london,Wet,,Jan 5 2024,unknown,D,,11.57,D,,55.01, ,65.0,58.13,Unknown,24.0,47.13,b,2.0,23.62,B,19.0,75.77,Unknown,92.0,33.86,B,5.0,57.74, ,82.0,58.36, ,68.0,68.42,A,10.0,58.79,C
2980,Lucy,Unknown,15,7.36, WHITE,Female,Y,NO,Unknown,Paris,dry,healthy,2024/01/05,36.32,A,84.0,55.76,a,12.0,84.81,b,73.0,7.41, ,72.0,25.44,D,27.0,16.42,a,37.0,36.64,D,21.0,34.63,a,80.0,40.43,C,98.0,50.34, ,80.0,63.02,A,30.0,52.1,b
2981,Simba,Persian ,23,5.98,black ,M,Y,YES,No,,Dry,SICK,05/01/2024,31.34,a,50.0,44.68,C,30.0,57.67,a,35.0,70.88,a,91.0,12.66,b,4.0,58.06,b,36.0,53.21,a,66.0,41.43,A,95.0,unknown,C,45.0,22.31,b,32.0,36.9,D,30.0,51.67,a
2982,Tiger,BRITISH SHORTHAIR,4,1.48,Orange,M,Yes,NO,No,Toronto,Dry,SICK,2024-01-05,29.49,b,23.0,60.46,a,93.0,69.69,C,29.0,76.57,C,75.0,72.41,D,56.0,16.17,a,77.0,40.13,B,50.0,0.03,b,86.0,41.89,C,30.0,26.83,Unknown,14.0,38.91,b,45.0,46.1,D
2983,Leo,,8,6.45,Black,Unknown,no,YES,Unknown,TOKYO,,Sick,05/01/2024,68.08,A,,41.64,a,55.0,51.79, ,96.0,24.87,b,64.0,34.82,Unknown,98.0,109.24,b,,86.13, ,40.0,53.24,Unknown,68.0,64.89,A,99.0,17.01,A,69.0,55.8,a,19.0,62.97,a
2984,Kitty,Ragdoll,17,3.43,Gray,,no,YES,Yes, london,Mixed,Healthy,Jan 5 2024,45.19,D,19.0,N/A,b,5.0,85.16,a,30.0,64.67,B,9.0,8.83,C,32.0,53.56,D,91.0,30.19,A,94.0,32.82,b,66.0,49.06,b,64.0,56.92,a,71.0,65.69,C,58.0,49.33,Unknown
2985,Lucy,Unknown,11,5.69,Gray,F,Y,No,Yes,Berlin,wet,Healthy,05/01/2024,73.64,A,99.0,48.74,b,,3.99,a,87.0,41.44,a,39.0,43.16,D,85.0,52.46,B,58.0,44.48, ,18.0,44.12,A,33.0,99.78,b,22.0,30.18,A,74.0,46.55,b,86.0,58.46, 
2986,Lucy,abyssinian,13,5.71,Gray,male,no,NO,Yes,Paris,,Healthy,,36.9,D,62.0,4.83,C,24.0,47.81,D,12.0,29.43,Unknown,72.0,36.73,D,15.0,72.47,D,2.0,26.89,b,43.0,43.67,Unknown,78.0,77.88,A,9.0,64.43,B,71.0,35.46,D,,28.81,B
2987,Simba, Sphynx,18,4.82,black ,F,Yes,NO,Yes,London,Mixed,Checkup Needed,,54.55,b,,51.76,D,71.0,16.41,a,46.0,34.92,B,44.0,57.04,B,97.0,26.02,b,66.0,83.48,A,30.0,45.51,C,65.0,47.47,B,28.0,29.18,D,22.0,74.15,A,,88.4,a
2988,Lucy, Persian,19,6.66,Gray,Female,N,No,,New York,Mixed,Checkup Needed,,45.55,C,77.0,-4.02,a,27.0,49.4,b,85.0,64.65,D,0.0,49.13,C,90.0,65.22,b,79.0,29.8,Unknown,98.0,30.63,C,,58.73,b,86.0,58.42,C,17.0,48.38,B,52.0,72.71,D
2989,Luna, Scottish Fold,13,3.65,Orange,female,,Yes,Unknown,London,,Checkup Needed,,27.45,Unknown,68.0,56.24, ,71.0,66.72,B,12.0,52.54,D,26.0,54.11,Unknown,64.0,49.1,a,16.0,57.25,A,66.0,56.45,C,54.0,32.05,b,62.0,42.91,D,61.0,22.1,B,3.0,53.8,C
2990,Kitty,,20,5.68,,female,yes,YES,No,,Wet,Sick,2024-01-05,22.68,D,16.0,49.16,a,40.0,26.18,a,25.0,60.89,D,20.0,42.76, ,13.0,61.9,D,83.0,52.42,D,82.0,41.99,B,52.0,-1.22,A,49.0,67.82,a,22.0,40.56,C,75.0,39.58,b
2991,Loki,Unknown,1,4.22,White,male,no,Yes,No,Berlin,Mixed,healthy,Jan 5 2024,65.63,D,96.0,51.6,Unknown,83.0,51.83, ,62.0,80.37, ,70.0,36.68,b,47.0,47.27,D,,42.67,D,36.0,64.11,B,,34.61,Unknown,32.0,48.35,Unknown,52.0,44.63,a,29.0,48.62, 
2992,Oliver,,13,5.67,White,male,Yes,,,Sydney,,SICK,2024-01-05,N/A, ,86.0,54.81,b,9.0,91.3, ,67.0,48.38, ,0.0,67.91,A,91.0,51.89,a,53.0,63.45,D,84.0,42.91,Unknown,73.0,62.69,Unknown,24.0,72.16,b,48.0,70.35,a,7.0,71.9,D
2993,Lucy,Abyssinian ,5,2.61,Gray,M,Yes,,Yes,Berlin,Dry,Sick,2024/01/05,39.03,B,32.0,40.06,D,58.0,77.36,Unknown,7.0,54.08,D,1.0,58.43, ,86.0,45.85,C,32.0,44.75,b,,61.15,Unknown,19.0,47.26,C,59.0,87.2,A,99.0,32.25,A,76.0,39.57,Unknown
2994,Leo,Siamese ,6,4.67,Gray,male,Yes,No,No,Berlin,Mixed,healthy,,50.16,C,4.0,56.57, ,98.0,43.37,A,87.0,49.34,Unknown,16.0,23.87,b,81.0,63.09,A,8.0,32.43,Unknown,7.0,66.63,C,62.0,58.07,B,48.0,20.51,C,69.0,54.12,b,10.0,24.03, 
2995,Oliver,Unknown,2,3.79,Orange,male,Yes,No,,Toronto,Mixed,Sick,,53.1,B,58.0,71.62,B,88.0,34.42,Unknown,48.0,12.29,Unknown,,60.35,b,10.0,36.49,a,12.0,45.38,Unknown,25.0,58.11,Unknown,,45.32, ,10.0,55.01, ,17.0,66.41,C,79.0,55.65,Unknown
2996,Chloe, Abyssinian,15,6.72,Mixed,M,no,YES,Unknown,TOKYO,Dry,SICK,,43.3,b,64.0,51.52,D,88.0,60.35,B,54.0,18.26,C,45.0,44.82, ,98.0,82.57,a,87.0,N/A,b,45.0,64.78,B,78.0,30.39,B,,60.97,a,75.0,88.3,D,62.0,66.92, 
2997,Luna,RAGDOLL,10,2.9,Gray,Male,yes,Yes,,Berlin,Mixed,Checkup Needed,,51.71,B,60.0,60.79,Unknown,22.0,80.17,B,44.0,55.16,B,75.0,19.0, ,63.0,74.28, ,72.0,35.69, ,,71.16,D,89.0,58.41,b,73.0,80.71,A,13.0,35.94,C,23.0,36.3,Unknown
2998,Smokey,Unknown,12,5.0, WHITE,female,Yes,NO,Yes,TOKYO,Mixed,Checkup Needed,,36.92,B,6.0,71.47,A,94.0,39.17,B,40.0,16.16,a,16.0,35.16,b,64.0,72.9,D,38.0,48.95, ,56.0,75.3,Unknown,40.0,74.31,a,19.0,44.45,D,15.0,74.23,b,82.0,54.9,b
2999,Shadow,PERSIAN,7,5.06, WHITE,female,,NO,Yes,New York,Dry,,,59.03,A,41.0,81.43,b,26.0,61.66,Unknown,92.0,49.09,Unknown,88.0,29.02,a,57.0,62.89,D,,11.51, ,77.0,79.12,B,71.0,52.07, ,20.0,32.04,a,69.0,63.81,b,88.0,56.99,B
3000,Bella,Sphynx,2,6.09, WHITE,male,Y,,Unknown,,dry,,2024-01-05,55.38,b,80.0,51.26, ,29.0,17.7,B,66.0,59.97, ,47.0,22.85,b,74.0,60.52,Unknown,31.0,11.14,C,5.0,83.25,D,81.0,14.92,Unknown,22.0,64.95,A,76.0,36.48,A,63.0,54.24,C
3001,Nala,Maine Coon,21,5.91,black ,Unknown,No,YES,No,TOKYO,Wet,Checkup Needed,2024/01/05,77.94,Unknown,11.0,48.42, ,41.0,error,b,64.0,84.67,C,52.0,66.18,a,30.0,31.35,B,55.0,54.86,b,44.0,45.54,b,57.0,71.2,b,29.0,37.7,B,23.0,53.66,A,17.0,62.98,C
3002,Milo,,1,3.91,Gray,M,Y,No,,Berlin,dry,Sick,,49.45,a,61.0,47.57, ,92.0,76.6, ,70.0,54.33,a,94.0,73.22,B,57.0,20.44,b,31.0,-3.69,A,58.0,36.52,B,22.0,error, ,73.0,50.18,Unknown,18.0,39.34,Unknown,97.0,102.08,a
3003,Luna, Persian,16,3.53,White,M,No,YES,No, london,wet,SICK,,error,a,24.0,74.89,b,17.0,60.46,a,2.0,35.79,D,44.0,76.58, ,13.0,19.79,C,29.0,74.45,a,68.0,25.04,a,97.0,24.1, ,25.0,13.82, ,65.0,unknown, ,94.0,20.51,A
3004,Smokey,RAGDOLL,12,6.99,White,female,N,NO,,Sydney,dry,healthy,05/01/2024,,b,88.0,23.45,b,78.0,60.35,b,64.0,49.08,B,72.0,46.38,Unknown,64.0,54.79,B,2.0,96.62,b,96.0,51.39, ,,19.87,A,,21.98,a,,-3.9,a,65.0,69.16,D
3005,Smokey,british shorthair,5,2.73,White,Male,No,No,No, london,Wet,SICK,,58.36,A,38.0,4.01,A,29.0,29.91,D,55.0,59.99,B,62.0,73.43, ,34.0,99.39,D,17.0,52.46,Unknown,16.0,57.76,Unknown,96.0,23.94,C,78.0,27.46,D,,35.54,Unknown,,12.18,Unknown
3006,Shadow,Unknown,18,3.69, WHITE,male,No,YES,Unknown,Tokyo,Wet,Sick,2024-01-05,68.04,Unknown,26.0,72.04,b,35.0,11.35, ,99.0,40.53,a,9.0,6.25,A,3.0,62.87,D,63.0,32.99,A,52.0,58.36,a,26.0,46.0,b,66.0,66.76,A,89.0,43.72,D,61.0,64.95,Unknown
3007,Oreo,abyssinian,2,25.259999999999998,Brown,male,No,Yes,, london,Mixed,Healthy,2024/01/05,33.66,B,37.0,83.33,a,96.0,53.51,a,65.0,49.13,b,39.0,40.0,b,45.0,61.28,A,45.0,28.33,B,56.0,46.09,A,36.0,38.92,C,,23.34,D,,41.68,b,35.0,59.9,Unknown
3008,Lucy, Maine Coon,6,2.58,black ,female,N,No,No,New York,,Sick,05/01/2024,46.82,B,12.0,53.44,b,33.0,65.25,C,92.0,47.85,Unknown,13.0,101.77,a,57.0,45.06,A,69.0,52.27,C,58.0,43.11,B,80.0,77.41,A,34.0,62.87,a,98.0,52.38,b,8.0,34.98,B
3009,Bella,BENGAL,14,3.64,black ,Unknown,yes,NO,Unknown,London,wet,healthy,,40.21,B,20.0,38.87,a,44.0,51.9,D,87.0,41.49,D,88.0,51.12, ,15.0,34.63,C,89.0,71.67,a,30.0,58.91, ,88.0,57.99,D,29.0,36.96,C,67.0,49.6,A,64.0,63.65,b
3010,Lucy,Abyssinian ,5,4.25,Black,Male,yes,NO,Unknown,Paris,Wet,Healthy,Jan 5 2024,85.54, ,69.0,61.71,C,26.0,72.35,a,43.0,unknown, ,,44.36,C,89.0,22.25, ,25.0,91.93,b,7.0,44.85,b,90.0,45.15,b,13.0,41.01,b,54.0,28.7,Unknown,83.0,67.17,C
3011,Lucy,Persian,11,3.33,White,,No,No,No,Berlin,Mixed,Checkup Needed,Jan 5 2024,85.37,A,6.0,8.74,C,49.0,41.47,D,92.0,39.79, ,42.0,56.89, ,59.0,65.15,C,,64.85,A,81.0,42.43,Unknown,87.0,39.51, ,33.0,54.76, ,23.0,47.11,a,98.0,46.04,b
3012,Oreo,Bengal,21,3.89, WHITE,Female,N,YES,Unknown,Paris,Dry,healthy,2024-01-05,45.11,D,71.0,error,a,77.0,31.55,b,90.0,66.75,B,80.0,41.92,A,55.0,59.72, ,82.0,77.17,C,60.0,35.77,a,47.0,48.2,D,96.0,55.97,a,57.0,56.59,D,76.0,79.09,B
3013,Shadow,,9,4.35,Mixed,Unknown,N,YES,Unknown,Sydney,,Checkup Needed,,26.34,b,10.0,40.31, ,92.0,41.12,D,4.0,35.92,b,79.0,46.57,Unknown,47.0,22.81,a,57.0,43.27,a,13.0,59.87, ,75.0,27.29,a,35.0,36.59,a,88.0,6.84,Unknown,96.0,40.69,A
3014,Lucy, Sphynx,6,6.62,Orange,Female,no,NO,,London,,SICK,2024/01/05,27.75, ,68.0,56.86, ,14.0,37.61,C,84.0,45.4,b,78.0,47.99,A,,31.28,A,99.0,18.47,a,20.0,43.02,C,96.0,7.96,b,98.0,20.98,B,4.0,40.19,B,23.0,82.34,Unknown
3015,Chloe,SPHYNX,19,3.89,black ,Male,N,,Unknown,TOKYO,,,2024/01/05,43.64,B,89.0,92.09,Unknown,9.0,54.63, ,42.0,52.26,A,50.0,50.27,Unknown,62.0,29.84,b,15.0,45.14,a,,26.27,Unknown,71.0,74.45,A,26.0,19.4,C,28.0,23.42,D,47.0,79.19,A
3016,Oliver,ABYSSINIAN,13,3.93,,F,,YES,No,Berlin,wet,Sick,2024-01-05,9.77,C,27.0,56.03,D,81.0,67.77,B,11.0,65.8,a,73.0,85.37,Unknown,43.0,64.87,b,91.0,54.66,a,53.0,80.33,A,8.0,45.13,B,51.0,55.91,C,36.0,63.44,C,47.0,50.29,a
3017,Smokey,ragdoll,-2,4.85,,Unknown,no,Yes,Yes,TOKYO,Mixed,Healthy,2024-01-05,46.58,A,,76.69,Unknown,44.0,57.22, ,,28.25,a,89.0,10.9,b,28.0,53.36,D,27.0,39.31,A,23.0,71.58,a,53.0,48.65,D,78.0,59.84,a,20.0,51.16,A,83.0,64.75, 
3018,Milo,Unknown,-2,6.45,Gray,female,yes,,Yes, london,wet,healthy,2024/01/05,43.86,A,99.0,80.58,C,14.0,70.45,a,88.0,79.71,B,5.0,37.43,D,,36.31, ,30.0,33.32, ,,3.2,b,53.0,33.8,B,27.0,25.64,A,71.0,70.61,C,80.0,50.57, 
3019,Lucy,Scottish Fold ,7,-0.0,,Female,,No,Yes, london,,Sick,,58.43,D,91.0,69.79,D,63.0,49.65,B,11.0,43.27,a,1.0,61.58,A,4.0,52.82,B,27.0,62.64,Unknown,,41.03,a,,57.12,C,45.0,50.3,D,75.0,55.98,B,67.0,36.73,C
3020,Chloe,,22,4.75,Gray,Female,No,,Yes,Tokyo,Wet,SICK,2024-01-05,40.35,B,46.0,8.75,b,99.0,41.24,A,73.0,23.36,D,69.0,35.23,A,36.0,0.38,D,42.0,35.63,B,10.0,31.87,A,,91.07,a,74.0,49.85, ,89.0,46.04,a,53.0,35.84,b
3021,Leo,siamese,9,5.0,White,,N,Yes,Yes,New York,wet,Sick,05/01/2024,75.7,A,39.0,35.24,B,45.0,71.07, ,32.0,64.29,a,54.0,38.41,B,,34.6,B,83.0,65.01,D,43.0,22.02,A,39.0,70.43,D,,6.55,B,90.0,65.29,a,7.0,40.05,b
3022,Tiger,MAINE COON,21,6.95,Black,male,N,Yes,Yes,Berlin,dry,Sick,Jan 5 2024,48.16,a,32.0,55.6,B,,28.26,C,73.0,58.24,a,44.0,49.94,a,32.0,32.25,a,78.0,39.48,B,24.0,47.41,Unknown,30.0,44.18,C,,27.55,C,36.0,26.67,A,,40.76,B
3023,Luna,british shorthair,22,4.61,Black,male,N,No,No,TOKYO,dry,,,69.24,C,13.0,56.51,Unknown,57.0,62.01,B,91.0,68.43,b,77.0,81.3,D,91.0,55.05,D,37.0,41.91,Unknown,73.0,55.95,B,86.0,35.25,Unknown,72.0,71.35,B,11.0,2.96,C,,66.65,A
3024,Lucy,ABYSSINIAN,0,3.25,,Unknown,yes,,Unknown,TOKYO,Dry,Healthy,Jan 5 2024,45.33,C,56.0,28.73,D,63.0,32.4,b,,59.33,D,57.0,92.62, ,81.0,42.78, ,17.0,24.37,D,15.0,47.34,B,61.0,57.6,B,97.0,71.01,a,,57.03,B,77.0,80.58,A
3025,Smokey,Unknown,18,5.2,Gray,,yes,NO,No,Sydney,Dry,healthy,2024/01/05,,D,98.0,64.47,D,53.0,30.98,a,5.0,47.17,C,7.0,57.54,C,76.0,50.38,b,84.0,67.67,D,,30.34,a,65.0,28.27, ,64.0,55.33,Unknown,86.0,65.46,A,73.0,44.8,a
3026,Kitty,RAGDOLL,20,2.72, WHITE,M,N,YES,Yes, london,Mixed,Sick,Jan 5 2024,58.01,Unknown,51.0,63.67,a,,72.65,B,36.0,38.37, ,30.0,44.02,A,10.0,95.05,C,66.0,78.16,A,31.0,39.98, ,16.0,45.77,Unknown,37.0,37.14, ,46.0,43.02,A,18.0,-1.48,C
3027,Luna,,-2,5.16,Black,Male,yes,NO,Yes,New York,wet,Healthy,2024-01-05,62.5,Unknown,4.0,67.36, ,84.0,53.87,A,59.0,109.58, ,18.0,40.5,C,91.0,64.82,C,50.0,42.37,A,44.0,37.43,D,44.0,29.51,a,22.0,62.57,D,18.0,26.25,B,82.0,55.94, 
3028,Simba,Persian ,5,2.66,White,F,Y,Yes,,Tokyo,Dry,Healthy,05/01/2024,error,C,11.0,35.39,D,1.0,42.96,D,44.0,67.98,b,27.0,69.29,a,1.0,69.91,B,26.0,44.95,C,20.0,51.03,b,66.0,28.28,a,74.0,77.72, ,4.0,55.27,a,25.0,1.52,A
3029,Shadow,Unknown,22,4.45,Orange,Unknown,No,,Yes,TOKYO,wet,,,36.28,Unknown,58.0,48.1,B,15.0,37.65,A,87.0,34.14,b,45.0,67.62,a,49.0,47.23,A,93.0,72.28,a,,19.66,C,81.0,46.3,B,73.0,53.28,b,61.0,55.43,C,76.0,48.47,Unknown
3030,Leo,Unknown,19,5.56, WHITE,F,yes,No,Unknown,Toronto,,,2024/01/05,21.69,Unknown,44.0,37.09,b,55.0,25.41, ,88.0,66.62,B,4.0,75.08,Unknown,98.0,52.49,D,65.0,77.33, ,72.0,27.49,a,,58.64,b,18.0,51.77,b,43.0,39.29,b,,21.54,B
3031,Lucy,Siamese ,18,0.88,,female,yes,Yes,No,New York,wet,healthy,2024-01-05,43.82,B,56.0,-13.41,D,14.0,69.03,C,49.0,100.23,B,5.0,13.88,A,73.0,9.13,b,,61.48, ,42.0,49.34,a,29.0,61.18,C,,53.43,D,,84.37,a,47.0,43.15,B
3032,Nala, British Shorthair,17,6.74,Black,F,N,YES,No,London,Mixed,Sick,2024/01/05,42.74,b,20.0,39.18,b,,53.1,C,73.0,33.31,A,20.0,25.61,C,,81.39,D,11.0,63.08,B,67.0,34.25,a,69.0,42.08,b,34.0,52.73,a,85.0,38.72,a,50.0,94.6,b
3033,Loki,Unknown,23,1.91, WHITE,F,yes,NO,,Paris,Mixed,Sick,,62.73,Unknown,26.0,39.5,C,29.0,28.7,A,68.0,79.07,B,5.0,45.4,A,79.0,72.76,a,,38.35,Unknown,68.0,60.65,B,75.0,68.13,A,27.0,61.54,C,3.0,74.42,Unknown,85.0,21.64, 
3034,Loki,Unknown,13,4.91,Mixed,Unknown,No,,No,TOKYO,wet,Healthy,,30.35,C,35.0,14.18, ,85.0,66.3, ,97.0,unknown,b,,45.86,D,21.0,51.26,C,72.0,55.16,D,29.0,84.68,D,9.0,81.17,C,59.0,61.92,Unknown,,66.02,D,53.0,15.86,b
3035,Smokey,,3,6.14,Brown,,Y,Yes,Yes,Paris,Dry,Checkup Needed,,57.31,B,20.0,38.24,D,76.0,69.64,Unknown,53.0,44.47,B,38.0,56.54,C,8.0,81.4,a,21.0,58.42,A,,24.25,C,,65.01,B,93.0,67.24, ,4.0,38.37,Unknown,34.0,53.36,a
3036,Bella, Maine Coon,22,6.02,Mixed,female,Y,,Unknown,Berlin,wet,Healthy,Jan 5 2024,15.62,a,38.0,48.93,b,,66.47,A,57.0,54.52,D,23.0,14.38,a,50.0,36.64,D,67.0,44.47,Unknown,23.0,16.98,Unknown,50.0,40.77,Unknown,17.0,36.5, ,57.0,56.75,b,57.0,86.31, 
3037,Milo, Maine Coon,17,6.22,Orange,,N,Yes,Yes,Paris,wet,Sick,05/01/2024,84.82,A,,47.03,A,96.0,58.83,D,58.0,74.66,B,42.0,68.48,Unknown,25.0,N/A,B,,49.71,B,90.0,81.43,B,76.0,10.54,C,,46.62,b,22.0,30.81,a,87.0,16.42,D
3038,Kitty,Abyssinian,21,4.6,Brown,F,No,NO,No,New York,,SICK,2024/01/05,49.03,B,1.0,41.12,A,64.0,41.5, ,88.0,41.84,Unknown,54.0,45.42, ,77.0,66.27,B,0.0,58.79,A,44.0,57.13,a,64.0,7.62,D,71.0,69.93,A,23.0,47.32,C,87.0,36.22, 
3039,Nala, Ragdoll,8,4.37,black ,Unknown,Yes,NO,Unknown,TOKYO,Mixed,Healthy,Jan 5 2024,62.63,A,67.0,20.83,B,,48.77,D,36.0,74.31,C,82.0,35.74, ,90.0,26.6, ,29.0,38.49,A,39.0,64.3,a,68.0,58.65,C,26.0,49.33, ,45.0,51.68,Unknown,78.0,71.58,b
3040,Kitty,SPHYNX,11,7.69,,Unknown,Y,No,,TOKYO,wet,SICK,2024-01-05,65.7,A,1.0,72.39,a,83.0,31.7,B,91.0,102.41, ,54.0,95.71,a,51.0,42.05,A,66.0,55.79,D,63.0,20.68,Unknown,36.0,51.07,a,7.0,31.24, ,48.0,49.22, ,55.0,59.38,a
3041,Chloe,Maine Coon,10,4.92,,female,no,Yes,Unknown,TOKYO,dry,Checkup Needed,Jan 5 2024,42.07, ,4.0,43.88,a,58.0,64.93,b,5.0,26.14,Unknown,12.0,31.07, ,8.0,70.92,B,16.0,34.0,b,,39.85,Unknown,12.0,67.2,D,71.0,63.0,D,32.0,35.27,a,70.0,44.33,A
3042,Milo,Scottish Fold ,20,6.22, WHITE,male,Y,Yes,Unknown,Sydney,,Sick,2024/01/05,61.34, ,,24.68,C,40.0,71.16,D,24.0,31.99,Unknown,88.0,46.61,C,67.0,25.19,b,36.0,61.83,B,72.0,42.5,C,48.0,62.71,a,78.0,63.43,D,,36.2,B,18.0,52.2,Unknown
3043,Loki,,1,3.81,Gray,Unknown,N,YES,Unknown,Tokyo,dry,Sick,,63.31,D,5.0,50.44,a,46.0,72.86,Unknown,54.0,50.04,Unknown,27.0,44.83,b,55.0,10.93,A,29.0,14.78,Unknown,26.0,5.99, ,,16.21,A,9.0,15.86,C,99.0,50.72,C,71.0,74.02,A
3044,Loki,Bengal ,23,6.47,Brown,female,No,Yes,,TOKYO,wet,Sick,05/01/2024,57.2,a,96.0,7.42,B,18.0,29.77,B,14.0,61.05,a,97.0,29.0,b,99.0,62.6,A,15.0,80.99,A,76.0,71.17,C,65.0,45.05,Unknown,,53.64,D,60.0,55.61,C,16.0,51.16,Unknown
3045,Lucy,,-1,3.02,Mixed,female,,YES,No,,Dry,Sick,,55.71,D,63.0,58.53,B,70.0,66.81,a,97.0,58.89,Unknown,75.0,35.41,C,76.0,100.46,B,46.0,74.03,Unknown,6.0,36.11,A,89.0,69.04,C,62.0,82.15,b,29.0,49.58, ,7.0,56.65,D
3046,Tiger, Bengal,19,6.05,White,female,Y,NO,,Sydney,Wet,healthy,2024-01-05,-9.86,Unknown,19.0,48.34, ,71.0,56.08,A,64.0,67.92, ,78.0,60.71, ,94.0,19.04,Unknown,10.0,47.31,a,11.0,60.46,D,,81.33,B,20.0,error,D,71.0,8.52,D,65.0,49.44,a
3047,Tiger, Abyssinian,0,4.85,Mixed,M,Y,NO,No,Sydney,Wet,Sick,Jan 5 2024,96.07,B,75.0,36.74,C,20.0,53.71,C,87.0,46.9,A,10.0,50.22, ,56.0,77.75,C,61.0,69.36, ,88.0,84.24,B,6.0,82.38,Unknown,89.0,56.51,B,61.0,23.38,A,,50.64,C
3048,Shadow,Maine Coon ,4,7.69,Mixed,Male,N,Yes,,TOKYO,wet,Checkup Needed,,62.14,b,36.0,83.66,Unknown,,-2.38,Unknown,41.0,81.2,a,18.0,40.7, ,51.0,7.26,a,0.0,59.75,D,61.0,65.11, ,28.0,16.9,A,20.0,68.89,C,,51.88,D,88.0,89.4,A
3049,Nala,Abyssinian,22,3.09,Black,Male,,Yes,Unknown, london,wet,SICK,05/01/2024,62.3, ,,62.31,b,64.0,67.86,D,59.0,67.69,D,22.0,47.47,B,40.0,17.48,C,89.0,73.58,a,88.0,55.44,A,0.0,43.73,b,58.0,63.72,C,22.0,63.44,A,6.0,60.98,D
3050,Kitty,BENGAL,15,7.15,Gray,Unknown,Y,YES,No,Sydney,Wet,Checkup Needed,2024-01-05,43.12,C,71.0,67.05,b,40.0,43.14,B,34.0,39.07,C,76.0,56.14,B,62.0,45.03,C,98.0,43.3,A,12.0,55.45,b,53.0,N/A,A,,25.54,D,50.0,77.19,b,31.0,61.52,A
3051,Oreo,abyssinian,11,4.11,Gray,,Y,NO,Yes,Berlin,,Sick,2024/01/05,46.7,b,43.0,33.06,B,27.0,58.93,B,2.0,51.87,b,69.0,45.17,D,99.0,71.99,a,83.0,58.91,Unknown,,54.64,Unknown,,13.37,b,2.0,75.2,B,9.0,58.2, ,80.0,27.34,Unknown
3052,Smokey,Sphynx,7,2.79,Orange,Female,yes,,No,Tokyo,Wet,SICK,2024-01-05,40.6,a,13.0,44.68,A,27.0,61.21,D,41.0,73.73,B,39.0,10.72,B,60.0,80.56,A,89.0,54.39,b,61.0,64.05,B,18.0,43.27,C,62.0,40.24,D,77.0,72.88,a,23.0,70.32,D
3053,Oliver,ABYSSINIAN,7,7.51,Gray,F,no,No,,Sydney,,Sick,2024-01-05,63.47, ,4.0,48.79,B,35.0,19.19,A,,68.21,C,27.0,40.1,b,,81.62,C,76.0,29.76,a,,65.35,D,4.0,38.59,C,74.0,68.6,a,94.0,55.09,a,,28.09,B
3054,Leo, Sphynx,23,4.12,White,Male,no,,, london,Dry,Sick,Jan 5 2024,32.97,B,87.0,51.11, ,3.0,41.92,C,70.0,68.05,b,,43.49,a,50.0,16.81, ,96.0,24.17,A,50.0,42.51,A,70.0,83.24,D,80.0,68.3,B,20.0,88.64,A,11.0,31.37,b
3055,Nala,Maine Coon,3,5.86, WHITE,M,Yes,No,No,Paris,,healthy,05/01/2024,38.03,b,89.0,59.46,a,99.0,99.98,D,,20.85,D,,27.44,D,30.0,,a,,27.7,A,12.0,17.37,A,97.0,43.71, ,48.0,30.19,A,36.0,38.93,b,65.0,61.37,C
3056,Luna,Bengal ,12,2.49,Black,female,Yes,Yes,No,Toronto,,Sick,,48.28,Unknown,21.0,81.18,b,95.0,72.57,A,24.0,22.33,A,91.0,46.0, ,33.0,60.29,a,5.0,77.87, ,,32.77,b,67.0,50.31, ,43.0,51.03,B,28.0,8.43, ,36.0,77.05,D
3057,Bella,,13,5.63,Gray,female,No,Yes,Unknown,TOKYO,dry,SICK,,28.92,b,86.0,46.02,a,34.0,55.4,B,49.0,75.81,a,80.0,49.34,Unknown,67.0,48.1,C,39.0,27.9, ,96.0,38.77,Unknown,15.0,53.34,C,88.0,44.91, ,,69.56,a,,36.33,a
3058,Nala, Bengal,5,3.36,White,female,,YES,No,Paris,,,2024-01-05,31.56, ,93.0,48.28,D,11.0,15.35, ,15.0,17.61,D,5.0,68.38,B,20.0,54.49, ,97.0,32.09,b,33.0,27.55,Unknown,95.0,66.28,C,83.0,74.34,b,42.0,79.57,C,,52.64,A
3059,Simba,Sphynx,24,3.59,black ,Female,Y,,,TOKYO,wet,Checkup Needed,2024/01/05,7.81,a,9.0,52.46, ,27.0,64.23,Unknown,67.0,47.23,B,77.0,54.18,a,7.0,41.55,b,16.0,50.4,C,,42.34,Unknown,13.0,42.67,Unknown,53.0,32.81,C,47.0,17.13,C,0.0,30.88,b
3060,Tiger, Persian,20,5.03,White,M,,,Unknown,Berlin,dry,SICK,Jan 5 2024,45.64,A,17.0,30.97,A,,51.33,a,5.0,61.58,A,0.0,15.56,b,99.0,57.63,b,1.0,28.8,a,72.0,56.04,a,8.0,55.85,D,17.0,64.52, ,68.0,32.19,C,56.0,67.54,Unknown
3061,Bella,British Shorthair ,2,3.3, WHITE,Male,,NO,Unknown,,dry,healthy,2024/01/05,52.85,D,38.0,21.54,D,41.0,64.59,C,27.0,20.99,B,93.0,54.67,Unknown,57.0,64.3,B,21.0,28.75, ,31.0,69.2,a,22.0,80.21, ,53.0,23.35,C,,36.14,C,,27.44, 
3062,Kitty,Unknown,1,4.77,Brown,Female,yes,,Unknown,Toronto,Wet,SICK,2024-01-05,45.08,B,68.0,38.39,D,7.0,109.46,C,89.0,55.63, ,71.0,61.03,A,48.0,45.21, ,0.0,66.22,C,79.0,51.98,B,50.0,32.62, ,10.0,76.3,C,63.0,39.23,Unknown,40.0,26.78,D
3063,Bella,Unknown,22,4.41,,Male,N,Yes,No,Berlin,Mixed,Healthy,,32.57,B,43.0,23.32,Unknown,28.0,60.54,a,58.0,83.9,B,92.0,52.79,D,66.0,83.31,b,53.0,54.65,C,43.0,37.74,D,21.0,39.43, ,53.0,10.24,a,22.0,60.32,A,43.0,31.16,D
3064,Simba,SIAMESE,5,4.76, WHITE,male,N,Yes,,TOKYO,Dry,SICK,Jan 5 2024,60.65,C,,N/A,b,46.0,36.64,C,,56.58,b,25.0,66.12,Unknown,45.0,48.44,A,53.0,24.31,D,38.0,70.15,b,58.0,39.77,D,,45.04,Unknown,79.0,62.37, ,20.0,53.6,A
3065,Lucy,british shorthair,24,4.5,Mixed,M,no,Yes,Unknown,New York,Wet,Sick,05/01/2024,57.01,D,25.0,40.66, ,30.0,67.75,Unknown,33.0,47.62, ,19.0,37.43, ,67.0,61.13,D,50.0,37.59,C,97.0,73.85,D,20.0,62.65,Unknown,7.0,34.83,a,75.0,58.67,a,48.0,49.65,D
3066,Chloe,,24,3.89, WHITE,Unknown,Y,YES,,Toronto,dry,,Jan 5 2024,64.05,B,88.0,63.45,B,12.0,71.15,Unknown,3.0,47.08,a,73.0,60.65,B,,61.22,B,15.0,52.82,D,15.0,22.22,B,31.0,47.78,b,62.0,60.02,A,44.0,53.63,A,,43.41,C
3067,Loki,British Shorthair ,7,5.0,Mixed,Female,No,NO,,Sydney,Mixed,Sick,2024-01-05,53.36,b,24.0,47.95,D,,55.6,a,48.0,41.78,b,45.0,47.86,Unknown,48.0,11.64,b,26.0,44.02,B,5.0,39.9,a,59.0,50.02,b,89.0,19.95,B,,73.86,a,24.0,81.18,A
3068,Lucy,Ragdoll ,7,3.24,Orange,Unknown,Yes,YES,, london,Mixed,SICK,2024-01-05,59.75,A,21.0,62.3,C,61.0,69.65,Unknown,5.0,42.51, ,37.0,78.98,Unknown,6.0,37.8,B,22.0,37.68,b,24.0,45.13,D,35.0,N/A,b,6.0,64.93,D,38.0,71.09,b,24.0,48.14,b
3069,Lucy,Unknown,18,5.5,Orange,female,,,No,Toronto,Mixed,Healthy,2024-01-05,25.74,D,31.0,88.58,Unknown,20.0,76.75,C,54.0,49.92,B,,40.0,a,81.0,39.97,b,5.0,50.95,Unknown,47.0,91.48, ,69.0,78.2,A,81.0,66.76,A,34.0,59.23,a,53.0,27.51, 
3070,Oliver,SIAMESE,21,5.14,White,,Y,,No,Berlin,,Checkup Needed,2024/01/05,48.26,C,68.0,39.2, ,78.0,38.2,B,40.0,76.51, ,6.0,33.46, ,44.0,43.66,A,,70.35,D,34.0,32.63,b,55.0,39.16,b,96.0,46.1,C,98.0,50.92,Unknown,83.0,35.44,D
3071,Kitty,Unknown,5,4.0,Orange,Male,yes,,Yes,New York,dry,SICK,05/01/2024,4.86, ,47.0,43.88,D,56.0,74.39,b,86.0,58.09,C,26.0,50.19,Unknown,47.0,62.75,a,81.0,3.84,a,95.0,48.13,D,48.0,68.42,C,89.0,30.21,Unknown,4.0,61.57,D,69.0,62.23,a
3072,Kitty, Persian,18,5.52,Brown,male,Y,YES,Unknown,Sydney,Wet,Checkup Needed,,41.66,A,50.0,35.15,a,99.0,57.69,C,8.0,31.73,B,33.0,25.03,B,22.0,44.4,D,83.0,48.8,D,52.0,64.24,a,17.0,61.67,D,91.0,58.02,D,61.0,29.36,b,91.0,32.16,b
3073,Nala,BRITISH SHORTHAIR,9,4.78,White,M,yes,,,London,,,Jan 5 2024,69.52,B,,38.69,b,,69.45,Unknown,90.0,98.82,A,83.0,58.99,b,1.0,35.66,A,13.0,33.57,a,6.0,32.84,Unknown,,65.99,Unknown,10.0,66.59,B,28.0,46.0,B,72.0,62.67,Unknown
3074,Smokey,ragdoll,4,4.42,Orange,male,no,NO,Unknown,Tokyo,,Sick,2024/01/05,47.01, ,70.0,52.01, ,9.0,78.73,a,87.0,31.5,B,62.0,49.71, ,81.0,54.24,D,44.0,N/A,a,8.0,32.42,Unknown,43.0,23.15,Unknown,50.0,51.18,C,,31.79,b,25.0,error,D
3075,Milo,Unknown,11,1.52,Mixed,M,,NO,,,wet,Checkup Needed,05/01/2024,35.17,A,5.0,64.82,B,17.0,45.42,a,,58.04,C,60.0,90.35, ,38.0,22.02,B,32.0,35.3,A,,48.36,a,93.0,29.47,A,57.0,52.71,B,48.0,69.89,b,81.0,41.43,B
3076,Luna,Bengal ,0,2.43,Mixed,female,Y,Yes,,,dry,Healthy,2024-01-05,48.83, ,44.0,58.37,B,75.0,32.09,C,86.0,45.43,C,0.0,18.87,D,87.0,68.71,A,90.0,30.84,B,76.0,45.93,D,,22.28,D,85.0,36.12,D,61.0,67.57,b,82.0,84.61,a
3077,Bella,,5,2.03,Mixed,Male,Yes,No,No,New York,Mixed,SICK,,40.67,C,14.0,65.05,B,42.0,12.51,B,58.0,13.56, ,,30.55,a,26.0,56.06,B,65.0,35.5,Unknown,85.0,42.46,B,53.0,52.5,b,51.0,48.46,a,39.0,68.57,D,17.0,52.68,B
3078,Luna,,23,0.11,White,F,,Yes,No,Tokyo,Mixed,healthy,,33.92,B,69.0,31.51,b,45.0,38.49,C,45.0,82.92,A,58.0,34.23,b,3.0,11.51,Unknown,77.0,49.53,Unknown,,38.56,b,97.0,52.06,Unknown,,64.54,Unknown,45.0,34.25,D,17.0,19.42,A
3079,Chloe,bengal,24,3.86,Gray,,no,Yes,No,,Mixed,Checkup Needed,05/01/2024,73.43,A,34.0,2.46,B,30.0,36.37,D,71.0,75.6,B,,31.61,C,35.0,57.88,D,44.0,38.99, ,0.0,28.65,A,12.0,40.54,a,29.0,64.55, ,,72.25,B,51.0,57.53,Unknown
3080,Milo,sphynx,1,6.91,Brown,Male,Yes,NO,No,Sydney,wet,healthy,05/01/2024,18.82,C,3.0,25.52,b,75.0,24.72, ,74.0,47.19,Unknown,4.0,43.54,b,,40.82, ,35.0,46.3,D,0.0,31.82,B,12.0,38.16,A,38.0,21.91,B,17.0,15.02,Unknown,23.0,34.97,C
3081,Smokey, Maine Coon,10,5.1,,Female,N,NO,No,Sydney,wet,SICK,2024/01/05,57.21,a,37.0,55.89,B,26.0,48.12,D,38.0,52.2,b,82.0,16.95,D,14.0,53.86, ,22.0,46.4,C,42.0,70.99,A,50.0,65.82,C,59.0,50.2,B,33.0,71.9,Unknown,54.0,54.19, 
3082,Loki,Bengal,-2,5.77, WHITE,Male,yes,YES,Yes,TOKYO,,healthy,,46.63,b,63.0,20.84,Unknown,43.0,78.91,C,14.0,58.66,A,27.0,36.33,B,74.0,51.1,D,2.0,62.35, ,78.0,30.67,a,86.0,62.55,b,22.0,54.24,Unknown,95.0,44.67,D,73.0,80.6, 
3083,Smokey,siamese,21,4.32, WHITE,F,no,,Unknown,Paris,dry,Checkup Needed,2024/01/05,44.41,a,11.0,81.01,Unknown,78.0,34.24,a,4.0,28.65,a,71.0,72.48,Unknown,36.0,21.43,A,4.0,28.12,A,54.0,78.38,a,33.0,47.05,C,96.0,55.35,B,52.0,46.44,b,95.0,42.15,D
3084,Chloe, British Shorthair,3,4.83,Black,Female,,No,Yes,Sydney,wet,Checkup Needed,Jan 5 2024,94.96,A,78.0,71.41,b,57.0,56.03,B,97.0,61.21,C,52.0,53.36,b,32.0,88.85,D,40.0,32.75,B,14.0,84.87,C,,100.7,D,0.0,45.33,b,,70.6,C,96.0,67.97,Unknown
3085,Tiger,Unknown,21,4.25,black ,F,No,YES,Yes,Toronto,dry,,,45.28,b,,,a,31.0,53.68,D,81.0,31.7, ,37.0,56.48, ,83.0,28.31,a,48.0,84.24,b,82.0,49.45,b,8.0,85.79,a,82.0,44.38, ,13.0,55.43,Unknown,5.0,40.62, 
3086,Milo,persian,-2,4.7,White,,Yes,YES,Yes,Toronto,dry,Checkup Needed,,31.44,A,45.0,64.95,B,,19.17,Unknown,35.0,55.58,C,52.0,34.53,C,,92.14,Unknown,2.0,53.98,a,20.0,62.13,B,91.0,63.14,Unknown,42.0,42.37,B,49.0,57.6,A,89.0,62.18, 
3087,Shadow,Unknown,1,5.14,Gray,Unknown,,NO,,TOKYO,,SICK,05/01/2024,43.18,Unknown,74.0,65.58, ,64.0,49.06,a,33.0,49.98,Unknown,9.0,39.15,a,1.0,9.6,B,87.0,70.08,A,81.0,62.48,D,73.0,84.36,a,5.0,89.3,Unknown,1.0,52.37,B,29.0,54.11,Unknown
3088,Luna,Unknown,8,5.06,Black,Unknown,Yes,NO,,London,,healthy,,74.31, ,4.0,75.34,A,80.0,77.16,D,83.0,error,C,58.0,61.31, ,56.0,74.23, ,98.0,61.28,b,58.0,23.71,B,42.0,error,B,26.0,60.4,C,63.0,86.78,a,90.0,54.1,A
3089,Tiger,Persian ,15,6.96,Brown,M,No,,,Berlin,Wet,SICK,Jan 5 2024,63.53,D,63.0,75.48,A,,42.74,b,41.0,39.43, ,5.0,38.23,a,,42.55,a,54.0,66.57,C,97.0,87.75,D,2.0,61.45,a,14.0,41.8,D,13.0,8.93,A,61.0,67.29, 
3090,Leo,BENGAL,14,3.35,Black,M,No,No,Unknown,,Dry,,05/01/2024,102.1,B,86.0,22.81,A,26.0,75.89,C,98.0,48.35,a,84.0,26.32,Unknown,11.0,50.04, ,0.0,25.56,D,68.0,34.76,A,95.0,79.97,C,88.0,63.7,Unknown,76.0,16.81,b,64.0,11.78, 
3091,Shadow, Scottish Fold,6,3.75,,Unknown,No,Yes,Yes,Paris,dry,SICK,2024/01/05,38.34, ,25.0,52.63,C,2.0,45.64,C,92.0,28.68,b,54.0,72.18,C,,27.6,b,52.0,42.43,Unknown,46.0,56.16,D,4.0,39.98,C,39.0,74.66,a,30.0,61.53,B,90.0,72.09,a
3092,Smokey,Siamese ,16,4.7,black ,female,no,,,Toronto,,Healthy,2024-01-05,4.35,A,55.0,89.8, ,94.0,16.31,Unknown,53.0,22.01,B,56.0,39.95,b,74.0,58.33, ,25.0,46.21, ,40.0,30.3,B,66.0,50.35, ,70.0,26.97,A,42.0,80.87,A,85.0,23.74,a
3093,Smokey,Ragdoll,18,3.16,Mixed,Male,yes,,Unknown,,,Healthy,,53.92,B,33.0,56.7,a,64.0,1.52,B,92.0,35.7,b,19.0,60.47,Unknown,53.0,56.47,C,59.0,62.4,b,60.0,37.08,D,12.0,38.47,D,39.0,45.16,Unknown,85.0,61.98,C,36.0,28.55,a
3094,Leo,SCOTTISH FOLD,13,3.9,Black,,No,Yes,Unknown,TOKYO,wet,healthy,,51.86,C,53.0,36.63, ,41.0,73.03,a,71.0,56.37,Unknown,58.0,71.77,A,47.0,54.85, ,18.0,60.79,A,,65.43,D,,41.53, ,55.0,36.43,C,99.0,51.11,b,60.0,43.94,a
3095,Lucy,Bengal ,8,7.98,Mixed,male,Y,,Yes, london,wet,Sick,,85.43,b,9.0,-13.76,B,,55.73,Unknown,13.0,61.72,C,36.0,52.47,a,82.0,68.54,C,93.0,70.89,a,13.0,44.16, ,3.0,42.63,D,19.0,71.39,a,20.0,44.33,Unknown,7.0,46.64,A
3096,Luna,,17,5.74,Gray,Unknown,yes,YES,,Tokyo,Dry,healthy,Jan 5 2024,60.45,Unknown,42.0,61.41,B,47.0,82.32,a,11.0,42.92,a,,9.9,A,63.0,56.58,b,12.0,7.48,D,8.0,27.97,D,75.0,53.74,a,5.0,68.26,D,79.0,55.98,b,36.0,65.84,A
3097,Nala,SIAMESE,3,4.76,,M,Y,,, london,dry,,,54.02,a,90.0,66.03,a,61.0,52.41,A,13.0,82.49,C,7.0,58.44,b,44.0,50.94,A,13.0,50.96,A,,55.92,C,,67.17,b,91.0,51.84,Unknown,50.0,49.53,b,35.0,34.64,B
3098,Oreo,,11,5.98,Gray,M,Yes,YES,Unknown,,Wet,Checkup Needed,,21.98,Unknown,32.0,13.54,Unknown,17.0,71.63,C,81.0,83.56,b,53.0,58.57,A,,84.86,Unknown,7.0,35.09, ,26.0,101.39,A,74.0,50.68, ,23.0,69.1,a,85.0,34.97,b,65.0,60.9,C
3099,Oliver,BENGAL,23,4.04,Black,M,N,Yes,No,Berlin,Dry,Sick,,71.71,a,92.0,43.28,C,71.0,42.25,A,,37.72,C,67.0,40.64,b,96.0,36.64,a,73.0,35.77,b,38.0,28.9,Unknown,98.0,25.62,b,,58.47,C,20.0,65.29,Unknown,78.0,76.34,B
3100,Bella,Unknown,1,5.73,Orange,male,No,NO,Yes,Paris,Wet,SICK,,64.56,Unknown,9.0,42.97,D,,63.83,a,18.0,64.57,B,86.0,66.22,B,8.0,70.07,D,29.0,62.41,a,70.0,68.22,C,62.0,13.28,a,60.0,63.35,a,49.0,40.62, ,88.0,43.93, 
3101,Oreo,,2,4.69, WHITE,Unknown,,,No,Toronto,dry,,2024-01-05,48.8,A,93.0,74.36,B,23.0,66.76,b,72.0,50.54,B,68.0,28.62,Unknown,,61.88, ,53.0,45.17,Unknown,26.0,31.71,C,58.0,14.45, ,47.0,26.41,b,92.0,35.09,A,22.0,82.48,B
3102,Loki,Persian,1,2.37,Brown,Female,No,YES,Yes,TOKYO,Wet,Checkup Needed,,53.88,A,82.0,42.89,a,28.0,37.37,D,76.0,31.55,D,54.0,38.55,D,48.0,57.05, ,42.0,26.87, ,0.0,39.08,D,48.0,56.7,a,50.0,39.41,A,31.0,61.0,Unknown,75.0,31.08,a
3103,Oliver,,1,5.82,black ,Male,yes,YES,Yes,TOKYO,wet,Sick,2024-01-05,50.84,b,75.0,17.79, ,,42.9,A,51.0,66.1, ,76.0,30.72,a,42.0,2.56,C,10.0,25.54,B,8.0,29.67,C,18.0,55.52,B,22.0,34.46, ,30.0,73.87,B,72.0,38.69,b
3104,Loki, Bengal,5,4.6, WHITE,F,,YES,Unknown,London,Wet,SICK,Jan 5 2024,55.48,A,,61.77,b,16.0,67.71,A,30.0,103.97,a,25.0,53.57,C,92.0,31.33, ,65.0,24.63,Unknown,56.0,90.48,B,68.0,54.35,Unknown,45.0,68.26,B,96.0,7.03,a,75.0,64.96, 
3105,Oliver, Bengal,20,5.42,Gray,,N,YES,Unknown,Tokyo,,Checkup Needed,2024-01-05,58.67,A,1.0,61.15,A,70.0,68.34,a,,-21.74,A,80.0,58.22,B,61.0,68.3,B,94.0,28.65,a,68.0,53.21,C,70.0,47.9,Unknown,27.0,68.06,Unknown,48.0,51.31,D,41.0,71.02,a
3106,Luna,Unknown,8,4.73,White,M,No,No,No,Paris,dry,Healthy,,65.95,A,94.0,69.2,D,,16.3,C,8.0,83.34,a,52.0,45.65,a,73.0,27.82,Unknown,53.0,75.36,A,11.0,12.27,A,86.0,59.57,C,63.0,9.95,Unknown,10.0,51.84,b,23.0,N/A,D
3107,Milo,British Shorthair ,18,3.4,White,female,Y,Yes,No,Paris,,Sick,2024/01/05,32.55,b,51.0,60.82,B,76.0,40.98,C,85.0,40.97,B,81.0,24.43,B,38.0,64.39,b,28.0,53.91, ,31.0,36.79,a,3.0,43.22,A,68.0,50.53, ,87.0,19.95, ,53.0,39.38,A
3108,Bella,scottish fold,6,6.51,Mixed,Female,N,No,Yes,Toronto,wet,Sick,,34.38,B,34.0,20.06,A,7.0,56.09,B,99.0,42.34,D,73.0,45.83,C,78.0,54.4,B,,52.6,B,49.0,40.78, ,33.0,19.7,A,71.0,76.18,b,24.0,52.87,C,68.0,37.55, 
3109,Oreo,Maine Coon,6,2.44,black ,,N,,No,Tokyo,dry,healthy,,27.6, ,67.0,55.15,A,37.0,53.48,C,42.0,48.02,D,21.0,61.42,D,93.0,49.53,B,21.0,70.1,A,68.0,67.7, ,78.0,44.94,a,32.0,60.34,D,,47.19,b,89.0,29.5,a
3110,Lucy, Abyssinian,15,6.64,black ,male,yes,Yes,Yes,Tokyo,Wet,SICK,,38.84,b,43.0,54.28,C,92.0,51.13,C,66.0,29.67,b,73.0,58.74,Unknown,67.0,62.22, ,,58.39,Unknown,2.0,62.27,b,32.0,81.81,A,52.0,71.46,Unknown,41.0,109.11,D,31.0,45.03,b
3111,Smokey,,15,5.09,Mixed,male,No,No,No,TOKYO,Dry,Checkup Needed,,77.31,A,52.0,57.71,b,15.0,88.01,C,24.0,83.21,D,85.0,17.46, ,34.0,unknown,D,87.0,47.18,a,34.0,66.69,B,61.0,45.59,C,56.0,21.91,b,65.0,52.82,C,97.0,78.74,C
3112,Bella,Unknown,3,8.91,Gray,male,,NO,Unknown,Toronto,wet,SICK,2024/01/05,48.22,A,70.0,56.15,b,50.0,52.63,a,33.0,19.6,A,,9.31,C,29.0,30.83,C,45.0,46.89,Unknown,19.0,58.4,C,72.0,63.65,A,43.0,50.96,b,75.0,38.74,A,3.0,52.1, 
3113,Nala,Unknown,14,4.04,Mixed,F,,,,New York,Mixed,healthy,,75.49,A,10.0,53.8,a,86.0,27.61,b,16.0,52.41,b,94.0,73.5,Unknown,0.0,72.21,A,53.0,34.82,D,19.0,57.62,C,4.0,63.34, ,47.0,75.16,Unknown,43.0,58.49,b,9.0,error,A
3114,Oreo,Maine Coon,23,2.53,Brown,F,N,No,Yes,New York,dry,Checkup Needed,,81.55,C,0.0,68.0,A,87.0,76.21,C,69.0,40.31,C,91.0,57.29,a,,54.45,D,66.0,60.89,Unknown,33.0,18.89,Unknown,52.0,56.63,B,3.0,77.9,C,28.0,87.62, ,5.0,40.44,B
3115,Luna, Ragdoll,18,6.04, WHITE,Male,yes,Yes,Yes,TOKYO,Mixed,Sick,Jan 5 2024,43.07,C,41.0,50.8,A,46.0,41.42,b,48.0,56.93,Unknown,57.0,52.52,b,42.0,57.33,b,89.0,61.51,D,57.0,18.89,C,83.0,76.95, ,34.0,48.6,Unknown,92.0,53.74,Unknown,83.0,57.94,a
3116,Luna,Unknown,20,2.67,,,Y,YES,No,Paris,Dry,,,44.86, ,47.0,63.78, ,6.0,43.19,D,58.0,81.59,Unknown,28.0,15.99, ,,36.89,A,41.0,92.21, ,66.0,62.4,B,64.0,37.88,a,48.0,69.02,C,69.0,56.31,C,,52.38,D
3117,Chloe,Unknown,1,5.7,Mixed,,,No,,New York,Dry,healthy,2024-01-05,46.23,Unknown,13.0,56.38,b,60.0,40.65, ,24.0,81.77,C,,101.45,D,28.0,20.45,b,61.0,35.22,Unknown,30.0,55.27,A,53.0,50.78,C,51.0,71.59,b,51.0,, ,32.0,41.68,A
3118,Bella,British Shorthair,16,5.62,White,female,N,,Yes,Tokyo,Mixed,SICK,2024-01-05,57.12,Unknown,54.0,26.71,a,69.0,49.67,b,36.0,52.43,b,62.0,40.77,Unknown,88.0,56.97,C,11.0,38.8,C,65.0,83.94,B,28.0,56.49,b,57.0,60.88,A,7.0,62.26, ,57.0,53.21,B
3119,Simba,MAINE COON,1,2.65,Brown,Female,N,Yes,Yes,Sydney,dry,Healthy,,22.76,B,15.0,55.33,a,42.0,66.4,Unknown,80.0,73.09,A,70.0,59.94,Unknown,74.0,75.1,D,,39.37,Unknown,31.0,26.08,Unknown,7.0,82.19,a,19.0,66.65,a,8.0,15.37,B,35.0,56.94,Unknown
3120,Leo,Sphynx ,14,3.86,White,male,Y,,,Sydney,Mixed,Checkup Needed,2024-01-05,69.5,a,14.0,21.36,C,58.0,40.18,B,19.0,34.59,D,2.0,59.81,A,51.0,49.0,a,94.0,58.41, ,93.0,17.22,D,,85.69, ,83.0,31.09,B,46.0,35.14, ,25.0,43.29,b
3121,Kitty,,19,4.97,Orange,female,,,,Toronto,Mixed,,,43.02,b,26.0,63.45,A,6.0,58.57,D,50.0,14.54,a,22.0,48.77,A,,35.71,D,89.0,8.15,a,46.0,48.25,Unknown,37.0,error,B,71.0,69.28,Unknown,67.0,63.84,D,,43.25,b
3122,Luna,,-2,1.74,Brown,Unknown,,YES,No,Sydney,dry,Sick,2024/01/05,41.79,a,71.0,75.97,D,96.0,27.59,a,68.0,46.81, ,28.0,48.8,D,40.0,83.46,C,25.0,26.7, ,36.0,61.95,b,59.0,68.44,a,66.0,54.33,C,46.0,72.02,D,43.0,47.7,Unknown
3123,Oliver,Unknown,13,6.39,White,male,Y,Yes,Unknown,London,Wet,Checkup Needed,2024-01-05,73.84,A,33.0,25.15,Unknown,74.0,6.1,C,47.0,48.19,b,97.0,27.33,B,,40.89,A,83.0,78.73,A,83.0,38.3,C,22.0,34.24,a,2.0,47.67,C,8.0,24.91,C,47.0,22.85,b
3124,Oreo,Scottish Fold,0,5.24,Black,,,NO,No,TOKYO,dry,healthy,,22.27,Unknown,13.0,57.27,a,5.0,31.35,C,21.0,53.81,C,27.0,57.37,b,87.0,51.93,A,13.0,68.67, ,43.0,24.33,C,88.0,94.21,D,75.0,59.76,A,54.0,97.72,b,87.0,35.49,b
3125,Luna,SCOTTISH FOLD,9,3.28,,Male,Yes,YES,Yes,London,dry,Healthy,Jan 5 2024,56.83,a,,59.13, ,,6.26,a,90.0,75.13,a,34.0,30.16, ,80.0,74.68,D,,62.22,C,,108.34,D,,34.77,b,83.0,49.45, ,32.0,96.74,D,,64.43, 
3126,Chloe,Unknown,16,5.32,Gray,Unknown,Y,No,No,,dry,healthy,2024-01-05,21.58, ,85.0,30.63,C,26.0,102.59,Unknown,32.0,44.69,b,8.0,54.64, ,76.0,45.19,a,73.0,73.02, ,26.0,3.83,b,50.0,74.63,B,26.0,35.35,A,16.0,49.82,b,71.0,N/A,Unknown
3127,Bella,ABYSSINIAN,22,3.73, WHITE,male,yes,YES,Unknown,Toronto,Mixed,Checkup Needed,2024-01-05,44.76,D,33.0,75.72,C,10.0,81.12,b,45.0,45.04,C,46.0,42.26,b,84.0,19.25, ,79.0,28.87,A,30.0,45.27,a,79.0,62.3,b,6.0,84.03,A,,53.06,A,58.0,38.37, 
3128,Milo,Scottish Fold ,22,4.99,White,female,yes,,Unknown,Tokyo,dry,Checkup Needed,05/01/2024,43.0,b,,44.77,b,37.0,71.44,Unknown,65.0,66.67,A,25.0,44.98,C,53.0,77.29,Unknown,,52.32,C,63.0,18.8,D,10.0,20.62, ,56.0,39.31,C,43.0,22.4,A,29.0,69.22,C
3129,Simba,Unknown,-2,4.86,White,Female,Y,NO,No,Toronto,Mixed,Checkup Needed,2024-01-05,72.34,D,42.0,42.4, ,43.0,25.41,Unknown,89.0,47.11,D,40.0,50.84,a,1.0,48.42,a,57.0,46.86,a,13.0,28.43,D,29.0,40.51,B,27.0,34.11,D,11.0,37.04,Unknown,17.0,75.38, 
3130,Chloe,sphynx,11,5.3,Orange,Unknown,Yes,,, london,dry,,Jan 5 2024,54.36,B,37.0,34.52, ,,47.4,a,93.0,39.71,a,23.0,43.48,C,15.0,52.85, ,97.0,73.19,A,4.0,65.95,D,96.0,36.56,Unknown,,54.78,C,95.0,62.85,B,,72.59,C
3131,Smokey, British Shorthair,6,6.26,Black,Male,no,YES,Yes,Berlin,Wet,Sick,2024-01-05,60.32,b,14.0,11.44,C,54.0,52.47,a,80.0,66.0, ,66.0,52.66,a,38.0,63.12,D,69.0,19.36, ,84.0,37.81,b,71.0,71.99, ,48.0,28.45,C,75.0,40.51,a,98.0,39.22, 
3132,Leo, Ragdoll,21,5.98, WHITE,Male,Y,,Unknown,Tokyo,,Checkup Needed,,39.39,C,,90.1,a,55.0,63.08,b,38.0,26.23,B,,21.52,A,91.0,32.25,A,15.0,79.79,A,,40.52,a,97.0,48.12,D,27.0,85.25, ,63.0,97.82,a,75.0,79.48,C
3133,Oliver,,-1,8.22,Gray,male,N,YES,No,Tokyo,Dry,SICK,,73.82,A,83.0,45.57,b,,65.04,A,70.0,60.6,Unknown,68.0,58.82,D,,45.0,A,4.0,69.38,b,,91.06,a,65.0,63.92,B,58.0,42.08,b,25.0,41.69,B,43.0,35.75, 
3134,Leo,SCOTTISH FOLD,13,4.05,White,,No,No,Yes,Paris,,Sick,Jan 5 2024,50.68,a,97.0,34.99,C,66.0,63.75,B,,55.38,a,94.0,66.2, ,,67.43,b,20.0,64.76, ,2.0,61.36,a,26.0,24.21,B,95.0,,A,14.0,63.22,B,0.0,42.16,a
3135,Oliver,SIAMESE,4,7.12,,M,No,,Unknown,New York,Dry,Sick,2024/01/05,41.67,D,42.0,34.81,A,,58.99,Unknown,90.0,47.85,A,15.0,49.7,a,44.0,46.4,D,17.0,46.25, ,64.0,80.99,A,,54.17,A,,64.34,D,48.0,64.8,a,28.0,27.98,D
3136,Leo,Bengal ,4,1.71,White,M,,,,,Mixed,Sick,,68.18,D,51.0,44.11,A,67.0,50.5,a,,45.15,C,28.0,39.34,B,55.0,82.24,Unknown,,40.62,a,,63.16,D,89.0,34.34,C,69.0,32.82,D,21.0,85.48, ,59.0,-13.75,Unknown
3137,Simba,Unknown,10,3.58, WHITE,,Yes,Yes,Unknown,London,wet,Checkup Needed,,76.35,B,,55.47,C,96.0,72.49,b,70.0,95.76, ,86.0,77.16, ,39.0,72.28,b,8.0,66.42, ,39.0,52.5, ,46.0,90.51, ,74.0,36.07,D,10.0,12.55,B,30.0,74.82,a
3138,Simba,ABYSSINIAN,16,5.39, WHITE,Female,no,YES,Unknown,Berlin,Wet,Sick,2024/01/05,1.01,Unknown,33.0,66.06,B,31.0,39.19,D,15.0,45.68,D,79.0,40.26,C,73.0,83.17,B,,67.45,Unknown,,59.76, ,15.0,1.25,A,11.0,44.14,B,48.0,72.95,D,,62.34,C
3139,Tiger,siamese,16,3.94, WHITE,Male,N,YES,Yes,Sydney,Wet,healthy,Jan 5 2024,88.36,b,90.0,55.97, ,8.0,18.82,Unknown,46.0,59.06,B,50.0,38.62,C,77.0,19.96,A,94.0,64.54,D,23.0,47.68,a,,48.43,a,97.0,64.29,B,48.0,67.76,A,65.0,83.98,A
3140,Milo,,15,5.59,Brown,Male,Y,,No,TOKYO,dry,Healthy,,19.25,A,39.0,61.4,A,24.0,58.88,Unknown,81.0,42.07,D,71.0,49.39,a,35.0,56.19,B,93.0,40.62,b,61.0,13.5,Unknown,34.0,44.16,A,94.0,19.14,B,46.0,68.15,B,92.0,44.74,C
3141,Smokey,Abyssinian ,17,5.07,Black,female,N,Yes,Yes, london,wet,Healthy,2024-01-05,22.31,Unknown,80.0,50.4,Unknown,69.0,70.15,D,93.0,60.64,B,36.0,24.79,A,46.0,6.32,C,86.0,31.37,B,97.0,46.22,C,46.0,69.37,a,83.0,33.74,a,83.0,30.76, ,5.0,37.28,b
3142,Loki, Abyssinian,23,3.01,black ,F,no,,No,Paris,,Healthy,2024/01/05,89.78,b,54.0,46.75,Unknown,,32.3,b,28.0,36.4, ,82.0,57.63, ,62.0,16.6,C,33.0,79.03,A,26.0,18.93,B,25.0,45.29,b,32.0,56.16, ,26.0,55.45,a,65.0,47.04,b
3143,Smokey, Abyssinian,3,1.72,Black,Male,Yes,Yes,Yes,New York,,Checkup Needed,,54.54,Unknown,,58.15,Unknown,54.0,34.8,B,85.0,76.19, ,57.0,44.54,Unknown,81.0,54.35,C,92.0,56.47,a,35.0,19.32,a,40.0,61.5,A,6.0,48.33,a,92.0,46.23,b,,37.79,a
3144,Kitty,sphynx,12,4.83,Brown,male,no,Yes,,Toronto,Dry,Healthy,Jan 5 2024,28.86,Unknown,,40.52,A,64.0,86.64,A,77.0,64.77,B,25.0,100.34, ,37.0,50.94,A,39.0,50.78,B,56.0,15.26,A,96.0,42.72,a,,8.45,B,82.0,33.19,B,52.0,42.24,b
3145,Oreo,,19,6.65,Gray,,Y,,No,Tokyo,Mixed,Checkup Needed,2024/01/05,31.03, ,52.0,35.19,Unknown,31.0,15.72,A,22.0,41.98,a,36.0,48.26,a,38.0,32.5,a,,67.89,D,64.0,51.29,B,14.0,66.81,b,16.0,98.4,C,30.0,47.37,C,73.0,44.4,D
3146,Chloe,BRITISH SHORTHAIR,0,5.78,White,Female,N,,Unknown, london,dry,Sick,,29.65,a,,24.17,b,87.0,52.09,C,19.0,52.41,D,40.0,29.39,D,23.0,26.28,a,41.0,30.5,C,81.0,35.52,Unknown,77.0,61.62,Unknown,90.0,25.65,b,57.0,20.57,C,78.0,23.51,B
3147,Simba, Sphynx,-1,3.63,White,F,yes,NO,No,London,dry,Sick,2024/01/05,73.66,b,10.0,38.9,C,35.0,13.09,D,29.0,59.73, ,13.0,65.05,B,68.0,43.65,D,56.0,55.63,a,49.0,35.87,B,43.0,62.02,C,32.0,82.29,A,78.0,70.56,B,76.0,75.72,A
3148,Oreo,Unknown,4,3.98,Gray,F,N,,Unknown,TOKYO,wet,SICK,2024/01/05,45.21,Unknown,26.0,50.16, ,62.0,20.45,Unknown,54.0,11.39,Unknown,22.0,48.98,Unknown,64.0,29.13,C,45.0,76.92,a,94.0,88.54,b,,50.92,a,96.0,55.39,B,17.0,42.57, ,70.0,65.17,B
3149,Smokey,Persian,16,1.76,White,F,Yes,Yes,Yes,Berlin,dry,Sick,2024/01/05,49.87,Unknown,32.0,47.52,a,18.0,49.86,C,,62.35,Unknown,74.0,33.04, ,95.0,80.9,Unknown,69.0,66.03,C,48.0,62.37,D,16.0,43.9,B,15.0,14.01,A,25.0,75.76,D,35.0,50.48,A
3150,Luna, Bengal,7,4.63,,F,Yes,,No,Toronto,Dry,,2024/01/05,47.11,B,43.0,42.01,D,69.0,21.76,a,,76.41,Unknown,22.0,17.91,D,,64.96,C,49.0,61.54,B,83.0,76.32,Unknown,57.0,35.13,C,95.0,57.51,b,78.0,51.14,Unknown,24.0,36.73, 
3151,Luna,Siamese,3,4.39,Orange,M,N,YES,Yes,,wet,SICK,,49.21,a,3.0,45.12,B,95.0,59.84,Unknown,9.0,48.77,b,74.0,35.06,B,14.0,56.23,A,67.0,64.2, ,29.0,38.56,Unknown,97.0,47.25, ,14.0,45.43,B,,40.12,b,50.0,45.14,B
3152,Oreo, British Shorthair,15,1.43,,F,No,YES,No,Sydney,Dry,Sick,,24.61,C,84.0,56.79,a,93.0,45.32,b,49.0,47.97,D,,52.01,C,64.0,N/A,A,58.0,24.09,D,64.0,58.43,Unknown,7.0,48.46,C,36.0,69.28,Unknown,64.0,35.87,D,59.0,64.9,C
3153,Kitty,Bengal,2,2.91, WHITE,,,,Yes,London,dry,Checkup Needed,05/01/2024,11.7,a,29.0,93.79,D,44.0,87.26,A,46.0,29.07,D,12.0,69.41,Unknown,,58.89,a,83.0,47.33,C,30.0,74.51, ,,63.25, ,94.0,16.52, ,76.0,60.94,b,2.0,70.41,Unknown
3154,Loki,Sphynx,17,4.41,Gray,female,No,Yes,No,Sydney,Mixed,healthy,Jan 5 2024,60.08,D,86.0,47.2,b,54.0,47.5,B,99.0,38.04,a,1.0,55.3,C,5.0,40.4,A,24.0,57.18,C,43.0,43.9,A,28.0,59.05,B,32.0,80.63,D,37.0,48.91,A,89.0,42.62,b
3155,Tiger, Maine Coon,17,3.83,Orange,Unknown,Yes,YES,,London,Mixed,healthy,2024/01/05,57.03,B,11.0,66.87,b,7.0,54.78,A,99.0,42.55,C,6.0,88.2,Unknown,,39.67, ,1.0,58.04,D,27.0,53.66,a,22.0,56.97,C,86.0,27.66,D,90.0,4.09,D,67.0,48.62,a
3156,Loki,Persian,-1,5.48, WHITE,Male,N,NO,Yes,Tokyo,dry,SICK,Jan 5 2024,58.2,a,52.0,24.04,b,77.0,58.48,C,64.0,55.58,A,21.0,65.73,Unknown,32.0,68.25,D,27.0,71.97,a,37.0,N/A,C,26.0,62.42,C,22.0,43.39,a,2.0,33.27,Unknown,67.0,87.32,D
3157,Chloe,PERSIAN,19,3.68, WHITE,F,Y,No,No,,wet,,Jan 5 2024,73.36,A,68.0,38.7,C,80.0,69.55,a,73.0,57.17,A,34.0,53.72, ,42.0,49.76, ,21.0,66.31,B,13.0,95.23,a,31.0,85.3,C,1.0,44.69,C,53.0,43.63,B,90.0,40.53,C
3158,Oreo, Maine Coon,2,4.33,Brown,F,No,YES,,New York,Wet,Checkup Needed,,47.99,b,35.0,26.0,Unknown,13.0,55.69,D,91.0,66.12,B,,52.65, ,41.0,33.8,b,72.0,36.98,a,,34.93,D,26.0,59.48,D,,29.67,b,19.0,51.4,Unknown,90.0,37.29,Unknown
3159,Smokey,,17,6.19,Gray,Unknown,Yes,YES,Unknown,New York,dry,SICK,05/01/2024,68.49,a,27.0,31.91,Unknown,22.0,76.35,a,69.0,66.03, ,,68.94,D,97.0,51.44,C,13.0,41.94,a,49.0,26.99,Unknown,23.0,45.28,b,53.0,52.88,D,66.0,57.57,a,35.0,36.57,Unknown
3160,Lucy,bengal,23,3.74,,Female,N,,Yes,TOKYO,Wet,SICK,,40.71, ,70.0,66.95,Unknown,16.0,51.25,A,33.0,49.14,A,58.0,40.25,B,72.0,41.26,b,50.0,78.89,A,9.0,53.92,A,25.0,28.71,Unknown,17.0,39.04,Unknown,67.0,70.15,A,40.0,24.4,D
3161,Bella,Bengal ,17,6.26,black ,female,No,,No,Berlin,Dry,Sick,,54.78,a,19.0,37.88,B,5.0,45.73,A,11.0,33.56,B,60.0,49.98,B,65.0,71.85, ,89.0,50.03,Unknown,41.0,66.55,a,41.0,59.0,C,52.0,20.73,a,31.0,50.99,b,35.0,66.78,B
3162,Milo,Persian,5,4.89,Mixed,male,No,Yes,Yes,Paris,Wet,Checkup Needed,Jan 5 2024,72.71, ,37.0,55.3,B,31.0,10.83, ,63.0,54.87,b,35.0,66.99,B,64.0,39.11,Unknown,74.0,47.47, ,58.0,47.15,C,19.0,59.31,b,60.0,68.21,C,86.0,65.35,B,60.0,51.66,D
3163,Chloe, Scottish Fold,22,5.29,Black,,no,NO,Yes,Berlin,,,05/01/2024,56.62,B,,74.8,b,89.0,46.09,C,98.0,42.41,C,77.0,37.58,Unknown,2.0,36.96,a,23.0,44.16, ,11.0,61.86,Unknown,30.0,30.1,Unknown,74.0,70.64,A,12.0,55.62,a,82.0,33.99,D
3164,Oliver,ragdoll,2,3.05,,,no,NO,No,Toronto,Mixed,SICK,2024-01-05,41.36,B,93.0,38.15, ,6.0,25.97,B,53.0,48.75,Unknown,60.0,54.83, ,68.0,40.53,B,16.0,34.27,B,73.0,69.15,C,77.0,44.83,D,83.0,57.95, ,58.0,46.61,C,22.0,26.99,a
3165,Kitty,Siamese,17,3.32,Black,M,no,Yes,,Sydney,Dry,SICK,2024-01-05,35.55,B,52.0,37.37,A,,44.43,D,21.0,15.55,a,78.0,10.27,C,30.0,37.77,a,80.0,32.55,Unknown,72.0,71.37,C,7.0,76.33, ,95.0,43.54,A,90.0,22.4,D,41.0,-4.51,b
3166,Nala,Persian,13,6.36,Mixed,F,No,No,No,TOKYO,Dry,healthy,,94.51,D,8.0,51.01,A,76.0,37.15,A,,61.82,C,99.0,21.64, ,51.0,49.53,A,,70.12,b,76.0,51.26,a,52.0,53.98,b,89.0,22.64,C,,56.17,C,79.0,50.03, 
3167,Oliver,,0,4.99,Gray,male,Yes,,Unknown,Sydney,Wet,healthy,2024-01-05,45.19, ,48.0,91.85,B,,76.45,a,27.0,67.27,C,10.0,91.01,D,58.0,14.25,b,41.0,57.68,b,18.0,82.94,D,91.0,54.65,Unknown,63.0,23.75, ,78.0,63.22,a,33.0,15.93,a
3168,Chloe,,23,3.72,Black,Male,yes,NO,Unknown,London,dry,,Jan 5 2024,60.2,C,56.0,68.62,B,73.0,67.13,B,86.0,42.1,B,60.0,6.07,Unknown,24.0,53.2,C,46.0,77.06,B,73.0,61.56,C,,65.92,D,47.0,45.79,Unknown,4.0,27.75,a,59.0,66.57,B
3169,Oreo,,23,0.55,Gray,female,,No,No,New York,Mixed,SICK,05/01/2024,47.22,C,86.0,24.28,A,97.0,22.96,a,25.0,49.66, ,61.0,49.19, ,37.0,98.63,a,39.0,68.59,C,83.0,56.27,C,45.0,56.52,C,34.0,83.97, ,25.0,22.57,D,,61.05,D
3170,Shadow, Persian,10,7.3, WHITE,M,,No,Yes,Paris,,healthy,Jan 5 2024,18.07,b,38.0,62.31,a,24.0,57.41,B,38.0,62.78,A,,42.57,C,50.0,56.65,D,28.0,65.89,B,73.0,46.09,A,53.0,22.2,C,79.0,58.16,b,65.0,27.15,A,18.0,68.68,B
3171,Tiger,,18,4.46,,F,Y,Yes,No,London,wet,Healthy,,84.27,D,8.0,42.71,C,,78.09, ,15.0,48.0,A,37.0,75.91,b,49.0,55.55, ,51.0,57.47,Unknown,72.0,54.4, ,55.0,53.34,b,43.0,30.62,A,,62.03,B,98.0,29.56, 
3172,Lucy,Siamese ,23,6.38,Brown,Female,N,No,Yes,Berlin,,,,73.02,Unknown,8.0,13.34,Unknown,19.0,67.76,C,19.0,38.55,Unknown,82.0,63.1,D,38.0,55.49,D,61.0,75.96,C,84.0,36.99,a,54.0,31.76,B,85.0,53.83,A,50.0,47.47,B,60.0,74.49,Unknown
3173,Oreo,Maine Coon,3,6.03, WHITE,,Y,Yes,,,dry,SICK,,68.94,B,57.0,40.17,D,20.0,33.84,C,86.0,81.97,B,71.0,83.92, ,,58.43,A,23.0,50.81,A,52.0,27.8,B,20.0,54.5, ,94.0,58.12,C,31.0,31.89,D,41.0,79.27,b
3174,Shadow,Unknown,1,3.23,Orange,male,Y,NO,Unknown,Tokyo,Dry,,,32.78,a,23.0,41.35,b,83.0,44.01,B,50.0,50.02,a,,36.7,B,12.0,52.97,D,9.0,23.36, ,20.0,60.67,b,97.0,31.47,a,56.0,23.11,b,99.0,68.4,Unknown,,49.94,b
3175,Bella,Unknown,18,3.11,Mixed,Unknown,no,NO,Yes,Tokyo,,healthy,Jan 5 2024,62.89,a,34.0,25.22,Unknown,,10.67,Unknown,67.0,71.55,B,4.0,63.14,a,0.0,47.79,D,27.0,43.74,Unknown,53.0,73.75,C,42.0,73.04,Unknown,35.0,81.56,a,47.0,22.12,a,44.0,69.81,B
3176,Tiger,,18,3.07,White,Female,No,,Unknown,Toronto,wet,,2024/01/05,26.28,a,56.0,77.02,A,26.0,69.99,C,37.0,60.55, ,,49.47, ,99.0,44.92,b,28.0,44.07,C,65.0,48.17,b,,39.74,D,49.0,43.57, ,79.0,55.5,B,21.0,48.17,A
3177,Bella,,7,4.19,Orange,female,No,No,Yes,London,Wet,Checkup Needed,,85.53,D,83.0,38.69,A,92.0,56.61,A,11.0,65.34,A,77.0,87.08,b,45.0,40.5,A,71.0,65.41,A,35.0,76.46,B,92.0,53.77,C,53.0,79.82,A,,25.74,b,78.0,51.85,A
3178,Lucy,Unknown,15,4.28, WHITE,Female,,NO,,Toronto,Mixed,healthy,,49.01, ,85.0,41.0,a,,47.37,B,45.0,49.48,B,71.0,24.17,D,13.0,34.95,B,89.0,89.16,A,84.0,24.78,C,32.0,63.61,D,35.0,35.93,B,41.0,24.29,a,67.0,33.03,D
3179,Nala,Bengal ,17,5.44,black ,male,Yes,NO,No,Sydney,Dry,SICK,2024/01/05,51.56,A,19.0,61.74, ,96.0,38.01,A,46.0,41.46,C,51.0,56.75, ,62.0,63.34,b,18.0,47.24,D,31.0,32.93,a,63.0,40.51,C,68.0,67.18,C,97.0,34.62,D,,36.95,D
3180,Bella,ABYSSINIAN,15,5.92,Mixed,Female,,No,Unknown,Paris,Dry,Checkup Needed,2024/01/05,27.36,B,5.0,26.55,B,86.0,76.37,b,33.0,30.38,B,49.0,40.56,D,28.0,71.3,b,77.0,35.54,D,96.0,46.24,D,99.0,40.24,B,48.0,66.79,D,7.0,30.9, ,89.0,35.58, 
3181,Shadow,abyssinian,22,6.69,Black,M,Yes,,Unknown,Berlin,Dry,Checkup Needed,2024/01/05,63.19,a,,26.04,C,69.0,68.04,D,52.0,42.66,D,9.0,23.92,B,7.0,65.02,D,63.0,52.72, ,57.0,-13.72,C,94.0,53.6,b,,47.13,D,75.0,34.58,A,10.0,59.5,C
3182,Milo,maine coon,9,3.36,Orange,Unknown,no,,,Tokyo,Mixed,healthy,2024-01-05,63.84,B,1.0,28.65,b,72.0,63.95,A,20.0,83.17,B,11.0,51.24,b,47.0,N/A,D,41.0,55.62,C,85.0,116.6,B,68.0,52.1,a,,42.54,C,41.0,58.65,B,81.0,84.67, 
3183,Shadow,Ragdoll,0,4.44,,female,,NO,Yes,London,wet,healthy,,54.5,A,14.0,69.73,A,30.0,68.84,Unknown,81.0,unknown,a,0.0,48.42,b,68.0,24.74, ,73.0,38.51,D,70.0,32.02,C,43.0,28.84,C,8.0,39.59,b,69.0,83.46,a,32.0,51.54,A
3184,Smokey,SIAMESE,9,5.34, WHITE,Female,no,No,No,Sydney,wet,healthy,,33.13,B,10.0,39.63,D,25.0,69.03, ,8.0,54.11, ,8.0,51.87,B,92.0,45.84,b,16.0,71.8, ,45.0,18.28,D,25.0,78.02,D,76.0,45.36,B,56.0,39.42,a,44.0,69.6,B
3185,Loki, British Shorthair,22,9.13,black ,F,yes,YES,Yes,TOKYO,wet,,,50.67,a,93.0,92.28,A,61.0,73.82,b,,51.52,C,27.0,76.14,D,91.0,49.47, ,40.0,70.83,D,63.0,66.2,B,4.0,60.98,b,51.0,69.71, ,58.0,30.92,Unknown,43.0,59.78,b
3186,Kitty,ABYSSINIAN,24,2.63,Orange,Female,no,No,No,Toronto,,healthy,2024-01-05,42.44,C,38.0,65.32,Unknown,58.0,68.31,C,72.0,69.21,A,76.0,59.16,D,91.0,64.96,Unknown,,14.12,Unknown,82.0,67.2,a,51.0,60.96,D,43.0,86.21,B,6.0,61.81,A,33.0,62.23,C
3187,Tiger,abyssinian,9,3.15, WHITE,Male,N,NO,Yes,TOKYO,wet,Healthy,,71.02, ,1.0,32.05,D,36.0,68.68,b,75.0,34.1,Unknown,76.0,65.14, ,57.0,65.51,B,24.0,34.44,Unknown,10.0,error,A,,38.34,A,22.0,35.37,b,70.0,80.2,a,,67.01,A
3188,Shadow,SIAMESE,-1,3.25,Gray,male,yes,YES,No,TOKYO,Dry,Sick,2024/01/05,117.63,C,63.0,29.51,b,79.0,83.0,b,60.0,90.52,b,,49.79,a,42.0,59.16,Unknown,43.0,54.7,A,45.0,46.82,a,32.0,25.39,Unknown,45.0,62.25,A,24.0,57.71,A,0.0,77.58,A
3189,Chloe,British Shorthair,24,4.87, WHITE,male,Yes,YES,, london,wet,,2024-01-05,23.82,B,14.0,2.57,B,,20.62,B,,55.94,A,57.0,46.71,D,11.0,62.79,A,24.0,65.23, ,58.0,30.87,B,77.0,42.75, ,60.0,53.14, ,80.0,56.06,B,59.0,16.18,C
3190,Nala,,20,-1.31, WHITE,Male,Yes,No,Yes, london,Wet,Checkup Needed,,35.89,a,,27.26,A,18.0,54.37,C,73.0,56.83,B,,26.37,A,67.0,26.63,b,30.0,45.81,B,67.0,37.04, ,97.0,50.24,C,35.0,39.97,b,1.0,56.42,C,73.0,76.02,b
3191,Chloe, Persian,23,5.47,Gray,male,yes,,,,,healthy,,59.14, ,8.0,51.32,D,83.0,27.59,C,23.0,18.28,Unknown,4.0,45.59,A,42.0,46.06,A,58.0,71.17, ,44.0,51.14,B,55.0,54.53,B,66.0,79.42, ,93.0,47.27,C,,75.42,a
3192,Luna,Abyssinian,15,2.01,Brown,male,Y,,Unknown,,Mixed,Checkup Needed,,32.34,C,71.0,30.85,B,25.0,27.74,A,88.0,69.66,A,37.0,55.16, ,,38.16,b,97.0,51.92,C,77.0,0.98,Unknown,,75.64,a,4.0,83.87,A,92.0,21.7,b,72.0,error, 
3193,Oreo,Unknown,-1,5.61,Black,male,Y,No,,Paris,wet,Healthy,Jan 5 2024,84.46,A,44.0,60.05,D,4.0,63.65,a,,27.24,B,1.0,67.93,b,77.0,95.71,C,36.0,22.46,C,84.0,39.47,Unknown,67.0,24.18,C,72.0,36.43,a,87.0,69.25,Unknown,15.0,51.52,b
3194,Oreo,ragdoll,-1,6.08,,M,no,NO,Yes, london,Wet,Checkup Needed,Jan 5 2024,40.91,D,21.0,29.45,D,57.0,73.49,Unknown,34.0,44.45,b,39.0,51.34,B,67.0,58.88,Unknown,52.0,40.56,C,97.0,78.49,a,49.0,32.76,a,14.0,74.07,C,74.0,33.89,Unknown,6.0,58.11, 
3195,Bella,Persian,18,5.09,Orange,male,N,No,No,New York,wet,,Jan 5 2024,unknown, ,34.0,45.69,b,76.0,91.54,D,,63.64,Unknown,,67.71,a,,48.14,b,13.0,82.44, ,69.0,71.14,Unknown,71.0,31.12,A,,40.22,D,,58.87,C,42.0,55.12,b
3196,Kitty,Persian,23,3.05, WHITE,female,yes,No,,,wet,SICK,2024/01/05,58.84,C,55.0,51.43,B,4.0,46.14, ,60.0,2.03, ,34.0,53.28, ,,45.32,D,31.0,32.33, ,1.0,37.38,a,,58.27,Unknown,18.0,63.67,C,61.0,17.7,A,25.0,71.37,D
3197,Luna,,18,6.64,Black,Male,,No,Unknown,London,,Checkup Needed,2024-01-05,51.41,B,77.0,44.01, ,91.0,74.16,a,5.0,51.76,D,61.0,24.54,b,18.0,58.98,C,35.0,48.25,C,52.0,67.84,A,8.0,28.59,A,74.0,84.85,B,50.0,66.54,Unknown,41.0,56.5, 
3198,Smokey,Ragdoll,5,4.22,,male,N,YES,No,London,,healthy,2024-01-05,43.81,D,,34.66,C,39.0,41.58,D,64.0,34.79,B,23.0,30.69,a,17.0,53.08,Unknown,8.0,54.26,b,19.0,56.93,b,11.0,79.45,b,12.0,34.28,A,,75.12,A,63.0,46.2,D
3199,Kitty,SIAMESE,-2,5.04, WHITE,F,no,,Unknown,Paris,Mixed,Sick,,51.38,B,61.0,47.53,D,17.0,-1.26,C,21.0,18.8,C,49.0,41.23,C,86.0,48.87,b,,77.84,a,67.0,41.7,B,79.0,78.31, ,7.0,unknown, ,68.0,41.96,C,33.0,37.74,D
3200,Luna, Sphynx,10,5.44,Orange,F,Yes,YES,,London,,SICK,Jan 5 2024,67.54,A,93.0,11.31,C,22.0,42.95,Unknown,67.0,77.61,A,43.0,83.01,Unknown,78.0,60.75,B,97.0,83.76,a,99.0,31.76,D,69.0,40.97, ,7.0,41.05,a,5.0,76.32,A,54.0,57.68, 
3201,Kitty,,15,1.79,Black,Unknown,Y,,Yes,Berlin,Mixed,SICK,05/01/2024,37.73,a,,10.7,A,53.0,80.31,D,49.0,69.08,b,,38.07,D,14.0,52.01,C,20.0,67.86,D,80.0,46.73,A,90.0,39.76, ,83.0,48.77,b,71.0,15.88, ,84.0,19.8,A
3202,Simba, Siamese,5,4.31,Brown,male,No,NO,No, london,Dry,Sick,Jan 5 2024,44.76,C,54.0,26.33,B,51.0,26.78, ,28.0,38.58,B,16.0,44.15,Unknown,15.0,59.99,b,14.0,35.63,a,75.0,67.85,C,82.0,36.15, ,86.0,54.94,A,54.0,60.42,B,63.0,9.98,a
3203,Milo,BENGAL,10,2.91,White,F,No,Yes,No,Toronto,,healthy,2024/01/05,34.04, ,38.0,49.76,B,99.0,57.99,b,13.0,28.98, ,83.0,52.84,B,90.0,79.83,C,77.0,70.29,b,43.0,44.05,D,72.0,57.39,Unknown,,8.8,A,,51.77,D,,31.12,Unknown
3204,Milo,,21,1.6,Gray,M,No,YES,Unknown,Toronto,Wet,Sick,Jan 5 2024,56.06,C,,48.93,Unknown,,3.68,D,55.0,22.94,D,,27.44,C,71.0,110.61, ,81.0,18.71, ,25.0,60.67, ,62.0,66.7,B,10.0,68.89, ,60.0,39.84,B,93.0,52.15,B
3205,Tiger,siamese,4,2.78, WHITE,male,no,Yes,No, london,Wet,Sick,05/01/2024,7.75,D,26.0,33.27,C,51.0,35.36,B,53.0,57.49,Unknown,9.0,46.2, ,33.0,30.18,A,1.0,35.1,Unknown,67.0,37.0,b,,62.2,B,,64.72, ,90.0,51.93,Unknown,15.0,33.28,A
3206,Bella,Abyssinian,0,2.89,black ,Unknown,yes,No,,Sydney,Mixed,healthy,,error,D,86.0,65.39,A,96.0,70.38,Unknown,97.0,N/A,b,72.0,21.59,Unknown,75.0,16.17,Unknown,95.0,49.48,b,81.0,53.49,D,45.0,66.82, ,32.0,76.61,Unknown,44.0,60.23,B,40.0,50.67,B
3207,Oreo,RAGDOLL,7,6.18,Orange,,no,,,Tokyo,wet,healthy,05/01/2024,93.64, ,86.0,87.57,a,7.0,94.42,C,56.0,74.01,a,27.0,29.78,C,48.0,32.69,a,95.0,58.38, ,29.0,57.34,b,38.0,44.82,b,54.0,76.59,a,16.0,71.1,Unknown,33.0,42.56,C
3208,Luna,SPHYNX,16,5.28,Brown,Female,No,YES,No,Berlin,dry,Sick,,60.87, ,28.0,21.0,b,55.0,50.77, ,47.0,45.84,a,,33.91,a,94.0,33.72,a,98.0,57.72,a,97.0,58.77,b,65.0,53.68,b,62.0,61.83,b,19.0,75.51,C,,52.5,b
3209,Kitty,Persian,24,5.92, WHITE,male,yes,No,No,Berlin,,Sick,,72.07,D,89.0,78.58,D,20.0,64.38,b,76.0,48.69,B,7.0,74.07,A,72.0,18.59,Unknown,81.0,27.72,Unknown,3.0,49.42,C,89.0,56.07,A,37.0,87.11,D,22.0,,D,90.0,25.02,A
3210,Loki,BRITISH SHORTHAIR,10,6.23,Mixed,M,yes,YES,Yes,Toronto,Wet,healthy,2024-01-05,66.91, ,79.0,17.44,Unknown,64.0,63.32,C,45.0,75.28,C,14.0,54.72,B,5.0,64.24,D,75.0,62.66,C,89.0,44.56, ,,48.32,a,27.0,62.74,C,17.0,58.17,D,24.0,64.11,A
3211,Chloe,RAGDOLL,16,6.02,black ,male,N,,No,Paris,Mixed,healthy,2024-01-05,25.62, ,41.0,47.75,a,11.0,40.78,A,,54.56,Unknown,20.0,65.24,a,10.0,60.39,a,14.0,27.39, ,29.0,92.93,A,38.0,44.27,B,,78.45,b,11.0,37.19,C,32.0,49.74,C
3212,Loki,persian,5,5.4,Mixed,F,yes,Yes,No,London,wet,SICK,,30.86,C,19.0,43.34,B,66.0,42.49,B,67.0,72.76,C,47.0,98.67,A,16.0,40.43,b,62.0,80.61,A,25.0,23.3,C,2.0,73.63,Unknown,1.0,39.45,b,94.0,42.83, ,77.0,54.31,A
3213,Loki,SCOTTISH FOLD,15,3.41,Mixed,,no,,No,Paris,wet,,,91.23,a,97.0,62.32,a,19.0,62.49, ,73.0,62.44,A,73.0,45.02,A,14.0,56.33,a,27.0,46.94, ,65.0,20.18,C,,2.47,A,35.0,30.48,a,70.0,30.11,a,10.0,33.91,b
3214,Simba,bengal,24,5.17,Orange,M,,YES,,TOKYO,wet,Sick,,35.91,B,77.0,64.87,A,8.0,78.03,C,21.0,25.96,B,97.0,N/A,A,62.0,44.73,b,6.0,10.56,C,98.0,46.18,a,76.0,30.52,b,5.0,76.63, ,,8.34, ,47.0,23.63, 
3215,Oliver, Siamese,12,3.19,White,female,N,YES,No,Berlin,,SICK,Jan 5 2024,51.63,D,80.0,69.55,B,99.0,79.06,C,40.0,50.36,a,48.0,34.58, ,44.0,65.93, ,19.0,50.17,b,91.0,19.17,Unknown,77.0,30.08,b,,30.73, ,4.0,27.65,D,22.0,46.72,D
3216,Milo,Ragdoll ,4,4.99,Brown,Male,no,No,No, london,Dry,,,60.13,A,74.0,50.74,Unknown,78.0,45.1,C,6.0,48.49,A,98.0,40.95,D,87.0,55.39,C,,45.07,C,2.0,83.92,C,89.0,35.68,A,83.0,55.46, ,0.0,55.6,Unknown,62.0,30.73,A
3217,Oreo,siamese,21,7.62,black ,,N,No,No,Tokyo,Mixed,Checkup Needed,05/01/2024,,a,51.0,65.8,A,19.0,19.72,Unknown,92.0,60.08,C,34.0,32.68, ,49.0,,A,83.0,45.43,D,85.0,34.78,B,20.0,57.63,Unknown,5.0,48.19,b,55.0,36.32,A,97.0,34.76,A
3218,Tiger,Unknown,4,3.74, WHITE,Unknown,yes,,No,Paris,dry,,,58.42,B,84.0,60.96,a,80.0,41.21, ,93.0,20.87,Unknown,40.0,34.62,B,,54.03,a,18.0,68.17,A,47.0,76.23,D,41.0,15.26,B,59.0,80.27,b,11.0,25.51,Unknown,79.0,62.05, 
3219,Oreo,,0,4.97,Orange,Male,,,Yes,Berlin,,healthy,,45.44, ,83.0,86.98,b,55.0,60.69,a,13.0,67.37,a,66.0,70.1,Unknown,48.0,46.28,D,63.0,35.94,Unknown,44.0,31.0,a,64.0,34.35,A,,23.45,a,7.0,67.73,B,,25.15,D
3220,Lucy,Abyssinian,15,1.04,Black,M,Yes,No,No,TOKYO,Dry,Healthy,,37.38,D,16.0,52.9,D,64.0,43.61,Unknown,17.0,1.13,Unknown,99.0,86.12,b,79.0,24.91,D,96.0,15.34,C,15.0,60.23,C,41.0,16.54,B,,47.21,Unknown,19.0,32.78,D,65.0,38.05, 
3221,Loki,Unknown,11,4.3,Brown,female,Y,Yes,,London,Mixed,Checkup Needed,,49.98,B,88.0,70.05,Unknown,,67.3,C,56.0,67.79,Unknown,81.0,91.89,Unknown,46.0,69.52, ,43.0,44.89,A,66.0,47.2,Unknown,56.0,61.19,Unknown,28.0,36.43,A,24.0,34.17,C,68.0,51.92,B
3222,Shadow,,22,4.97,Brown,Female,Yes,No,Unknown,Paris,Mixed,SICK,2024/01/05,33.27,C,44.0,-2.84,b,3.0,41.08,Unknown,18.0,54.57,C,67.0,63.37,a,17.0,57.05,B,27.0,49.42,b,17.0,23.51,b,76.0,63.19, ,13.0,78.76, ,3.0,17.49,B,13.0,45.72,C
3223,Nala,British Shorthair,17,3.33,White,female,Y,YES,Yes,New York,Mixed,,2024/01/05,43.53,Unknown,92.0,46.84,A,77.0,50.97,b,7.0,41.83,A,39.0,62.1,B,63.0,38.64,a,2.0,43.3, ,44.0,44.97,A,39.0,36.25,b,74.0,70.61,B,42.0,46.08,A,24.0,79.01,b
3224,Loki,ragdoll,14,-0.88, WHITE,F,yes,YES,No, london,Wet,SICK,,28.02,Unknown,75.0,68.45,D,92.0,42.42,D,93.0,60.46,C,29.0,25.55,D,,38.13,Unknown,20.0,39.09, ,3.0,39.69,a,,80.53,Unknown,36.0,74.18,C,64.0,83.26,Unknown,0.0,66.57, 
3225,Loki,Scottish Fold ,6,4.92,Brown,female,Yes,YES,No,Toronto,dry,SICK,,18.41,C,37.0,54.33,b,77.0,13.53,Unknown,60.0,82.22,a,70.0,59.21,C,21.0,46.07, ,47.0,35.66,B,24.0,71.21,Unknown,61.0,48.51,B,69.0,74.31,C,1.0,19.76,D,37.0,46.82,A
3226,Simba, Bengal,7,6.58,Brown,male,no,,Unknown,Berlin,dry,Healthy,,46.11,D,81.0,73.99,A,17.0,73.23,C,,69.65,b,,35.82,b,41.0,62.8,C,33.0,64.19, ,39.0,103.51,a,,66.89,B,63.0,62.28,B,19.0,36.37,D,1.0,error,a
3227,Oreo,Abyssinian,5,4.05,,M,,,,London,,Healthy,,20.76,Unknown,,89.9,D,33.0,35.68,D,11.0,93.19,C,80.0,87.84,a,24.0,30.18, ,85.0,45.8,C,14.0,73.71,a,81.0,35.08,Unknown,35.0,83.44,C,4.0,68.33,b,58.0,68.24,Unknown
3228,Luna,scottish fold,23,7.4,Mixed,Female,no,NO,Yes,,dry,Checkup Needed,,74.99,A,83.0,61.15,C,25.0,63.19,Unknown,23.0,-0.25,B,20.0,48.3,a,87.0,46.54,a,,38.55,B,7.0,39.98,Unknown,13.0,48.97,B,80.0,36.21,A,8.0,56.51,Unknown,44.0,64.57,b
3229,Simba,,16,2.97,Orange,F,yes,,, london,Mixed,healthy,05/01/2024,35.84,B,14.0,11.13,a,,34.17,B,,71.89,a,87.0,6.38, ,23.0,74.27,C,81.0,30.88,a,,63.43,b,22.0,54.6, ,78.0,63.57, ,89.0,55.55,a,,47.18,Unknown
3230,Lucy,RAGDOLL,17,4.0,Mixed,male,N,NO,,,wet,Checkup Needed,05/01/2024,67.05,D,,62.14,A,36.0,67.41,A,77.0,49.71,b,59.0,84.05,b,3.0,14.47,C,68.0,65.2,A,10.0,26.46,a,55.0,99.41,b,34.0,54.55,a,,55.15,b,96.0,58.14,C
3231,Lucy,,-1,3.78,Gray,Female,no,NO,Unknown,Sydney,dry,SICK,2024/01/05,60.06, ,92.0,44.35,a,73.0,39.64,B,46.0,55.94, ,42.0,52.8,B,99.0,45.08,D,72.0,70.0,b,40.0,51.33,b,89.0,15.92,Unknown,99.0,72.05,D,60.0,59.38, ,60.0,50.45,A
3232,Chloe,,23,-0.09,Black,Female,Yes,NO,Yes,,Dry,Checkup Needed,,84.57,D,91.0,67.57,a,48.0,24.35,A,2.0,67.4,b,44.0,41.22, ,50.0,47.82,D,23.0,62.32,a,49.0,41.41,b,51.0,52.7,b,8.0,86.32,A,,unknown,Unknown,,67.5,C
3233,Tiger,SIAMESE,24,5.63,White,Female,no,YES,Yes,Sydney,,,,23.87,b,35.0,76.26, ,50.0,77.9,b,61.0,57.96,A,,51.17,A,93.0,68.63, ,48.0,80.13,a,88.0,41.75,B,5.0,58.29, ,19.0,56.53,D,77.0,44.62,A,76.0,unknown,D
3234,Nala, British Shorthair,17,5.93,White,Female,Y,YES,Unknown,New York,dry,Checkup Needed,2024/01/05,47.11,b,,48.69,a,86.0,58.3,b,,46.01,B,22.0,80.51, ,51.0,40.46,a,26.0,62.51,A,,75.5, ,55.0,52.89,D,11.0,42.78,Unknown,85.0,66.72,a,44.0,78.25,Unknown
3235,Shadow,ragdoll,19,5.22,,female,N,YES,No,Paris,Dry,SICK,,55.73, ,18.0,58.56,a,,67.59,B,91.0,54.62,C,49.0,45.08,C,47.0,48.38,D,55.0,82.28, ,10.0,54.25,b,84.0,26.52,Unknown,69.0,41.34, ,35.0,45.95,D,52.0,51.45,Unknown
3236,Shadow,,18,7.41,White,Unknown,N,No,,,wet,SICK,2024-01-05,53.88,Unknown,,35.7,Unknown,87.0,53.52,C,13.0,81.32,C,39.0,22.09,B,71.0,35.46, ,16.0,58.99, ,12.0,57.33,B,15.0,24.39,b,16.0,60.31,Unknown,43.0,33.4, ,44.0,25.71,Unknown
3237,Lucy, Ragdoll,9,4.73,Mixed,female,No,,Yes,Tokyo,wet,healthy,05/01/2024,68.17,D,,41.98,C,45.0,40.42,b,22.0,22.69, ,16.0,33.86,A,6.0,64.48,A,95.0,61.97,A,1.0,48.68, ,98.0,52.07,Unknown,34.0,36.15,Unknown,50.0,42.2,C,12.0,62.47,C
3238,Chloe,Unknown,1,4.42,Gray,F,Yes,Yes,Unknown,,Dry,Healthy,2024/01/05,56.41,Unknown,50.0,56.8,C,84.0,56.02,D,44.0,15.81,b,85.0,59.16,b,60.0,49.83,a,61.0,38.97,A,22.0,84.57,C,81.0,43.73,B,66.0,45.67,a,12.0,19.26,b,,43.38, 
3239,Bella,ABYSSINIAN,0,4.42,Black,Female,Yes,Yes,,Paris,dry,healthy,2024-01-05,54.73,C,73.0,44.93,Unknown,53.0,67.22,C,53.0,41.7,C,20.0,48.61,Unknown,73.0,75.09,A,1.0,39.75,B,86.0,78.58,B,63.0,51.66,A,36.0,43.02,Unknown,,84.11,A,30.0,N/A,D
3240,Oliver,,20,5.82,black ,Female,Y,No,Yes,Tokyo,,Checkup Needed,,70.25,A,19.0,59.5,D,,78.36,b,43.0,81.2,b,2.0,39.15,B,39.0,57.33,b,30.0,48.85,B,41.0,81.97,D,,75.14,C,41.0,26.69,b,63.0,84.26,C,86.0,30.64,D
3241,Kitty,Bengal,-2,3.7,Black,F,Y,Yes,No,Paris,Wet,SICK,05/01/2024,45.34,Unknown,56.0,28.45,C,15.0,50.2,B,21.0,9.62,a,61.0,61.5,B,15.0,69.52,D,5.0,69.57,a,47.0,68.36, ,42.0,86.11,b,96.0,35.27, ,93.0,84.53,Unknown,39.0,80.47,b
3242,Shadow,,23,3.53,,F,,YES,Yes,New York,Wet,SICK,05/01/2024,60.56,B,82.0,61.14, ,7.0,50.86,a,86.0,32.43,B,88.0,89.01,Unknown,55.0,44.49,D,57.0,61.38,Unknown,95.0,28.49,B,90.0,65.67,D,29.0,67.55,C,10.0,34.15,D,83.0,50.41,a
3243,Tiger,bengal,22,4.15,Orange,Unknown,No,NO,,,Mixed,SICK,,47.91,A,,50.74, ,14.0,78.23,C,51.0,41.58,a,,error,C,32.0,39.29,b,68.0,56.02,b,11.0,46.19, ,3.0,54.32, ,,-6.21,a,78.0,60.76,D,58.0,64.4,Unknown
3244,Bella,Bengal,12,1.11,Orange,Unknown,No,,,Berlin,Dry,healthy,Jan 5 2024,86.87,D,30.0,26.45, ,74.0,46.44,Unknown,38.0,8.32,D,38.0,71.15,B,,29.28, ,15.0,43.72,b,16.0,57.32,b,15.0,76.26,C,63.0,56.27,D,,unknown,A,77.0,62.28,A
3245,Kitty,,-2,6.68,Black,female,No,Yes,No,New York,,,,68.56,D,84.0,81.75,A,8.0,74.0,a,77.0,19.28,B,68.0,64.57,B,80.0,54.11,b,35.0,50.6,C,82.0,94.76, ,66.0,70.99, ,2.0,45.88,Unknown,6.0,12.07, ,12.0,64.34,A
3246,Chloe,Unknown,6,4.7,Mixed,,no,,Unknown,Tokyo,Wet,,2024/01/05,51.22,A,76.0,28.28,D,30.0,27.54,b,90.0,60.94,C,48.0,40.55,A,74.0,39.73,a,10.0,43.14,C,45.0,44.94,D,2.0,45.01,B,,79.55, ,5.0,77.49,B,42.0,32.9,Unknown
3247,Bella,,24,3.52,Mixed,Male,No,YES,Unknown,Tokyo,,Checkup Needed,2024-01-05,39.99,D,94.0,70.61,D,5.0,52.96, ,30.0,38.83,D,46.0,64.41,a,24.0,48.78,D,48.0,38.0, ,66.0,70.16,a,,30.93,Unknown,38.0,61.25,C,77.0,27.41,A,69.0,50.1,a
3248,Leo,,2,4.76,black ,Female,Y,YES,,Sydney,Wet,Healthy,,75.86,B,18.0,67.16,B,48.0,66.68,Unknown,47.0,66.06,D,97.0,64.52,a,71.0,70.87,A,,12.64,a,50.0,68.72,a,92.0,66.35, ,29.0,60.27,b,4.0,40.33, ,28.0,49.58,a
3249,Lucy,Abyssinian ,17,3.33, WHITE,Female,yes,Yes,,,,,,65.9,C,,82.15,b,76.0,17.44,Unknown,50.0,34.58,B,98.0,45.14,a,36.0,17.02,a,76.0,80.03,A,,56.44, ,90.0,86.42,a,63.0,,Unknown,22.0,61.7,A,59.0,37.34,D
3250,Chloe,PERSIAN,20,1.22,Black,Male,,,,New York,Mixed,,,75.0,C,60.0,78.94,Unknown,17.0,,B,95.0,25.28,b,42.0,42.54,Unknown,28.0,32.57,a,15.0,78.88,B,50.0,31.44, ,,40.5,a,58.0,65.12, ,44.0,9.96,B,2.0,84.41,A
3251,Lucy,maine coon,22,5.87,Gray,,Y,NO,No,,wet,,05/01/2024,63.5, ,14.0,50.66,C,10.0,37.54,Unknown,73.0,83.11,B,27.0,66.54,D,52.0,-3.84,D,40.0,52.82, ,43.0,45.07, ,82.0,81.08,D,94.0,75.45,a,51.0,61.69, ,80.0,39.34,a
3252,Tiger, Ragdoll,18,5.56,Orange,F,,No,,Toronto,Dry,SICK,,25.86,A,83.0,66.59,A,9.0,51.27,a,54.0,53.96,b,39.0,unknown,C,22.0,46.81,Unknown,89.0,67.24,C,18.0,60.54,D,76.0,17.26,b,76.0,71.69,a,98.0,55.52,B,4.0,50.36,A
3253,Oreo,BRITISH SHORTHAIR,16,3.38,Black,Female,Y,NO,Unknown,,Wet,,Jan 5 2024,37.63,B,20.0,59.76,a,77.0,79.05,Unknown,73.0,33.08,C,83.0,12.76,Unknown,96.0,53.82,a,5.0,24.11,D,74.0,49.21,A,10.0,39.64,C,98.0,23.63,b,47.0,46.76, ,66.0,38.08,b
3254,Leo,,18,2.75,Brown,M,Y,NO,Yes,New York,Mixed,Checkup Needed,,43.84,B,21.0,47.35,C,15.0,39.88,A,12.0,29.21,C,,47.94,Unknown,96.0,43.72, ,72.0,23.46,a,65.0,20.96,a,36.0,25.92,b,62.0,69.37,A,25.0,48.93,A,52.0,47.57, 
3255,Chloe,SPHYNX,3,5.25,Gray,Female,N,No,Yes,London,dry,Checkup Needed,2024/01/05,35.92,C,98.0,28.92,Unknown,47.0,35.03,B,,58.62,b,37.0,73.2,A,,42.99,b,56.0,73.86,C,32.0,19.84,b,62.0,34.11,C,35.0,2.53,a,69.0,41.11, ,7.0,27.32,C
3256,Lucy,Unknown,5,3.96,,Female,Yes,YES,,London,Wet,Sick,2024/01/05,55.58,D,30.0,19.1,B,54.0,91.55,Unknown,56.0,47.46,A,48.0,41.76, ,85.0,23.6,B,19.0,43.73,a,63.0,29.97,D,76.0,45.84, ,47.0,43.91,Unknown,27.0,56.39,C,13.0,57.74,D
3257,Luna, Maine Coon,0,6.08, WHITE,male,yes,,No,Berlin,Mixed,healthy,Jan 5 2024,35.41,Unknown,86.0,74.84,B,92.0,49.2,A,46.0,56.93,Unknown,9.0,25.95,C,54.0,51.7,B,80.0,49.53,a,17.0,67.0,A,0.0,14.62,C,55.0,52.58,D,51.0,48.17,B,51.0,70.6,b
3258,Leo,Unknown,17,3.2,Orange,female,no,Yes,No,London,Mixed,healthy,Jan 5 2024,11.65,a,43.0,64.74,Unknown,41.0,48.02,Unknown,87.0,30.83,C,30.0,63.95,b,25.0,56.46,D,36.0,37.41, ,52.0,43.39,A,37.0,68.74,D,65.0,73.85,D,79.0,60.78,C,57.0,28.99,C
3259,Loki,scottish fold,-1,6.0, WHITE,female,,No,,Toronto,,healthy,2024/01/05,,b,53.0,36.97,D,34.0,90.63,D,96.0,34.73,Unknown,81.0,1.07,Unknown,24.0,54.88,C,10.0,66.2,Unknown,59.0,61.12,D,,96.77,b,71.0,49.57,b,0.0,27.79,B,96.0,68.78,C
3260,Milo,British Shorthair ,23,4.97,White,Male,no,No,Unknown,New York,,Healthy,,36.87, ,58.0,38.99,D,99.0,75.88, ,92.0,62.65, ,12.0,15.92,b,13.0,81.82,C,32.0,60.09,D,66.0,86.71,C,81.0,74.84,B,55.0,66.28, ,13.0,59.9,B,19.0,53.14, 
3261,Luna,RAGDOLL,11,4.62, WHITE,,,No,,Toronto,wet,SICK,,81.2,B,72.0,52.38,Unknown,21.0,60.9,a,89.0,57.27,a,21.0,76.24,C,87.0,75.32,B,89.0,54.11,b,8.0,76.66,Unknown,30.0,47.68,A,76.0,37.89,a,17.0,20.42,Unknown,78.0,53.52,C
3262,Chloe,Siamese,20,2.38,White,Female,No,No,, london,,Sick,Jan 5 2024,62.99,b,,50.24,D,98.0,44.17,D,14.0,42.45,C,39.0,39.07,D,84.0,57.07,C,64.0,44.8,a,0.0,87.43,b,62.0,unknown,A,37.0,53.42,a,83.0,67.69,A,8.0,40.33,D
3263,Shadow,Unknown,8,5.06,Brown,female,yes,NO,Yes,TOKYO,Dry,Healthy,05/01/2024,55.93,Unknown,78.0,98.33,D,85.0,48.75,b,,22.81,B,93.0,73.52,B,45.0,77.06,B,79.0,unknown,a,,63.58,a,29.0,56.84,a,97.0,79.38,a,60.0,48.24,a,92.0,12.74,C
3264,Smokey,RAGDOLL,15,6.19,Brown,female,no,No,Unknown,Tokyo,Dry,SICK,,68.6,D,10.0,42.01,A,,51.2,Unknown,,40.15,b,76.0,49.99,C,55.0,55.51,a,4.0,67.41,Unknown,85.0,41.22,A,79.0,51.45,C,9.0,52.62,A,,13.41,b,2.0,50.0,B
3265,Shadow,Bengal,4,5.93,White,,Yes,Yes,Unknown,Paris,wet,SICK,,58.19,Unknown,,64.92,b,43.0,67.23,b,31.0,34.31,b,89.0,53.46,Unknown,11.0,61.59,a,4.0,36.57,b,81.0,52.02,B,83.0,78.09,a,67.0,41.08,Unknown,25.0,30.11,a,2.0,25.66,Unknown
3266,Leo,SPHYNX,19,6.85, WHITE,female,,,No,Tokyo,Dry,Healthy,,16.23,Unknown,23.0,44.72,C,50.0,N/A,b,13.0,62.54, ,57.0,60.0,C,,52.39, ,41.0,72.81,D,85.0,69.69, ,7.0,48.0,Unknown,63.0,61.6,B,,unknown,Unknown,65.0,60.38,B
3267,Shadow,Persian,-2,3.7,Orange,male,No,No,Unknown,London,Wet,Sick,2024/01/05,27.45,D,,41.67,D,58.0,67.75,C,29.0,64.5,C,59.0,74.39,Unknown,31.0,57.33, ,3.0,35.11,D,92.0,22.01,b,76.0,18.58,B,86.0,90.93,A,71.0,33.34,b,19.0,50.4,b
3268,Chloe,,5,5.26,Gray,female,,Yes,, london,dry,Checkup Needed,Jan 5 2024,39.12,Unknown,94.0,34.24,b,54.0,32.41,a,58.0,27.28,C,19.0,51.32,A,58.0,31.19,a,13.0,53.84,A,17.0,69.67,a,61.0,46.06,Unknown,39.0,93.19,D,62.0,47.44,b,60.0,65.64,D
3269,Leo,,21,5.05, WHITE,female,,No,Yes,Berlin,,Checkup Needed,Jan 5 2024,65.16,C,60.0,60.48,D,80.0,39.63,D,68.0,44.21,A,70.0,76.24,A,92.0,50.08,B,97.0,14.25,a,39.0,25.17,A,78.0,78.88,Unknown,15.0,9.0,b,34.0,34.45,C,4.0,60.8,A
3270,Lucy,Bengal,3,4.35,Brown,female,N,No,No,Berlin,,healthy,2024-01-05,44.19,a,65.0,62.25,Unknown,52.0,56.57,a,35.0,72.75,a,16.0,18.15,A,49.0,31.39, ,37.0,38.89,a,79.0,61.09,A,27.0,35.83,b,,25.8,B,63.0,68.33,D,,31.24,B
3271,Loki, Scottish Fold,8,1.37,Gray,male,Yes,YES,No,Paris,wet,,2024/01/05,66.95,D,30.0,24.45,b,95.0,33.72,D,44.0,79.35,a,64.0,12.13,C,22.0,19.67,Unknown,12.0,37.37,A,16.0,23.12, ,7.0,40.83,a,79.0,36.97,A,94.0,70.22,B,5.0,60.79,Unknown
3272,Kitty,siamese,7,4.2,White,female,yes,NO,,Berlin,,Checkup Needed,,67.19,b,66.0,22.42,C,74.0,61.47,b,74.0,35.79,A,88.0,18.62,a,63.0,65.19,D,16.0,45.68,C,95.0,49.27,D,,41.83,D,38.0,74.21,b,4.0,52.89,A,33.0,18.91,Unknown
3273,Bella,siamese,-1,3.38,Orange,Female,N,,Yes,Berlin,dry,Healthy,05/01/2024,0.67,A,19.0,51.96,Unknown,,44.57, ,,54.7, ,70.0,64.13,A,0.0,N/A, ,33.0,58.6,D,73.0,57.13,a,96.0,15.14,A,76.0,23.13,A,,75.29,a,58.0,17.78,D
3274,Simba,Unknown,-2,7.02,Black,female,No,Yes,Yes,Berlin,,SICK,05/01/2024,49.54,a,20.0,40.46,Unknown,19.0,69.03,A,25.0,35.03,A,19.0,48.92,Unknown,,7.82,Unknown,99.0,54.15, ,87.0,88.56,C,85.0,20.05,a,46.0,-1.63,A,60.0,40.0,a,52.0,4.36,Unknown
3275,Milo,BENGAL,1,4.87,White,male,N,No,No,Sydney,Mixed,healthy,Jan 5 2024,47.28,b,97.0,39.59,B,19.0,88.32,B,89.0,63.22,D,13.0,41.81,A,71.0,61.33, ,84.0,24.22,b,72.0,26.53, ,95.0,44.61,D,95.0,73.34,C,77.0,53.14,D,83.0,64.03,Unknown
3276,Bella,Ragdoll,23,3.57,,,,No,No,Berlin,Dry,Checkup Needed,,70.68,C,53.0,97.67, ,51.0,65.44,D,54.0,66.11,D,85.0,60.83, ,25.0,72.85,A,3.0,66.83,B,70.0,36.04,B,34.0,69.44,b,68.0,68.19,B,62.0,25.55,a,19.0,14.05, 
3277,Simba,Unknown,6,7.97,White,Female,Y,YES,Yes,New York,,healthy,,104.08,a,46.0,72.3,C,63.0,28.69,Unknown,66.0,55.49,A,12.0,44.38, ,97.0,50.97,Unknown,38.0,80.65,Unknown,26.0,27.38,C,62.0,41.72,B,82.0,75.84,C,15.0,49.14,b,,37.66,C
3278,Smokey,,10,3.21,Brown,M,no,Yes,Unknown,London,wet,Checkup Needed,Jan 5 2024,88.67,B,9.0,51.23,a,50.0,32.5,B,94.0,43.44,b,26.0,74.76,Unknown,90.0,54.03,Unknown,30.0,70.41,A,57.0,39.03,Unknown,18.0,37.47,C,72.0,24.96,b,22.0,38.96,C,74.0,45.77,A
3279,Kitty,PERSIAN,1,4.44, WHITE,,Y,Yes,No,TOKYO,wet,Sick,2024/01/05,58.45,D,74.0,25.58,Unknown,19.0,,C,16.0,57.55,A,10.0,86.91,a,80.0,48.93,C,75.0,45.71,B,48.0,91.58,b,56.0,60.87,Unknown,,81.51,b,42.0,68.19, ,35.0,75.16,C
3280,Lucy,PERSIAN,0,2.77,,F,N,NO,Unknown,Tokyo,wet,SICK,05/01/2024,20.81, ,39.0,69.26,A,64.0,49.08,b,,51.81,C,16.0,10.12,Unknown,3.0,53.72,b,88.0,54.52,B,78.0,35.52,b,94.0,24.27,A,57.0,39.91,Unknown,20.0,52.81,B,6.0,71.39,Unknown
3281,Lucy, Maine Coon,15,2.7,White,male,Yes,YES,Yes,New York,,Sick,,unknown,B,71.0,34.19,A,13.0,48.0,C,93.0,71.27,D,73.0,88.68,Unknown,97.0,62.88,A,66.0,35.87,b,60.0,21.25,C,,34.53,A,16.0,58.51,C,2.0,27.44,A,73.0,37.67,A
3282,Kitty,Unknown,-1,4.6, WHITE,male,yes,YES,No,TOKYO,Dry,,05/01/2024,92.91,A,60.0,18.3,a,66.0,48.44,Unknown,45.0,55.61, ,80.0,54.38,b,,80.57,C,,55.36,A,22.0,61.71,C,36.0,32.56,A,81.0,54.81,b,,82.84,B,46.0,64.19,B
3283,Smokey,British Shorthair ,6,6.0,Mixed,male,No,Yes,Yes,New York,wet,Healthy,05/01/2024,41.23,a,42.0,34.92,Unknown,54.0,70.89,D,88.0,61.26,B,18.0,55.61,Unknown,0.0,42.93,B,25.0,37.86,B,61.0,66.14,Unknown,18.0,48.68, ,76.0,90.17, ,48.0,unknown, ,16.0,69.67,D
3284,Oreo,Unknown,4,4.34,Gray,M,,No,, london,Dry,Sick,2024/01/05,35.88,b,2.0,24.4,b,82.0,7.63,a,95.0,44.13,C,77.0,36.23,Unknown,61.0,16.08, ,,22.11,C,78.0,19.25,Unknown,67.0,51.74,C,,45.17,D,39.0,39.56,A,62.0,45.92,Unknown
3285,Lucy, Scottish Fold,-1,2.57,Brown,M,N,,,Berlin,Wet,,Jan 5 2024,42.77,a,96.0,75.62,Unknown,12.0,54.92,B,35.0,39.65,a,0.0,20.97,b,87.0,30.05,Unknown,13.0,error,D,83.0,38.11,A,14.0,21.77,b,89.0,85.32,b,43.0,-8.76,B,56.0,52.58,b
3286,Kitty,Unknown,9,4.96,Gray,M,No,NO,Yes,Tokyo,,SICK,,69.92,D,23.0,45.16, ,55.0,49.07, ,39.0,18.8,a,47.0,65.19,C,27.0,75.37,B,,56.96,D,35.0,87.0,Unknown,86.0,26.86,A,16.0,N/A,D,31.0,0.27,A,68.0,18.38,b
3287,Tiger,Ragdoll,14,6.71,Mixed,M,Yes,No,,Berlin,Mixed,,05/01/2024,30.35,b,,84.97,a,67.0,67.72,a,36.0,47.74,D,82.0,77.87,D,33.0,41.08,Unknown,93.0,55.27,a,62.0,62.83,D,88.0,10.7,a,38.0,98.06,D,14.0,30.63,A,62.0,50.17,D
3288,Tiger,Ragdoll,11,4.99,White,female,yes,YES,Unknown,,dry,SICK,,72.29,A,93.0,41.62,b,68.0,25.11,a,30.0,40.98,b,74.0,41.86,A,40.0,18.54,a,46.0,35.78,B,38.0,93.45,b,73.0,46.57,D,88.0,30.62,D,,76.7,B,84.0,68.89,A
3289,Milo, Siamese,11,7.25,,male,Yes,Yes,Unknown,Toronto,wet,Checkup Needed,2024-01-05,38.09, ,60.0,37.06,B,93.0,19.99,Unknown,48.0,45.89,Unknown,29.0,75.49,A,51.0,60.87,A,65.0,43.03,C,62.0,37.24,Unknown,35.0,30.39,A,68.0,59.43,D,69.0,44.81, ,79.0,42.24,D
3290,Nala,Unknown,12,5.26,Orange,male,no,Yes,Yes,Tokyo,wet,SICK,2024-01-05,51.96,D,60.0,50.87,D,74.0,101.21,D,91.0,37.15,D,36.0,64.53,D,15.0,51.37,B,88.0,30.85, ,48.0,26.28,B,76.0,52.77,B,39.0,58.37,B,,84.13,Unknown,86.0,36.38,a
3291,Tiger,persian,14,6.6,Black,Male,yes,Yes,,London,wet,Healthy,,116.35, ,82.0,25.39,b,,66.03,C,10.0,16.31,D,29.0,26.19,D,22.0,43.35,B,8.0,49.92,B,61.0,71.89,D,46.0,59.36, ,46.0,35.99,D,10.0,41.15,D,,25.72,C
3292,Oreo,Abyssinian,1,7.39,Gray,Male,no,NO,Unknown,Toronto,wet,healthy,,69.62,a,,6.02,a,14.0,17.3,D,51.0,53.81,b,,14.19,a,74.0,51.86,b,37.0,50.05,a,25.0,27.43,B,,35.15,D,24.0,69.6,B,,71.07,Unknown,1.0,67.31,C
3293,Loki, Siamese,22,5.04,,,N,Yes,No,Paris,wet,Healthy,,42.59,Unknown,1.0,39.82,Unknown,18.0,20.73,D,76.0,27.49,C,60.0,34.32,C,83.0,81.85,Unknown,69.0,-12.91,b,,27.64,C,23.0,37.77, ,,38.43,B,66.0,40.96,Unknown,0.0,51.76, 
3294,Oliver, Siamese,11,4.2,Mixed,male,Yes,NO,Unknown,TOKYO,dry,Checkup Needed,2024-01-05,29.86,a,80.0,23.34,B,38.0,19.53,D,80.0,61.05,b,63.0,50.99,a,46.0,55.74,Unknown,62.0,52.55,A,35.0,36.02,C,34.0,30.04,A,63.0,56.37,B,98.0,39.03,b,43.0,51.67,Unknown
3295,Luna,,4,5.57,Black,,N,No,,Berlin,wet,Checkup Needed,,45.57,b,76.0,49.43, ,86.0,43.76, ,39.0,14.27,B,87.0,,A,3.0,79.4,A,4.0,43.84,Unknown,,70.9,A,83.0,43.23,A,39.0,91.08,B,11.0,82.13,B,21.0,102.85,C
3296,Oliver,Scottish Fold ,16,2.98,black ,male,No,YES,Unknown,TOKYO,,healthy,2024-01-05,26.14,A,99.0,27.64,A,34.0,54.33,Unknown,83.0,58.99,a,34.0,74.28,D,28.0,111.54,b,,25.06,A,71.0,31.72,A,87.0,46.47,Unknown,77.0,55.73,A,0.0,27.68,D,,20.13,a
3297,Lucy,Sphynx ,22,4.48,Black,Female,No,YES,Unknown,Paris,wet,healthy,2024/01/05,65.58,A,60.0,39.28,b,73.0,48.44,a,69.0,61.09,A,33.0,60.92, ,16.0,61.12,Unknown,69.0,4.91,C,26.0,77.53,A,84.0,15.9,B,6.0,54.39,B,62.0,37.24,A,49.0,89.3,B
3298,Nala,British Shorthair,-1,2.99,White,F,No,No,Yes,Berlin,dry,Sick,,N/A,D,69.0,39.57,b,27.0,31.31,D,67.0,60.54,Unknown,,52.18,D,86.0,37.78, ,80.0,57.12,C,56.0,46.75,Unknown,84.0,unknown,Unknown,97.0,59.6,A,14.0,50.29, ,,41.72,Unknown
3299,Lucy,Abyssinian,6,4.79,Gray,F,no,No,,Tokyo,Dry,Healthy,2024/01/05,65.6,Unknown,29.0,12.36, ,42.0,63.64,a,52.0,78.46, ,26.0,35.43, ,85.0,44.3, ,43.0,50.31,a,,46.62,C,5.0,52.96,A,71.0,71.2, ,66.0,29.6,a,54.0,30.94,Unknown
3300,Leo,bengal,12,4.2,black ,Unknown,Yes,No,Yes,Tokyo,Mixed,SICK,05/01/2024,51.39,A,84.0,74.4,C,45.0,26.47, ,13.0,N/A,B,,42.48,C,27.0,59.23, ,55.0,65.41,B,,53.54,C,11.0,19.17,C,1.0,105.73,C,,51.01,C,,48.18,C
3301,Simba, Maine Coon,16,4.9,White,female,Y,Yes,,New York,Dry,,2024/01/05,17.2,D,,17.99,C,,27.64,D,20.0,64.98,a,,49.18, ,15.0,53.79,Unknown,,61.35,D,24.0,64.18,a,86.0,57.35,A,96.0,77.85,a,1.0,19.31, ,74.0,63.06,B
3302,Oreo, Maine Coon,7,4.6,black ,Female,no,No,,Sydney,wet,SICK,,86.23,A,11.0,34.01,a,94.0,67.52,Unknown,48.0,74.26,a,72.0,50.35,D,99.0,60.9,Unknown,,19.01, ,38.0,33.18,A,79.0,51.62,Unknown,57.0,44.94,Unknown,92.0,64.53, ,99.0,24.69,Unknown
3303,Tiger,Bengal,5,3.45,Black,M,no,,Unknown, london,wet,Sick,2024-01-05,62.01,Unknown,31.0,36.16,A,60.0,57.76,C,,17.4,Unknown,72.0,42.3,Unknown,77.0,11.99,b,20.0,62.45,D,94.0,46.92,A,21.0,31.57,B,82.0,31.97,D,60.0,53.93,Unknown,93.0,54.02,C
3304,Smokey,,22,6.69,Mixed,female,No,YES,Yes,Berlin,,,2024-01-05,34.34,B,72.0,18.71, ,86.0,78.55,b,2.0,70.16,Unknown,82.0,43.03,a,91.0,64.67,C,71.0,37.34,a,24.0,47.43,C,48.0,99.93,C,86.0,75.37,a,85.0,35.21,Unknown,87.0,43.15,B
3305,Oreo,Persian ,10,3.59,Brown,male,No,NO,Unknown,London,dry,Checkup Needed,2024/01/05,81.89,a,84.0,51.65,D,23.0,N/A,b,2.0,67.34,b,77.0,59.15,C,61.0,44.97,Unknown,43.0,28.4,C,,60.18,B,92.0,67.44,b,45.0,63.4,Unknown,97.0,10.49,A,,68.87,b
3306,Oreo, Scottish Fold,7,5.45,White,,No,YES,,TOKYO,Wet,healthy,05/01/2024,56.16,b,36.0,82.23,B,76.0,16.36,B,,24.12,D,80.0,34.17, ,46.0,57.85,Unknown,,56.76,Unknown,65.0,30.45,C,94.0,8.5,Unknown,84.0,42.5,A,,19.24,a,70.0,51.34,a
3307,Oliver,BRITISH SHORTHAIR,14,6.73,White,Female,N,NO,,Sydney,dry,Healthy,2024/01/05,73.98, ,68.0,13.77,A,30.0,77.15,C,93.0,55.2,C,,39.43,A,35.0,56.67,a,28.0,47.06,A,66.0,42.12,b,73.0,33.0,D,,39.13, ,33.0,39.15,b,26.0,100.61,b
3308,Oreo,SCOTTISH FOLD,-1,5.49,black ,,Y,Yes,Unknown,Toronto,Mixed,,Jan 5 2024,67.96,D,46.0,25.08,a,50.0,69.1,A,75.0,60.92,b,86.0,17.65,a,35.0,61.94,B,14.0,17.42,D,44.0,29.97,C,22.0,61.08,C,11.0,unknown,b,91.0,34.5, ,90.0,40.78,b
3309,Tiger,Unknown,15,3.15,Orange,,,No,Yes,Sydney,dry,SICK,,62.5,Unknown,33.0,67.25,C,41.0,37.88,A,5.0,33.37,A,41.0,22.49,A,0.0,65.53,a,78.0,52.02,B,,50.48,C,25.0,55.81,C,97.0,69.39,B,2.0,38.33,Unknown,67.0,38.09,A
3310,Milo,,-1,4.4,Orange,M,Y,Yes,Yes,Tokyo,wet,Checkup Needed,,51.39,D,51.0,20.97,A,75.0,52.32,C,6.0,16.05, ,1.0,35.28,b,13.0,72.25,Unknown,49.0,81.03,a,24.0,79.56,a,48.0,62.34,a,46.0,78.12,b,66.0,71.62,A,21.0,62.16,C
3311,Loki,Maine Coon ,16,2.83,White,Male,no,No,,Berlin,wet,Checkup Needed,Jan 5 2024,74.5,b,49.0,unknown,B,,59.26, ,81.0,39.15,b,84.0,54.88,a,97.0,51.28,b,56.0,41.21,b,97.0,67.81, ,66.0,40.86,D,68.0,34.12,C,41.0,68.38, ,0.0,53.37,D
3312,Loki, Persian,22,7.23,Orange,Unknown,No,YES,Yes,Sydney,dry,SICK,2024/01/05,49.61,C,87.0,41.64,C,22.0,34.85,B,87.0,43.43,D,65.0,38.18,A,25.0,76.72,D,,78.09,C,84.0,64.36,D,97.0,unknown, ,58.0,68.98,Unknown,43.0,61.49,Unknown,40.0,18.98,b
3313,Chloe, Scottish Fold,13,2.41,black ,F,No,NO,No,Berlin,Dry,SICK,,71.38, ,56.0,56.24,B,99.0,43.79,D,,30.83,Unknown,70.0,51.43, ,77.0,30.42,C,84.0,62.5,Unknown,37.0,26.84,B,59.0,30.5,D,87.0,4.22,B,98.0,61.71,C,65.0,42.23,b
3314,Loki, Sphynx,12,4.41,White,Male,no,,,London,dry,,Jan 5 2024,34.58,Unknown,91.0,65.83,D,53.0,72.76,a,59.0,22.99,D,1.0,76.31, ,79.0,86.73,B,,61.49,A,57.0,55.62,C,11.0,60.46,a,44.0,52.47,A,55.0,48.43,C,44.0,78.89,D
3315,Oliver,,5,3.74,Brown,M,No,YES,,,wet,,2024/01/05,30.68,Unknown,26.0,11.03,C,13.0,57.53,Unknown,96.0,50.53,A,25.0,67.92, ,19.0,20.07,a,43.0,30.81,A,28.0,53.38,a,23.0,48.5, ,3.0,57.7,A,83.0,73.26,a,96.0,66.55, 
3316,Loki,Persian,4,4.16,Gray,female,Yes,,,,wet,Checkup Needed,,20.63,a,21.0,97.47,C,,24.09,A,95.0,75.67,Unknown,6.0,64.91,A,,57.91,C,39.0,66.38,D,,31.1, ,73.0,24.24,Unknown,57.0,54.58,a,17.0,29.83, ,98.0,77.17,C
3317,Nala, Ragdoll,15,5.51,Gray,female,Yes,No,Unknown,Toronto,Wet,SICK,2024-01-05,45.92, ,58.0,46.14,C,79.0,74.1,C,51.0,52.44,B,97.0,61.84,C,7.0,29.33,a,8.0,54.76,Unknown,7.0,36.57,D,54.0,77.34,D,91.0,49.25,B,38.0,32.7,a,27.0,66.65,C
3318,Simba,scottish fold,6,4.82,Orange,Female,no,YES,Yes,London,Mixed,Healthy,,76.93,Unknown,98.0,55.53,Unknown,65.0,52.81,A,43.0,54.92,A,18.0,32.97,D,69.0,33.88,C,,69.79,a,,13.02,Unknown,80.0,52.97,D,27.0,34.58,B,7.0,35.13, ,43.0,50.91, 
3319,Chloe,Persian ,13,7.38,Mixed,female,,Yes,No,TOKYO,wet,Healthy,2024-01-05,61.26,C,17.0,109.57,b,20.0,46.35,B,71.0,54.1,D,3.0,73.42,B,59.0,39.51,C,0.0,55.05,a,33.0,20.9,D,23.0,69.79,B,,37.57,a,87.0,40.44,B,53.0,83.57,B
3320,Shadow,Bengal ,-1,5.93,Orange,male,Yes,No,No,London,wet,SICK,Jan 5 2024,29.55,a,56.0,70.09,C,,56.83,B,92.0,82.19,b,94.0,48.03,C,22.0,57.76,D,84.0,46.13,B,41.0,22.37,a,13.0,57.43,A,2.0,66.03,Unknown,93.0,19.06,D,26.0,30.12,Unknown
3321,Oreo,ragdoll,5,6.05,Mixed,Unknown,no,No,,TOKYO,Dry,Checkup Needed,2024/01/05,26.83,a,,72.3,A,38.0,20.33, ,39.0,51.97,a,28.0,34.2,Unknown,86.0,32.75,Unknown,37.0,61.26,Unknown,91.0,27.34,Unknown,46.0,41.72,a,65.0,74.67,Unknown,8.0,55.03,b,51.0,24.26,a
3322,Tiger,,18,2.96,Black,,N,NO,Yes,,Wet,Checkup Needed,05/01/2024,47.98,Unknown,86.0,65.21,B,50.0,72.54,Unknown,40.0,56.05,D,74.0,33.52,b,76.0,65.81,A,40.0,81.28,A,1.0,31.88, ,,29.54,a,,44.17, ,96.0,63.25,a,98.0,38.58,C
3323,Smokey,Sphynx ,6,3.53, WHITE,Female,no,,,London,Dry,Checkup Needed,2024/01/05,37.39, ,21.0,19.74, ,3.0,66.6,Unknown,69.0,30.92,b,15.0,63.55,B,92.0,45.04,A,75.0,62.79,B,13.0,43.81,a,45.0,57.73,Unknown,11.0,38.22,A,9.0,54.25, ,73.0,64.62,C
3324,Tiger,Unknown,6,2.58,White,Female,No,No,Unknown,TOKYO,Wet,SICK,2024/01/05,65.44,D,36.0,8.82,Unknown,82.0,51.67,A,62.0,72.2,a,61.0,62.49,C,46.0,42.91,D,,74.26,b,,60.74,A,48.0,31.41,b,64.0,38.62,b,,63.24,Unknown,2.0,38.04,D
3325,Oreo, Maine Coon,18,3.99,Black,Unknown,no,No,Yes,Berlin,wet,SICK,,32.2,C,89.0,63.81,C,9.0,25.21,B,29.0,98.92,A,20.0,15.77,a,23.0,60.25,C,30.0,65.55,Unknown,67.0,15.54,C,1.0,28.75,A,99.0,72.01,C,67.0,87.15,Unknown,20.0,52.31,C
3326,Nala,Unknown,-2,4.3,black ,M,N,NO,No,Berlin,,,2024-01-05,43.9,B,67.0,25.91,b,19.0,53.33,D,19.0,35.22,C,21.0,72.23,D,32.0,20.81,B,,13.31,D,89.0,30.08,a,84.0,49.6,b,12.0,72.73,Unknown,49.0,17.99,A,33.0,66.68,B
3327,Tiger, Sphynx,21,3.7,black ,M,yes,NO,Yes, london,Mixed,Sick,2024-01-05,32.47,C,25.0,35.59,A,52.0,41.89, ,94.0,76.36,A,91.0,57.97,a,90.0,48.07,B,69.0,62.95,a,13.0,31.19,A,92.0,51.92,b,91.0,53.95,a,29.0,38.55,C,23.0,60.94,a
3328,Shadow,Bengal,7,3.28,White,,Yes,YES,No,Tokyo,dry,Sick,,29.44,A,63.0,0.28,D,49.0,58.01,D,61.0,61.2,b,11.0,43.86,b,86.0,90.6, ,57.0,13.58,Unknown,75.0,67.26,B,97.0,55.34,a,21.0,19.01,b,13.0,30.28,Unknown,8.0,76.63,D
3329,Oreo,,0,4.95,Orange,Unknown,No,No,Yes,Tokyo,,Sick,,49.14,A,,62.08, ,37.0,57.97,D,94.0,62.09,a,36.0,68.94,b,91.0,47.29,a,33.0,47.31,C,73.0,25.13,Unknown,73.0,74.07,C,23.0,51.02,a,3.0,48.38,Unknown,,42.97,C
3330,Smokey,british shorthair,-2,4.03,black ,,Yes,,Unknown,Paris,Wet,,05/01/2024,29.52, ,67.0,27.03,A,91.0,79.08,C,47.0,19.41,C,75.0,71.73, ,30.0,49.94,Unknown,40.0,47.31, ,80.0,N/A,b,36.0,64.78,b,33.0,72.93,C,97.0,54.8,b,97.0,unknown,b
3331,Smokey,,20,2.22,Brown,male,No,YES,,Sydney,dry,healthy,2024-01-05,73.91, ,99.0,52.5,Unknown,42.0,36.78,b,8.0,88.92,A,49.0,50.86,A,96.0,41.65,B,64.0,80.78,C,,18.78,b,80.0,74.82, ,89.0,27.25,B,0.0,25.25,A,45.0,90.0, 
3332,Bella, Abyssinian,8,4.67,Orange,female,No,YES,No,TOKYO,dry,Checkup Needed,2024-01-05,75.26, ,,70.08,Unknown,36.0,61.37,a,57.0,49.91,A,92.0,45.24,B,24.0,62.49,B,7.0,54.76,b,,65.6,Unknown,11.0,63.7,a,72.0,66.01,B,28.0,50.37,b,82.0,37.46,D
3333,Tiger,SIAMESE,6,5.17,black ,,No,Yes,,Paris,dry,,,56.16,Unknown,80.0,34.55,b,69.0,75.87, ,40.0,27.38,A,23.0,72.58, ,78.0,42.62,B,9.0,20.91,b,,49.95,C,60.0,44.34,Unknown,28.0,46.45,b,8.0,24.94,a,89.0,75.0,b
3334,Tiger,BRITISH SHORTHAIR,19,5.4,Black,Male,,,No,,Dry,,2024-01-05,20.79, ,82.0,8.42, ,63.0,-4.24,a,72.0,88.24,b,76.0,53.18,Unknown,92.0,73.78,A,37.0,28.09,D,8.0,17.87, ,36.0,85.72,b,83.0,76.96,D,8.0,error,b,9.0,57.13,C
3335,Lucy,,21,6.13,black ,Female,No,No,Yes,Berlin,dry,Healthy,05/01/2024,14.46, ,,78.26,Unknown,,30.02,C,87.0,61.18,A,36.0,33.95,Unknown,55.0,42.68,C,97.0,37.65,Unknown,73.0,35.93,D,46.0,36.36,Unknown,57.0,74.39,A,34.0,57.66,B,60.0,26.95,A
3336,Smokey,BRITISH SHORTHAIR,23,3.96,Brown,F,,YES,, london,Mixed,Checkup Needed,2024-01-05,65.25,A,9.0,61.65,C,,60.5,A,49.0,65.67,D,33.0,49.34,A,19.0,error,b,,32.98, ,,69.24,B,33.0,62.34,C,22.0,78.63,D,99.0,51.45,a,11.0,78.12,A
3337,Shadow,Unknown,11,6.5,black ,male,no,YES,,Tokyo,wet,Sick,,18.13,Unknown,23.0,43.47,C,17.0,20.11,b,34.0,45.77,C,99.0,68.33,C,53.0,64.68,B,,106.56,Unknown,49.0,40.63,B,31.0,64.04,D,60.0,89.34,a,1.0,41.03,A,46.0,24.93,D
3338,Milo,Sphynx,1,6.73,Black,Female,Yes,,Unknown,Paris,Dry,,2024-01-05,42.18,b,96.0,, ,24.0,59.5,C,53.0,43.8,D,98.0,87.78,B,,48.16,Unknown,78.0,38.09,B,,43.31,Unknown,13.0,49.89,A,59.0,21.47,B,58.0,95.73,a,53.0,62.21,Unknown
3339,Nala, Bengal,3,4.19,Brown,Unknown,Y,Yes,,Paris,Wet,healthy,05/01/2024,58.85,B,55.0,43.73,a,59.0,44.92,D,83.0,20.91,B,90.0,38.91,a,,52.1,C,77.0,19.77,Unknown,15.0,N/A,B,31.0,51.34,D,,10.09,C,46.0,65.88,b,43.0,61.54,B
3340,Lucy,ragdoll,24,3.17,Orange,Female,no,,Yes,Tokyo,Wet,healthy,2024-01-05,67.75,b,62.0,37.3,A,,,B,91.0,27.46,a,37.0,54.01,C,96.0,84.76,D,,76.4,D,76.0,32.04, ,70.0,42.48,D,64.0,41.63,a,71.0,44.36,Unknown,73.0,78.35,b
3341,Nala,SIAMESE,10,4.26,Orange,,,No,Yes,London,dry,healthy,2024-01-05,56.79,a,46.0,65.86,C,72.0,44.51,Unknown,91.0,64.25,Unknown,25.0,47.2,Unknown,64.0,30.88,B,63.0,50.27,a,18.0,35.8,Unknown,46.0,39.47,B,43.0,29.87,A,50.0,77.9,D,,55.25,A
3342,Kitty, Persian,-2,3.45,Brown,male,Y,,No,Toronto,wet,,2024-01-05,,D,28.0,53.42,a,51.0,35.32,C,45.0,32.39, ,58.0,65.06,C,91.0,35.79,C,62.0,23.18,a,66.0,71.45,Unknown,,61.53,A,78.0,72.39,C,96.0,35.41,Unknown,40.0,62.74,b
3343,Luna,british shorthair,1,7.8, WHITE,Unknown,Y,No,Yes,Berlin,Dry,Sick,05/01/2024,28.25,A,77.0,44.63,a,44.0,55.65, ,50.0,49.08,b,15.0,35.62, ,42.0,2.16,a,9.0,36.07,A,50.0,80.43,D,79.0,27.11,b,15.0,48.08,A,15.0,79.7,Unknown,79.0,77.77,a
3344,Smokey,british shorthair,9,3.28,Mixed,male,no,NO,Yes,New York,Dry,Checkup Needed,2024-01-05,22.87,D,50.0,61.54,D,25.0,33.44,C,87.0,57.08,a,54.0,52.35,a,28.0,58.51,B,17.0,50.14,C,88.0,42.4,D,38.0,71.03,b,81.0,41.98,D,13.0,48.75,C,,57.62,A
3345,Oreo,BRITISH SHORTHAIR,-2,6.59,Orange,Male,N,NO,Unknown,Paris,,Checkup Needed,05/01/2024,78.31,a,12.0,19.7,Unknown,94.0,14.73,b,72.0,67.81,a,,30.08, ,74.0,37.8,D,97.0,41.5,C,39.0,44.2,Unknown,45.0,24.57, ,89.0,67.89,A,21.0,47.71,A,38.0,40.0,A
3346,Luna,Siamese,6,4.99,Mixed,female,no,NO,No,Sydney,Mixed,SICK,,66.87, ,57.0,89.69,B,77.0,51.29,D,7.0,53.1,D,21.0,48.75, ,7.0,70.49, ,5.0,77.12,A,17.0,29.54,a,55.0,42.6,D,73.0,47.73,Unknown,50.0,44.64,a,43.0,41.32,a
3347,Oliver,Unknown,18,5.18,black ,male,N,,Unknown,,,Sick,Jan 5 2024,27.35,C,60.0,25.23,b,8.0,38.02,b,79.0,53.08,A,57.0,67.27,A,71.0,32.88,B,65.0,82.68, ,62.0,39.2,C,20.0,15.73,C,24.0,51.39, ,11.0,37.02,B,73.0,52.73,a
3348,Leo,Sphynx,12,2.95,,Female,Y,,Yes,,wet,Healthy,,78.46,a,2.0,51.41,B,74.0,48.26,a,,48.4,a,,23.78,C,17.0,33.86,a,75.0,75.66, ,6.0,58.57,a,29.0,59.27,a,93.0,41.64,D,83.0,51.35,B,75.0,47.35,a
3349,Smokey,BENGAL,22,5.89,White,Unknown,yes,YES,No,TOKYO,Wet,Healthy,,29.05,a,,61.97, ,88.0,65.07,b,11.0,63.08,a,32.0,71.2,a,32.0,52.66,B,26.0,49.81,A,52.0,36.49,b,33.0,48.26,a,12.0,44.89,D,32.0,21.47,A,92.0,34.6,A
3350,Oliver,siamese,1,6.04,White,male,yes,Yes,Unknown,TOKYO,dry,Checkup Needed,,34.44,B,87.0,28.4,A,87.0,67.53,C,92.0,38.44, ,6.0,56.98,Unknown,,53.48,B,63.0,76.04,C,94.0,8.04,C,89.0,58.54,D,41.0,43.06,A,27.0,69.06,C,70.0,61.04,b
3351,Milo,maine coon,-2,4.72,,male,Y,Yes,Yes,Toronto,Wet,Checkup Needed,2024/01/05,24.62,Unknown,68.0,60.6,Unknown,35.0,38.52,Unknown,,9.73,D,64.0,70.78,D,92.0,23.98,B,75.0,73.08,D,51.0,32.39,A,83.0,65.5,b,61.0,50.47,B,77.0,48.78,C,37.0,error,B
3352,Lucy,Unknown,7,3.79,Gray,F,No,NO,,London,Dry,healthy,,24.55,a,55.0,67.15,D,43.0,69.14,b,46.0,69.72,B,63.0,47.57,a,,60.09,C,,54.23,Unknown,83.0,52.35,C,62.0,41.45,C,50.0,29.2,A,,90.26,C,76.0,66.21,a
3353,Shadow,RAGDOLL,4,3.78,Brown,M,Y,,Unknown,Sydney,Wet,Checkup Needed,05/01/2024,65.22,A,35.0,96.67,D,92.0,38.2, ,94.0,4.23,Unknown,,25.39,A,58.0,38.27,Unknown,3.0,38.66,Unknown,92.0,31.09,Unknown,42.0,40.99,b,30.0,50.05,b,84.0,49.01,A,41.0,59.66,A
3354,Bella,maine coon,1,3.25,White,F,Y,Yes,,TOKYO,Mixed,Checkup Needed,,79.35,a,64.0,27.65, ,84.0,37.54, ,94.0,17.29,a,81.0,42.02,b,11.0,64.12,C,26.0,48.67,b,51.0,69.87,A,,39.33,C,61.0,39.18,D,85.0,53.31,A,2.0,52.18,A
3355,Kitty, Abyssinian,24,4.74, WHITE,Unknown,Y,No,,Paris,Wet,Sick,,47.59,B,11.0,42.74,b,19.0,37.31,A,14.0,28.67,C,24.0,62.56,Unknown,87.0,19.28,C,62.0,76.51,A,77.0,38.77,b,64.0,60.3,Unknown,82.0,37.3,Unknown,83.0,48.45,A,14.0,51.49,b
3356,Milo,,1,6.16,Gray,female,Y,NO,,New York,dry,Healthy,Jan 5 2024,49.69, ,88.0,38.1,Unknown,45.0,37.85,a,86.0,30.66,b,68.0,35.23,A,33.0,75.88,D,18.0,45.33,b,63.0,41.2, ,7.0,45.89,D,,53.24,Unknown,31.0,17.34,A,92.0,75.73,b
3357,Smokey, Maine Coon,13,4.3, WHITE,M,Y,YES,,New York,wet,,05/01/2024,59.8,Unknown,73.0,46.76,D,99.0,39.64,a,84.0,83.87,C,89.0,23.56,B,30.0,35.56,B,91.0,45.46,a,56.0,13.54,b,30.0,36.89,B,10.0,49.47,C,,24.52,D,30.0,51.1,a
3358,Chloe,Siamese,-2,37.26,Black,male,,Yes,No,Paris,Dry,healthy,05/01/2024,86.18,a,81.0,100.64, ,26.0,51.79,a,95.0,63.86,b,37.0,33.49, ,93.0,24.68,B,,50.82,B,9.0,,a,19.0,74.05, ,66.0,43.33,b,36.0,59.29,A,84.0,126.23,B
3359,Lucy,,4,5.72,Black,Unknown,N,NO,,Paris,Wet,Checkup Needed,2024-01-05,35.46,A,72.0,74.45,A,52.0,23.45,a,83.0,15.24,C,30.0,21.47,a,42.0,43.81,C,63.0,68.81, ,90.0,51.11,b,62.0,,A,86.0,22.75,Unknown,24.0,73.86,b,88.0,38.45,B
3360,Smokey,Unknown,10,4.7,Black,Female,yes,,Yes,TOKYO,,Sick,,52.95,a,74.0,45.0,b,47.0,63.12,a,28.0,68.1, ,79.0,47.89,C,12.0,34.93,b,16.0,40.25, ,55.0,60.25, ,55.0,29.97, ,,error,B,78.0,28.06,C,34.0,27.78, 
3361,Nala,sphynx,19,6.42,Black,female,Yes,NO,Yes,,,,Jan 5 2024,45.23,b,71.0,68.44,D,20.0,71.75,C,34.0,54.02,a,70.0,52.43, ,81.0,44.4,b,50.0,37.78,Unknown,16.0,26.94,B,96.0,54.7,B,,108.81,a,89.0,56.97,Unknown,39.0,70.24, 
3362,Lucy,Abyssinian ,16,3.99,Mixed,male,N,,Unknown,Berlin,dry,Sick,,55.05,D,67.0,56.51,D,0.0,54.13,Unknown,2.0,10.64, ,10.0,26.26,b,26.0,70.21,D,64.0,33.28,A,80.0,46.59,Unknown,75.0,61.98,D,95.0,22.05,B,21.0,15.38,b,73.0,44.18,A
3363,Smokey,Unknown,3,5.58,Mixed,female,,No,No,,Wet,Checkup Needed,,81.24,D,,41.26, ,48.0,34.81,a,42.0,51.63,C,34.0,74.98,b,,57.33,b,53.0,79.06,b,48.0,56.26,b,69.0,38.33,a,74.0,22.02, ,1.0,46.41,C,45.0,61.35,Unknown
3364,Simba,RAGDOLL,-1,5.88, WHITE,F,Yes,YES,Yes,New York,Mixed,,,42.31,B,34.0,49.82,D,67.0,46.49,A,67.0,54.6,D,13.0,,b,66.0,47.86,D,9.0,42.68,Unknown,90.0,65.7,a,,51.29, ,74.0,61.89,B,31.0,25.08,b,77.0,34.81,A
3365,Lucy,maine coon,15,3.19,black ,M,Yes,YES,Unknown,New York,Mixed,Sick,05/01/2024,74.18,D,22.0,83.53,b,93.0,46.48,C,93.0,104.17, ,97.0,14.28,b,15.0,19.76,B,58.0,51.89,b,45.0,62.15,C,45.0,58.67,C,71.0,26.23,D,1.0,69.23,B,12.0,80.9,B
3366,Simba, Ragdoll,13,0.85,Orange,Male,Y,Yes,Unknown,TOKYO,,,2024/01/05,21.69,A,70.0,56.2, ,,64.93,a,74.0,42.48,b,81.0,28.7,D,71.0,61.56,A,1.0,25.64,A,77.0,44.78,a,15.0,32.63,D,38.0,34.17, ,8.0,50.64,B,14.0,21.93,B
3367,Leo,SPHYNX,6,3.48,White,Unknown,,YES,No,New York,Mixed,,Jan 5 2024,59.48,B,58.0,57.73,C,79.0,42.78,A,19.0,39.9,b,29.0,83.01, ,0.0,51.46,a,42.0,46.08, ,37.0,52.38,b,40.0,63.74, ,37.0,78.9,C,51.0,37.53,Unknown,61.0,40.53,b
3368,Oreo, Scottish Fold,7,3.17,black ,female,Y,Yes,Unknown,Berlin,Mixed,SICK,2024-01-05,76.98, ,,27.09,D,87.0,102.73,C,,62.19, ,,48.35, ,30.0,unknown,D,2.0,45.54,a,8.0,69.56,B,78.0,55.74,a,51.0,47.79,b,19.0,41.98,B,,93.3, 
3369,Loki,british shorthair,18,2.78,,M,Yes,NO,No,Sydney,Mixed,,2024/01/05,33.82, ,83.0,72.24,a,42.0,59.03,B,51.0,error,B,28.0,15.86,A,50.0,54.99,a,12.0,62.86,a,40.0,71.84,A,11.0,51.1,A,22.0,49.14,A,62.0,51.74,D,76.0,74.13,C
3370,Shadow,scottish fold,11,6.29,Gray,F,no,,,TOKYO,Wet,Sick,2024/01/05,28.87,A,72.0,78.44,B,10.0,23.07,B,69.0,24.34, ,88.0,109.5,Unknown,97.0,64.45,Unknown,,57.65,A,26.0,53.03,Unknown,76.0,36.83,C,59.0,57.52,D,93.0,36.15,D,97.0,42.96,A
3371,Kitty,,14,5.69,,,,YES,,Toronto,Wet,Checkup Needed,Jan 5 2024,38.28, ,,53.15,a,30.0,72.95,Unknown,84.0,47.64, ,87.0,64.05, ,65.0,67.07,Unknown,20.0,110.32,B,39.0,53.45,A,36.0,38.58,a,87.0,63.5,Unknown,44.0,56.48,C,21.0,5.62,B
3372,Shadow,Unknown,7,6.64,Mixed,male,No,NO,No,,Wet,,2024-01-05,67.2,b,95.0,58.96,b,,57.41,C,62.0,-7.82,D,30.0,38.53,A,58.0,52.39,A,58.0,50.18,C,40.0,35.75,B,,75.9,B,82.0,83.82,a,36.0,78.35,B,8.0,7.26,C
3373,Kitty, British Shorthair,22,2.94,Black,female,,YES,,Sydney,wet,SICK,,51.63,A,5.0,4.81,b,17.0,54.19,a,41.0,, ,67.0,21.52,Unknown,3.0,67.34,C,17.0,76.13,b,49.0,46.26,C,17.0,35.29,C,38.0,66.05,Unknown,20.0,47.51,Unknown,8.0,24.12,Unknown
3374,Loki,PERSIAN,2,3.82,Gray,Male,yes,No,No,London,Mixed,Sick,05/01/2024,87.1,C,,95.31,D,36.0,115.73,A,17.0,54.3,C,57.0,N/A,B,1.0,24.92,Unknown,55.0,14.07,A,63.0,49.43,b,,43.21,C,,66.47,b,41.0,78.73,B,83.0,43.56,Unknown
3375,Lucy,SCOTTISH FOLD,5,2.89,Brown,Female,No,,,TOKYO,wet,Checkup Needed,2024-01-05,77.55, ,51.0,33.82,b,,41.39, ,38.0,50.69, ,46.0,28.55,C,21.0,50.65, ,82.0,12.16,D,26.0,54.92,Unknown,55.0,42.17,C,35.0,68.46,C,23.0,80.26,a,9.0,71.92, 
3376,Milo,PERSIAN,3,2.35,Black,Unknown,No,NO,No,London,dry,Sick,05/01/2024,33.7,b,2.0,49.55,C,88.0,27.45,B,16.0,46.02,Unknown,55.0,20.93,b,,8.8,D,,76.36,A,66.0,22.82,Unknown,99.0,26.12, ,55.0,46.44,B,98.0,61.36,b,,84.55,b
3377,Oliver,SCOTTISH FOLD,5,3.7,Black,Male,Y,Yes,,New York,Wet,Sick,,40.96,Unknown,17.0,76.82,A,59.0,24.26,a,52.0,79.44,A,60.0,52.44,Unknown,94.0,77.93,b,89.0,47.83,D,3.0,101.45,B,22.0,48.37,A,15.0,77.88,Unknown,19.0,66.28, ,,60.55,A
3378,Luna,Scottish Fold,18,4.77,Orange,M,Yes,NO,Unknown,Paris,,,2024/01/05,74.85,B,33.0,62.42,Unknown,5.0,51.45,A,3.0,,Unknown,5.0,23.94,C,76.0,36.95,a,18.0,30.46,b,18.0,22.32,a,14.0,18.81,A,4.0,52.49,A,40.0,55.57,C,6.0,47.11,b
3379,Luna,,1,4.99, WHITE,F,Y,NO,,New York,Dry,healthy,,78.55,A,40.0,52.14,C,35.0,,Unknown,41.0,54.97, ,4.0,15.68,A,13.0,69.76,D,31.0,39.81,Unknown,40.0,33.83,A,87.0,43.12, ,96.0,74.13,C,97.0,35.16, ,35.0,63.11, 
3380,Chloe,ABYSSINIAN,-1,5.94,White,Male,Y,,Yes,Sydney,wet,Healthy,05/01/2024,13.06,B,,33.15, ,,61.45,D,,37.98, ,22.0,53.22,Unknown,25.0,31.87,a,,36.08,A,,49.03,C,,75.61,Unknown,83.0,48.07,C,,67.92,Unknown,91.0,78.65,B
3381,Simba,Sphynx ,7,4.89,White,Male,Yes,Yes,No,TOKYO,wet,Healthy,2024-01-05,71.22,D,61.0,57.69, ,67.0,71.92,a,0.0,2.02,Unknown,51.0,49.25,D,51.0,61.65,D,78.0,54.33,Unknown,,14.62,A,76.0,30.69,B,9.0,77.78,A,10.0,27.7,B,14.0,38.25,B
3382,Kitty,,24,2.82,Mixed,,Y,YES,,New York,Wet,Healthy,,33.76, ,68.0,,C,51.0,105.64,C,90.0,44.64,Unknown,34.0,38.4,C,2.0,40.2, ,73.0,83.12,Unknown,2.0,50.95,a,68.0,84.0,Unknown,21.0,66.3,b,,5.84,b,28.0,91.73,b
3383,Oliver,Unknown,-1,1.58,,Unknown,Y,Yes,Yes,New York,wet,Checkup Needed,2024/01/05,46.28,C,0.0,54.74,C,93.0,37.34,b,10.0,62.13,A,59.0,33.36, ,86.0,59.33,a,48.0,33.18,D,71.0,65.0,b,65.0,56.88,Unknown,89.0,68.23, ,59.0,64.89,a,27.0,12.97,B
3384,Chloe,Scottish Fold,6,5.98,Orange,Unknown,Y,NO,,Berlin,Mixed,Sick,,50.39,a,84.0,47.31,C,60.0,47.97,D,16.0,error,B,88.0,56.21,C,23.0,48.34,C,24.0,78.87,C,59.0,49.92,a,52.0,74.11,D,,42.14,Unknown,28.0,46.13,A,91.0,56.12,A
3385,Lucy,Unknown,14,5.28,black ,female,No,YES,Unknown,Sydney,dry,Sick,2024-01-05,39.29,B,72.0,19.41,D,54.0,30.94,b,,46.57,D,,56.21,Unknown,40.0,69.63,Unknown,23.0,71.06,Unknown,35.0,69.25,b,14.0,23.14,a,9.0,24.33,D,35.0,40.31,a,69.0,56.33,A
3386,Shadow,Unknown,4,4.96, WHITE,Unknown,Yes,Yes,No, london,wet,Checkup Needed,,58.26,B,1.0,5.31,D,92.0,69.3,B,86.0,63.61,B,71.0,53.4, ,95.0,35.92,D,83.0,64.55,D,8.0,N/A, ,29.0,45.59,a,60.0,69.85,D,42.0,73.89,D,40.0,41.35,C
3387,Chloe,British Shorthair ,12,5.43,White,F,Yes,NO,Yes,Toronto,dry,Healthy,2024-01-05,77.16,D,19.0,59.82,a,19.0,59.39,D,95.0,54.42,b,6.0,35.24,C,27.0,16.29,A,37.0,59.73,A,68.0,70.23,B,7.0,45.93, ,26.0,41.27, ,61.0,53.51,B,,59.05,Unknown
3388,Smokey, Persian,19,3.83,Black,male,yes,,Unknown,London,Dry,Checkup Needed,2024-01-05,10.24, ,85.0,35.0, ,57.0,30.68,D,14.0,73.74,a,,52.94,D,1.0,49.91,D,6.0,88.13,D,67.0,43.13,B,49.0,40.79,a,30.0,61.45,A,52.0,11.45,C,78.0,41.1,a
3389,Tiger,ABYSSINIAN,10,4.58,black ,Unknown,no,YES,,Paris,wet,healthy,05/01/2024,46.41,B,14.0,55.37,Unknown,2.0,58.91,a,60.0,38.03,a,69.0,48.37,A,4.0,63.01,A,86.0,50.65,A,2.0,70.38,B,87.0,63.78, ,35.0,34.18,C,66.0,52.75,C,48.0,62.88,B
3390,Nala,PERSIAN,4,4.33,Mixed,M,,,Unknown,Berlin,Mixed,SICK,2024-01-05,36.73,b,70.0,85.39, ,,45.49,b,56.0,73.37,C,46.0,77.13,D,2.0,5.96,b,24.0,41.31,D,2.0,47.77, ,35.0,68.99,Unknown,95.0,38.35,D,,53.86,C,78.0,46.58,b
3391,Nala,Persian ,-2,3.63,Gray,F,No,NO,No, london,dry,Healthy,2024/01/05,66.52,a,48.0,31.45, ,80.0,77.3, ,43.0,74.81,A,28.0,52.68,D,68.0,10.22,A,47.0,46.73, ,26.0,78.11,A,38.0,38.01,Unknown,72.0,48.47,D,98.0,50.84,Unknown,32.0,18.59,A
3392,Oliver,Scottish Fold ,8,7.32,black ,F,Y,,Unknown,New York,wet,Healthy,2024-01-05,45.58,D,5.0,55.44,A,77.0,52.74,D,17.0,66.77, ,50.0,36.75,D,48.0,60.29,D,48.0,55.38,b,64.0,23.99,Unknown,83.0,63.18,a,,24.33,B,69.0,24.27,A,52.0,68.15,C
3393,Milo,british shorthair,18,2.12,Orange,Female,Y,No,Unknown,London,Dry,SICK,05/01/2024,46.89,b,98.0,47.38,b,56.0,31.11,C,53.0,38.6,B,,49.18,B,30.0,60.95,D,,6.93,A,54.0,64.47, ,,33.57,b,4.0,23.55,D,96.0,14.78,B,3.0,47.19, 
3394,Chloe,PERSIAN,10,5.24,Orange,F,N,YES,,London,,,Jan 5 2024,36.96,B,48.0,45.58,b,20.0,36.69,B,66.0,88.74,b,76.0,23.95,A,84.0,62.25,C,48.0,39.04,C,33.0,44.85,A,85.0,56.9, ,96.0,53.15, ,18.0,54.81,C,44.0,34.03,Unknown
3395,Smokey,,20,7.03,Mixed,male,yes,NO,Unknown,Paris,dry,healthy,,39.94,B,73.0,29.58,D,,85.03,b,14.0,108.54,C,66.0,29.26,C,22.0,38.57,C,,58.58,D,58.0,N/A,Unknown,79.0,46.26,A,11.0,55.06,b,33.0,70.01,Unknown,40.0,70.48,a
3396,Oliver,abyssinian,18,5.72, WHITE,Female,,,,Berlin,wet,,Jan 5 2024,36.01,Unknown,94.0,63.29,Unknown,21.0,38.13,b,8.0,68.67,B,4.0,60.59,D,64.0,21.12,B,11.0,79.3,b,93.0,46.05,A,60.0,61.75,Unknown,10.0,37.27,C,71.0,40.58,C,83.0,35.9,b
3397,Lucy,abyssinian,11,2.94,Orange,F,yes,YES,,Paris,Wet,,05/01/2024,66.19,B,35.0,51.68, ,97.0,37.19,Unknown,95.0,78.11,a,74.0,39.96,B,72.0,76.16, ,,42.88,C,79.0,59.87,C,12.0,62.84,C,88.0,75.76,D,12.0,28.71, ,70.0,58.4,A
3398,Simba,Siamese ,-1,3.99,Black,female,Y,No,Unknown,Paris,Wet,Checkup Needed,2024-01-05,64.68,a,43.0,38.42, ,96.0,53.73,C,52.0,72.98,B,59.0,unknown,Unknown,29.0,40.45,D,97.0,error,A,43.0,80.87,D,48.0,66.92,B,19.0,78.49,a,,24.11,B,16.0,56.47,Unknown
3399,Kitty,British Shorthair,-2,5.32,White,Unknown,Yes,NO,No,London,Wet,Healthy,2024-01-05,68.31,C,2.0,34.81,D,8.0,62.36,D,98.0,56.16,b,53.0,27.04, ,69.0,62.43,D,39.0,52.22,B,93.0,61.98,Unknown,,79.96,a,97.0,69.6, ,27.0,37.34,Unknown,38.0,70.35, 
3400,Oreo,Abyssinian,7,4.24,Mixed,Male,Yes,No,,Sydney,dry,,Jan 5 2024,73.0,B,95.0,13.93, ,6.0,70.44,B,95.0,unknown,D,45.0,53.89,a,52.0,85.87,a,42.0,36.18,B,92.0,51.58,A,48.0,80.86,C,82.0,63.06,A,75.0,65.95,b,41.0,19.96,A
3401,Oreo,SPHYNX,2,2.52,,Female,N,No,Unknown,Tokyo,wet,Checkup Needed,05/01/2024,25.66,A,69.0,32.96,b,6.0,35.97,D,55.0,18.51,b,88.0,56.34,C,73.0,57.34,D,43.0,70.53,D,19.0,45.16,C,37.0,28.93,Unknown,50.0,48.91,Unknown,0.0,42.73,b,28.0,43.51,a
3402,Kitty,Ragdoll,1,3.62,black ,female,no,No,No,Tokyo,dry,Healthy,05/01/2024,77.64,D,35.0,44.16,D,81.0,48.43,B,73.0,N/A,Unknown,89.0,29.65,D,,71.89,a,53.0,45.02,B,80.0,42.41,b,60.0,52.17,D,47.0,45.87,b,,71.91,A,50.0,14.01,C
3403,Oliver,Unknown,7,3.45,Brown,male,N,NO,Yes,Berlin,Dry,Healthy,Jan 5 2024,34.11,b,58.0,59.88,A,93.0,45.3,D,51.0,25.23,C,31.0,60.37,a,93.0,41.17,B,62.0,81.19,C,60.0,49.75,b,46.0,10.66,D,77.0,,D,,80.25, ,3.0,84.71,C
3404,Lucy,Maine Coon ,6,5.0,Orange,Unknown,Yes,YES,Unknown,Toronto,Dry,Checkup Needed,,62.53,a,,66.44,b,86.0,43.18,b,21.0,63.68,Unknown,40.0,unknown,b,19.0,53.07,A,9.0,47.71,A,82.0,16.84,A,29.0,40.12,Unknown,9.0,48.25,A,75.0,64.8,Unknown,65.0,55.21,Unknown
3405,Milo,Persian ,17,3.02,Brown,male,Yes,Yes,Unknown, london,Mixed,SICK,2024/01/05,54.35,Unknown,,80.66,A,23.0,110.65,b,0.0,52.93,b,34.0,35.09,B,41.0,58.56,A,,42.04,D,23.0,52.31,b,,70.64,B,87.0,65.51,B,69.0,47.64, ,37.0,77.22,C
3406,Oreo,BRITISH SHORTHAIR,11,5.05,,female,No,NO,No,New York,Wet,SICK,,-1.2,b,33.0,25.27,B,,23.76,D,21.0,25.53,D,3.0,59.81, ,75.0,30.93,D,52.0,37.66, ,58.0,59.2,B,44.0,78.14,D,1.0,44.68,Unknown,71.0,72.83,a,44.0,59.79,a
3407,Bella,SCOTTISH FOLD,21,3.77,Black,Female,No,No,,TOKYO,dry,Sick,,53.11,Unknown,,40.94, ,27.0,61.11,b,76.0,11.72,C,26.0,29.98,C,7.0,58.71,a,40.0,63.32,D,30.0,70.21,D,32.0,47.88,A,23.0,52.87,C,95.0,65.29,Unknown,74.0,54.34, 
3408,Kitty,Unknown,5,1.96,White,,,NO,No,Toronto,Mixed,SICK,Jan 5 2024,50.4, ,96.0,57.39,Unknown,11.0,34.95,b,43.0,75.69,D,15.0,57.06,B,54.0,38.62,B,33.0,28.66,B,,39.09,D,0.0,52.03, ,97.0,65.25, ,12.0,69.04,C,43.0,28.36,a
3409,Shadow,BENGAL,17,4.98, WHITE,female,yes,,,Berlin,Mixed,,,49.08,A,20.0,46.63,D,89.0,50.47,A,90.0,55.12,B,10.0,48.51,B,11.0,59.4,b,36.0,48.49,A,6.0,47.71,a,58.0,42.41,Unknown,82.0,66.09,A,3.0,65.52,a,87.0,31.71, 
3410,Smokey,maine coon,10,6.8,Mixed,female,,YES,,,,Checkup Needed,,27.57,a,31.0,57.7,A,0.0,46.83,b,25.0,33.36, ,,71.61, ,34.0,40.53,D,44.0,14.67,D,,85.4,C,23.0,49.96,B,77.0,55.69, ,1.0,44.72,Unknown,2.0,50.5, 
3411,Shadow, Bengal,0,5.34,White,Unknown,,YES,No,,dry,SICK,05/01/2024,20.86,A,62.0,57.56,C,62.0,102.27,a,62.0,45.31,C,16.0,error,b,41.0,65.49,Unknown,18.0,53.03,Unknown,4.0,27.1,b,78.0,40.21,a,36.0,36.71,b,33.0,71.8,b,,42.57,A
3412,Leo,bengal,2,3.45,Mixed,male,N,NO,No,Tokyo,Mixed,Healthy,05/01/2024,61.46,b,29.0,55.62,A,27.0,27.69, ,37.0,-0.84,b,78.0,59.69,b,59.0,46.96,b,47.0,50.15,C,6.0,72.4,Unknown,,74.97,b,17.0,69.17,A,55.0,34.62,a,46.0,75.89,C
3413,Shadow,,11,3.24,Mixed,Male,Yes,,, london,dry,healthy,2024-01-05,37.05, ,88.0,37.01,B,39.0,43.31,b,95.0,64.9,B,18.0,87.35,A,24.0,57.69,D,1.0,60.96,Unknown,40.0,95.53,b,43.0,30.37,D,80.0,15.44, ,14.0,51.97,b,,10.86,Unknown
3414,Lucy,ragdoll,11,3.09,Mixed,Unknown,yes,NO,,New York,,Healthy,,24.68,Unknown,93.0,73.44,A,13.0,55.84,a,95.0,58.48, ,55.0,38.34,D,14.0,60.57, ,76.0,67.66,A,47.0,78.6, ,61.0,71.42, ,4.0,45.94,a,76.0,57.84,C,,21.45,A
3415,Loki,ragdoll,21,6.2,White,Male,Y,YES,Unknown, london,,Healthy,,39.59,Unknown,21.0,68.39, ,11.0,50.51,a,47.0,54.9,C,12.0,64.54,B,40.0,59.14,B,43.0,60.96,D,86.0,81.38,a,94.0,57.62, ,44.0,57.14, ,39.0,55.67,B,63.0,50.43,A
3416,Lucy,,5,6.5,black ,Male,yes,Yes,Unknown,,Mixed,Sick,,52.03,D,88.0,61.24, ,86.0,40.95,D,58.0,58.85,A,,51.88,D,26.0,34.2,C,43.0,46.62,Unknown,,49.83,A,,45.41, ,74.0,49.71, ,3.0,35.56,A,54.0,39.15,D
3417,Oliver,british shorthair,23,4.81,black ,Female,Yes,,Unknown,Berlin,Mixed,,,71.17, ,14.0,22.0,Unknown,0.0,58.99, ,58.0,42.32, ,15.0,68.42,Unknown,90.0,58.29,A,,57.63,C,24.0,64.2,b,92.0,32.0, ,37.0,53.34,b,68.0,62.02,b,,39.82,b
3418,Oreo,,20,4.86,,,Yes,YES,,Paris,Dry,SICK,05/01/2024,21.49,B,56.0,43.91, ,83.0,70.53,Unknown,72.0,85.55,Unknown,73.0,40.77,C,19.0,73.08,b,54.0,31.31, ,14.0,61.78,b,49.0,93.87, ,77.0,50.87,D,45.0,37.11,b,42.0,53.81,C
3419,Milo,,7,5.13,black ,male,No,NO,Unknown,Toronto,Dry,Sick,Jan 5 2024,28.98,a,,40.7,Unknown,73.0,30.31, ,69.0,28.7,Unknown,69.0,56.87, ,2.0,60.28, ,16.0,62.58,a,21.0,21.77,A,58.0,24.77,a,86.0,48.31,a,21.0,54.73,B,28.0,51.21,D
3420,Kitty,,5,6.54,Orange,,,Yes,Yes,TOKYO,dry,,,57.14,b,43.0,64.84,a,90.0,25.52,Unknown,,58.55,b,,70.45,C,16.0,21.27,b,99.0,72.3,a,19.0,88.08, ,81.0,25.25,b,37.0,85.0,D,16.0,73.75,a,48.0,83.34,C
3421,Oreo, Maine Coon,13,4.98,Brown,Male,no,,No,London,dry,Healthy,,24.17,B,97.0,39.14,Unknown,27.0,15.61,b,2.0,53.23,B,76.0,22.91,D,,20.97,a,26.0,51.47,a,75.0,104.32,Unknown,59.0,17.16,a,23.0,63.52, ,28.0,28.87,b,,45.96,Unknown
3422,Luna,Sphynx ,9,3.5,Orange,male,no,YES,Unknown,Sydney,,SICK,2024/01/05,43.16,B,70.0,57.76,Unknown,77.0,47.12,a,0.0,53.57,C,78.0,73.75,B,13.0,59.58,B,64.0,37.66,b,34.0,58.92,B,35.0,54.1, ,,59.4,D,,90.24,a,60.0,31.51,C
3423,Oreo,Unknown,7,6.0,Orange,M,yes,NO,No,Berlin,Wet,,Jan 5 2024,63.18,B,5.0,39.74,D,69.0,51.18,C,2.0,39.29,A,64.0,47.73, ,76.0,77.9,B,77.0,63.95,C,89.0,29.18, ,77.0,43.65,B,44.0,52.98,D,95.0,9.92,C,96.0,72.35,B
3424,Oliver,,-1,3.46,White,,Y,,No,,Dry,Checkup Needed,Jan 5 2024,64.45,D,11.0,42.98,b,18.0,55.86, ,87.0,22.09,A,30.0,27.59,C,13.0,-0.17,B,50.0,61.63,A,83.0,48.65,a,1.0,72.28,a,96.0,46.53,A,33.0,69.88,A,63.0,70.48,Unknown
3425,Tiger,sphynx,24,3.09,Orange,M,yes,Yes,,Toronto,Dry,Sick,,44.49,A,79.0,55.01,C,19.0,31.68,D,1.0,46.52,D,,74.38,a,94.0,57.07,B,40.0,49.16,b,62.0,34.85,Unknown,98.0,51.38,C,83.0,41.8,B,,86.64,B,77.0,77.86,C
3426,Kitty,Persian,9,3.99,Orange,female,No,NO,,Sydney,dry,Sick,,39.82,a,,76.5,D,31.0,54.76,D,31.0,34.02,C,1.0,40.02,B,2.0,56.26,C,,37.3,a,73.0,64.19, ,72.0,21.67,B,87.0,2.64,a,86.0,62.53,B,47.0,64.47,C
3427,Oreo,Ragdoll,14,5.89,Orange,F,yes,,No,Paris,wet,Healthy,2024/01/05,80.33,C,41.0,78.93,B,52.0,42.53,A,39.0,54.98,A,22.0,31.78,A,63.0,43.23,b,53.0,72.31,B,98.0,25.8,a,68.0,30.98,Unknown,7.0,48.79,b,95.0,41.49,b,54.0,39.91,a
3428,Leo,SCOTTISH FOLD,24,4.88,Brown,Unknown,no,,No,London,,Sick,05/01/2024,27.4,B,11.0,50.04,Unknown,78.0,36.3, ,69.0,52.22, ,16.0,72.09,C,43.0,52.25,B,43.0,49.79, ,69.0,21.53,A,6.0,40.8,Unknown,37.0,57.33,B,31.0,12.9,B,64.0,48.63,a
3429,Simba, Sphynx,9,3.67,Brown,Female,N,NO,Yes,Tokyo,,,Jan 5 2024,9.02,Unknown,13.0,59.25,A,11.0,49.49,Unknown,39.0,37.36,b,97.0,70.11, ,9.0,35.69,D,90.0,46.92,D,41.0,55.24,A,65.0,55.89,D,75.0,61.9,b,60.0,16.33, ,85.0,42.15,A
3430,Bella,BRITISH SHORTHAIR,-1,3.2,,Female,no,,No,Toronto,Dry,Checkup Needed,,61.64,a,23.0,71.53,a,28.0,47.21,B,78.0,64.03,b,34.0,81.2, ,9.0,36.74, ,11.0,30.81,a,58.0,86.51,B,79.0,35.24,b,49.0,31.64, ,51.0,67.59,b,39.0,52.77,C
3431,Tiger,Unknown,23,5.78, WHITE,Female,N,NO,No,Berlin,Dry,Healthy,,10.59,b,74.0,51.41,B,,30.96,D,81.0,27.98,a,94.0,63.45,a,71.0,49.06,b,40.0,64.49, ,2.0,45.93,b,31.0,68.83,Unknown,52.0,58.46, ,37.0,36.57,a,90.0,56.03,C
3432,Tiger,ABYSSINIAN,6,3.43,Gray,Unknown,No,No,,Tokyo,Dry,Sick,,22.15,C,20.0,32.61,A,58.0,42.1,Unknown,53.0,64.15,Unknown,10.0,22.44,Unknown,7.0,36.41,B,18.0,76.57,D,63.0,63.32,b,15.0,37.31,a,82.0,16.4,Unknown,81.0,25.95,D,12.0,48.45,C
3433,Chloe,Abyssinian ,23,4.2,Brown,F,Yes,,Yes,Toronto,Wet,Healthy,Jan 5 2024,35.53, ,64.0,56.04,Unknown,24.0,51.49,D,2.0,59.32,B,14.0,62.94,b,73.0,12.1,C,,57.58,A,2.0,48.65,A,25.0,45.23,D,8.0,57.59,D,9.0,62.59,Unknown,,44.58,b
3434,Chloe,Unknown,22,2.75,,female,N,Yes,Unknown,London,,Checkup Needed,2024/01/05,94.78, ,18.0,47.95,A,67.0,9.18,B,73.0,52.71,a,27.0,55.38,D,85.0,60.86, ,41.0,error,D,31.0,37.18,D,,error,D,1.0,28.95,b,7.0,46.4,A,,80.19,b
3435,Oliver, Ragdoll,-1,6.47, WHITE,Male,Yes,No,No,Sydney,Dry,Healthy,,39.6,B,31.0,35.11,C,75.0,57.06,B,41.0,57.7,B,67.0,45.94, ,6.0,78.03,B,21.0,30.9,D,18.0,74.23,B,79.0,44.98,D,6.0,29.88,Unknown,49.0,38.94,Unknown,69.0,20.59,B
3436,Kitty,Ragdoll,10,3.6,Brown,Female,yes,YES,No,New York,Mixed,Healthy,2024-01-05,30.33,Unknown,18.0,40.47,b,22.0,53.05,A,83.0,,B,83.0,60.93,B,71.0,36.55, ,63.0,76.49,A,6.0,59.96,C,69.0,84.0,b,22.0,36.99,D,44.0,52.01,D,,59.8,C
3437,Kitty,,21,2.13,Gray,,no,,Yes,,,Sick,,65.62,A,72.0,56.76,D,36.0,40.91,a,7.0,5.38,a,81.0,49.36,C,37.0,35.0,b,62.0,75.35,B,,71.64,D,19.0,89.02,A,12.0,24.66,B,54.0,21.08,Unknown,29.0,43.63,Unknown
3438,Chloe,Maine Coon ,18,3.93,,Unknown,N,,Yes,Paris,dry,Healthy,05/01/2024,82.17,C,5.0,71.68, ,47.0,4.36,a,62.0,50.75,Unknown,31.0,45.28,a,66.0,61.29,B,49.0,55.44,C,19.0,33.0,a,45.0,22.27,b,15.0,27.78, ,23.0,55.06,D,,31.17,A
3439,Lucy,Scottish Fold ,15,4.46,Orange,,yes,Yes,Yes,,,,,44.46,Unknown,,39.87,B,,53.27,B,14.0,108.45,C,26.0,29.49, ,3.0,53.78,D,44.0,38.22,a,81.0,19.68,B,44.0,50.13,b,74.0,61.0,B,31.0,59.58,a,35.0,19.53,a
3440,Milo,British Shorthair ,6,3.24,White,M,Y,No,,Sydney,Mixed,healthy,2024/01/05,59.4,D,19.0,52.6, ,,40.0,D,91.0,62.78,A,67.0,43.42,C,63.0,33.12,B,,55.95,B,41.0,80.42,b,72.0,35.05,b,50.0,45.86,B,17.0,57.49, ,,65.11, 
3441,Shadow,,-2,5.72,Gray,M,Yes,NO,Yes,Sydney,wet,Healthy,,44.19,C,55.0,33.37,a,41.0,55.28,Unknown,90.0,48.19,a,,17.06,b,3.0,22.9,a,40.0,43.55,A,47.0,62.03,B,18.0,38.2,B,66.0,42.02,B,96.0,40.83,a,65.0,68.67,C
3442,Chloe,Sphynx ,0,2.84,Brown,male,N,,,,wet,SICK,,73.48,Unknown,21.0,42.72,a,89.0,50.81,A,,31.91,Unknown,43.0,50.82, ,36.0,57.74,D,26.0,25.3,D,63.0,46.8,b,24.0,65.79,C,68.0,31.92,a,58.0,75.34,C,11.0,75.68,D
3443,Luna,Unknown,4,4.84,,male,Yes,,Unknown,Sydney,dry,SICK,2024/01/05,29.37,Unknown,98.0,20.09,b,99.0,34.59,D,17.0,42.31,a,26.0,56.46,a,31.0,42.0,Unknown,21.0,9.77,Unknown,8.0,37.45,A,80.0,48.48,b,19.0,33.98,Unknown,39.0,17.63,D,52.0,35.25,a
3444,Milo,,18,2.12,black ,Male,yes,Yes,Yes, london,Mixed,,Jan 5 2024,74.6,b,22.0,26.3,D,80.0,34.08,D,33.0,68.24,C,99.0,52.19, ,22.0,17.6,A,0.0,74.09,b,54.0,32.26,B,48.0,63.93,b,27.0,53.46,b,63.0,62.68,b,48.0,56.78,A
3445,Leo,siamese,3,5.66,Gray,male,N,Yes,Yes,London,Mixed,Sick,2024/01/05,61.21,C,,26.83, ,36.0,63.47,A,70.0,54.9,A,96.0,28.64,A,43.0,43.58, ,13.0,52.41,a,95.0,38.96,a,94.0,36.55,Unknown,87.0,64.33,D,61.0,40.63,a,87.0,42.09,D
3446,Oreo,SIAMESE,20,4.89,black ,male,,YES,,TOKYO,Dry,Checkup Needed,Jan 5 2024,54.94,a,,51.23, ,30.0,118.79,D,52.0,unknown,C,35.0,23.95,b,53.0,27.46,Unknown,54.0,42.49,D,63.0,64.9,Unknown,13.0,54.25,D,93.0,97.51,D,81.0,18.99,C,62.0,62.68, 
3447,Leo,Unknown,8,4.92,Mixed,M,no,,Yes,Paris,Wet,healthy,2024-01-05,94.75,B,81.0,85.45,b,29.0,89.18,D,93.0,73.13,D,,46.99,a,75.0,15.72,Unknown,,76.55,B,64.0,unknown,b,5.0,65.14,A,95.0,33.72,A,47.0,52.97,B,14.0,38.02,D
3448,Milo,Unknown,14,5.5,White,Male,yes,,Unknown,Paris,dry,healthy,,50.52, ,2.0,66.35,Unknown,55.0,102.73,A,35.0,30.51,a,34.0,28.82,a,12.0,32.63, ,18.0,26.39,b,95.0,53.94,b,20.0,30.38,D,37.0,32.34,Unknown,24.0,63.67,B,42.0,44.77, 
3449,Lucy,ABYSSINIAN,20,3.42,black ,F,no,NO,Yes,Toronto,Dry,Sick,2024-01-05,35.43,b,76.0,61.23,D,24.0,21.66, ,29.0,54.84,a,75.0,42.57,a,1.0,38.92,b,1.0,11.42,B,13.0,72.23,b,80.0,52.45,b,30.0,72.34, ,32.0,60.9,B,70.0,58.71,a
3450,Leo,British Shorthair ,7,6.45,black ,Unknown,,No,Yes,TOKYO,Wet,SICK,,65.56,B,52.0,29.76,A,59.0,65.57,A,54.0,77.92,A,68.0,26.22,b,8.0,48.29,b,,28.22,A,9.0,27.57, ,8.0,81.92,A,9.0,60.24,C,22.0,12.22,Unknown,77.0,51.02,b
3451,Loki,,18,5.46,black ,Unknown,no,,No,Berlin,,,Jan 5 2024,45.78,Unknown,45.0,13.11,a,93.0,80.58,a,40.0,97.28,b,92.0,54.58,C,6.0,16.51,a,29.0,43.17, ,88.0,26.98,D,99.0,41.57,b,5.0,31.15,A,50.0,69.46,C,73.0,30.75,C
3452,Leo,Unknown,9,4.58,,male,no,Yes,Unknown,London,dry,Checkup Needed,,40.5,a,53.0,52.95,Unknown,2.0,56.81,Unknown,80.0,45.09,C,27.0,55.99,A,33.0,70.58,Unknown,34.0,72.92, ,32.0,56.07, ,76.0,64.94,C,,40.57,Unknown,83.0,45.34,Unknown,59.0,10.73,C
3453,Shadow,Unknown,5,5.37, WHITE,Male,yes,,Yes,Berlin,Wet,Sick,05/01/2024,71.67,b,45.0,54.36,D,26.0,81.38, ,,60.67,Unknown,66.0,59.1,b,92.0,20.88,D,77.0,43.08, ,65.0,unknown,C,6.0,58.35, ,39.0,,a,67.0,44.6,D,29.0,68.0,Unknown
3454,Shadow,Scottish Fold,-1,4.65,Mixed,male,No,No,,New York,,SICK,,27.59,b,50.0,61.81,B,42.0,51.74,b,,53.06,b,28.0,38.96, ,86.0,69.3,A,96.0,53.67,D,85.0,74.95,D,43.0,93.03,a,54.0,27.54,Unknown,80.0,84.4,Unknown,61.0,30.95,a
3455,Tiger,Bengal ,22,2.6, WHITE,Unknown,Y,YES,Unknown,Berlin,Dry,Sick,,30.6,A,33.0,78.43,B,2.0,18.37,Unknown,43.0,46.25,B,99.0,51.56, ,31.0,29.45,D,,36.85,B,54.0,93.14,C,93.0,44.96,B,,57.06,B,93.0,25.53,a,25.0,error,B
3456,Bella,British Shorthair,11,4.78,Black,Female,yes,NO,No,Sydney,,Checkup Needed,,48.72,b,80.0,60.15,A,48.0,43.91,C,91.0,37.76,D,7.0,47.9,B,,33.52,A,37.0,19.69,C,32.0,33.4,A,29.0,38.28,A,50.0,62.26,B,49.0,38.17, ,67.0,18.11,A
3457,Kitty,Unknown,10,5.33,,F,no,NO,Unknown,,,,,69.98,A,58.0,50.63,A,61.0,77.59,Unknown,56.0,24.41, ,91.0,75.09,Unknown,66.0,24.37, ,1.0,25.18,Unknown,32.0,66.88,Unknown,9.0,35.77,Unknown,97.0,22.21, ,,80.04,C,84.0,44.32,b
3458,Nala,British Shorthair ,3,5.18,,,N,No,Yes,Tokyo,dry,healthy,,59.05,a,11.0,52.19, ,39.0,65.16,b,,51.39,C,3.0,-3.25,C,,58.22,B,44.0,9.92,Unknown,38.0,41.71,b,14.0,45.15,b,29.0,65.56,D,92.0,59.38,a,54.0,5.29,D
3459,Chloe,Abyssinian ,22,1.06,Brown,F,yes,NO,Yes,Tokyo,wet,SICK,2024-01-05,55.93,A,33.0,9.46,A,19.0,30.48,C,26.0,46.22,a,39.0,39.63,D,58.0,41.47,Unknown,30.0,48.07,Unknown,61.0,53.77,C,35.0,59.81,b,66.0,38.9,C,96.0,57.59,Unknown,60.0,56.8,b
3460,Shadow,Bengal,19,3.69,Orange,male,Y,,Yes,Tokyo,,healthy,Jan 5 2024,91.19,b,21.0,59.65, ,41.0,34.85,a,78.0,85.87,B,77.0,13.73, ,42.0,44.62, ,4.0,9.33,b,35.0,67.01,Unknown,39.0,77.28,Unknown,25.0,63.41,a,57.0,83.09,A,91.0,64.27,Unknown
3461,Lucy,,3,25.86,black ,male,yes,Yes,,New York,,SICK,2024/01/05,71.92,b,34.0,34.89,b,91.0,43.06,a,37.0,19.09,C,70.0,52.73,A,83.0,64.19,C,65.0,24.87,a,43.0,7.18,B,96.0,49.53, ,95.0,108.06,A,56.0,47.36,Unknown,23.0,27.08,b
3462,Bella, Ragdoll,14,4.0,Orange,Male,Yes,No,Yes,,Mixed,SICK,Jan 5 2024,-3.94, ,62.0,49.53,b,87.0,50.42,C,85.0,37.51,D,9.0,51.44,D,96.0,34.26,a,39.0,66.31,C,53.0,67.62,b,12.0,25.6,D,63.0,45.24,b,,37.77,D,19.0,79.1,B
3463,Bella,ABYSSINIAN,9,5.53,Orange,,No,Yes,Unknown,TOKYO,dry,healthy,05/01/2024,43.75,B,85.0,3.97,Unknown,95.0,63.2,B,48.0,72.07,D,26.0,35.79,A,44.0,58.7,Unknown,61.0,54.3,B,16.0,19.02,C,52.0,60.32,A,15.0,54.94, ,78.0,48.39,A,90.0,66.65,D
3464,Nala, Bengal,21,2.8, WHITE,male,Yes,Yes,Unknown,TOKYO,dry,healthy,,41.38,b,54.0,51.62,B,82.0,61.32,a,65.0,44.7,B,11.0,65.37,a,55.0,57.26,A,19.0,36.36,A,83.0,,A,,55.62,D,59.0,44.42,A,93.0,34.12,Unknown,78.0,60.56,b
3465,Loki,scottish fold,6,4.46,Orange,female,Yes,YES,,Sydney,Dry,SICK,05/01/2024,30.97,b,60.0,55.56,A,21.0,31.85,D,19.0,67.5,B,89.0,56.48, ,,42.95,C,37.0,36.52,A,44.0,33.13,Unknown,,52.49,A,89.0,46.78,Unknown,27.0,16.73,D,0.0,4.27,A
3466,Oreo,Sphynx ,3,5.27,black ,Male,yes,YES,No,New York,wet,Sick,,13.46,B,64.0,59.79, ,,45.13,B,35.0,24.66, ,93.0,66.03, ,26.0,52.69,B,8.0,42.13, ,82.0,63.6, ,51.0,54.14, ,,60.64,a,80.0,55.81,a,86.0,47.2,Unknown
3467,Bella, Abyssinian,13,5.39,black ,F,Y,NO,Yes,Berlin,Wet,Sick,2024-01-05,68.04, ,65.0,36.0,a,85.0,51.63,D,12.0,38.6, ,45.0,44.81,a,57.0,76.59,C,60.0,58.87,C,23.0,-1.6,b,75.0,78.63,Unknown,80.0,62.2,C,87.0,39.0,Unknown,87.0,89.77,D
3468,Luna,Ragdoll,14,3.95, WHITE,female,Y,No,,Tokyo,,Checkup Needed,,43.22,D,0.0,44.81, ,27.0,54.51,B,2.0,46.6, ,77.0,22.7,b,18.0,55.24,A,84.0,53.98, ,95.0,25.43,C,10.0,57.8, ,36.0,12.61, ,18.0,60.01, ,54.0,38.51,a
3469,Leo,PERSIAN,5,3.37,Orange,,no,,,Paris,Wet,healthy,,72.1,D,84.0,41.25,B,83.0,63.0, ,64.0,72.24,b,35.0,65.81,a,39.0,44.71,D,46.0,56.52, ,45.0,48.41,b,64.0,44.24,b,25.0,40.38,C,90.0,66.9,a,53.0,74.22,D
3470,Milo, Ragdoll,6,3.67,Gray,M,Yes,YES,Unknown,London,wet,SICK,2024/01/05,62.31,a,52.0,38.43,b,81.0,48.41,Unknown,55.0,50.35,B,82.0,48.5, ,,33.82,a,54.0,52.33,b,1.0,49.69,B,32.0,41.58,C,,44.52,a,95.0,61.37,b,45.0,29.05, 
3471,Oreo,Maine Coon ,4,1.32,Black,female,No,NO,Unknown,Tokyo,wet,,,61.11,C,46.0,37.25,D,49.0,37.85,B,21.0,45.09, ,25.0,49.19,B,97.0,60.54,B,48.0,32.37,A,23.0,50.27,B,23.0,75.38,a,91.0,69.33,b,58.0,45.94,B,,5.93,B
3472,Kitty,Sphynx,9,5.01,Brown,Female,Yes,No,No,TOKYO,Wet,healthy,05/01/2024,,b,1.0,27.9,a,67.0,53.65,C,45.0,40.85,b,21.0,18.05,C,60.0,23.36,Unknown,43.0,,C,70.0,38.53,D,20.0,52.88,b,24.0,33.13,D,91.0,64.17,a,22.0,unknown,C
3473,Nala, Siamese,24,2.95,White,female,Yes,YES,No,Paris,Dry,healthy,,48.87,D,91.0,36.25,Unknown,,0.02,A,8.0,28.8,Unknown,60.0,31.84,D,78.0,32.57,C,,26.12,D,83.0,22.1,D,20.0,10.58,A,54.0,58.58,Unknown,58.0,42.12,A,3.0,43.05,A
3474,Kitty,,14,1.18,White,M,Y,No,No,Paris,Dry,Sick,,61.07,C,,46.8,C,15.0,unknown,Unknown,44.0,56.74,a,50.0,32.1,b,0.0,70.43,D,6.0,51.37,a,0.0,39.55, ,31.0,43.85, ,68.0,42.72,D,70.0,73.05,b,61.0,58.51,A
3475,Leo,Unknown,-2,4.24, WHITE,female,N,Yes,Unknown,Tokyo,Dry,healthy,2024/01/05,43.28, ,27.0,61.92,A,26.0,64.26, ,0.0,37.15,b,63.0,64.66,D,,98.33,a,55.0,54.62,C,12.0,70.28,A,27.0,63.7,D,94.0,5.08,D,,58.58,b,20.0,48.52,D
3476,Loki,Unknown,7,3.84,Gray,male,N,,,Sydney,Mixed,,05/01/2024,83.15,A,72.0,13.0,b,10.0,36.92,D,47.0,39.15,B,44.0,103.91,a,16.0,20.5,B,10.0,74.29,b,61.0,38.42,D,,45.83,D,58.0,42.33,a,79.0,66.86,B,96.0,11.17,b
3477,Bella,abyssinian,13,4.28,black ,Male,no,,Yes, london,Wet,Sick,,47.35,b,59.0,81.58,b,81.0,74.63, ,64.0,35.01, ,8.0,32.54,C,91.0,17.59,b,9.0,80.21,Unknown,57.0,61.84,C,37.0,30.68,A,43.0,45.87,a,78.0,56.56,A,28.0,75.88,Unknown
3478,Nala,Maine Coon ,18,7.03,black ,M,Y,Yes,,,wet,Healthy,,47.91,A,2.0,53.57,Unknown,62.0,49.11,A,92.0,72.15,A,12.0,40.47, ,87.0,77.93,A,17.0,79.64,a,43.0,52.96,a,41.0,61.32,a,7.0,54.39,B,0.0,31.42,Unknown,39.0,31.63,D
3479,Lucy,Unknown,10,5.6,Brown,Female,yes,,,TOKYO,wet,Sick,Jan 5 2024,52.37,A,77.0,42.51,D,2.0,82.7,a,44.0,45.33,B,35.0,75.85, ,,42.98, ,91.0,52.21, ,93.0,54.34,D,90.0,40.58,Unknown,,23.41,C,41.0,57.99,A,20.0,68.65,B
3480,Oliver,Bengal ,19,6.2,Black,,yes,Yes,,TOKYO,Mixed,,05/01/2024,60.36,B,34.0,34.36,b,51.0,78.57,a,,67.37,A,61.0,32.93,C,82.0,37.69,Unknown,87.0,error,a,22.0,50.73,A,25.0,63.18,A,93.0,79.35,C,0.0,29.71,a,,45.39,C
3481,Shadow, Maine Coon,2,4.74,White,Unknown,no,YES,No,TOKYO,Mixed,Healthy,2024-01-05,81.06,B,73.0,50.47,Unknown,72.0,58.14,A,73.0,49.31,Unknown,36.0,54.55,D,65.0,60.27,a,50.0,43.74,A,72.0,15.39,B,16.0,unknown,B,25.0,51.83,A,,26.12,A,19.0,40.37,b
3482,Leo,Persian,15,30.299999999999997,Gray,F,N,Yes,No,TOKYO,Dry,Sick,,45.86,a,42.0,49.38,C,11.0,42.26,a,73.0,57.51,D,29.0,67.0,b,56.0,error, ,94.0,N/A, ,,29.63, ,99.0,75.76,Unknown,,52.57,D,83.0,64.32,D,71.0,46.38, 
3483,Oliver,ABYSSINIAN,1,2.72,White,female,Yes,No,Yes,Tokyo,Wet,SICK,,12.62,a,21.0,35.58,Unknown,28.0,73.14, ,50.0,33.68,b,82.0,66.33,b,16.0,12.48,D,25.0,29.28,B,95.0,44.33,C,28.0,86.29,a,11.0,45.69,C,50.0,16.96,b,37.0,-0.96,Unknown
3484,Shadow, Ragdoll,18,4.81,,Male,no,YES,Yes,London,dry,SICK,,26.78,b,86.0,20.72,Unknown,43.0,50.48,D,48.0,82.83,A,6.0,56.11,D,42.0,53.28,A,30.0,29.87,D,67.0,47.04,A,42.0,44.69,A,73.0,58.43,Unknown,53.0,24.25,D,75.0,40.05,a
3485,Tiger,ragdoll,4,4.06,White,M,,Yes,,,,,2024/01/05,44.9,A,59.0,47.86,a,8.0,12.97,B,23.0,50.02,A,57.0,53.15,D,1.0,48.42, ,,26.56,b,79.0,61.97, ,80.0,33.88,D,71.0,26.04,b,36.0,39.08,b,24.0,29.06, 
3486,Milo,,7,3.25,Mixed,M,N,,,Berlin,dry,healthy,2024/01/05,30.45,D,93.0,58.44, ,65.0,40.27,A,50.0,38.71,A,45.0,24.11,Unknown,96.0,27.95,Unknown,,35.32,B,4.0,51.36,B,91.0,44.68,a,10.0,37.39,A,83.0,73.28,D,11.0,33.15,A
3487,Milo,,23,5.84,Gray,Female,Yes,Yes,,,Dry,Checkup Needed,2024-01-05,69.42,a,75.0,62.2, ,31.0,33.66, ,23.0,33.25, ,76.0,44.99,C,50.0,40.86,Unknown,9.0,19.51,b,,36.24,b,55.0,72.29,C,78.0,66.06,A,4.0,12.66,a,81.0,50.23,b
3488,Chloe,Unknown,14,5.3,Mixed,M,Y,YES,Yes,Sydney,,SICK,,45.83,B,,81.26,B,48.0,40.69,A,60.0,73.29,C,41.0,75.49,C,19.0,64.11, ,20.0,44.61,D,62.0,65.6,C,12.0,59.02,b,,56.37,a,15.0,41.41,a,98.0,53.16,C
3489,Nala,Abyssinian,2,5.17,Black,Unknown,Y,YES,Unknown, london,dry,SICK,,32.23,B,68.0,42.23,B,,59.59,Unknown,50.0,46.77,b,99.0,35.5,A,47.0,43.31,D,50.0,51.74,B,0.0,16.18,B,50.0,29.07, ,65.0,19.55,b,43.0,62.7, ,,72.42,C
3490,Tiger,SCOTTISH FOLD,12,2.78,,Male,yes,NO,Yes,,dry,SICK,2024/01/05,64.26,A,73.0,62.11,a,22.0,73.31,Unknown,62.0,69.76,a,78.0,44.73,Unknown,90.0,54.41,D,94.0,56.43,A,33.0,60.16,Unknown,26.0,24.09, ,62.0,83.21,b,74.0,54.87,Unknown,77.0,27.98,A
3491,Chloe,PERSIAN,11,6.2, WHITE,Unknown,Yes,Yes,Yes,Berlin,Dry,Sick,05/01/2024,55.81,a,66.0,38.43,B,56.0,65.49,Unknown,,62.73,C,34.0,24.63,a,91.0,45.29, ,,59.66, ,85.0,58.47,b,56.0,59.63,C,9.0,38.5,A,84.0,75.27,A,4.0,46.88,Unknown
3492,Kitty, Abyssinian,-1,4.36,Black,Female,No,YES,Yes,Paris,dry,Checkup Needed,,62.75,D,40.0,20.83,D,38.0,73.62,Unknown,,6.13,C,41.0,69.1,D,39.0,8.55,B,62.0,24.53,D,80.0,34.82,B,7.0,,a,94.0,50.92, ,89.0,36.85,b,,37.15,Unknown
3493,Chloe,Unknown,15,6.71,black ,male,yes,NO,,London,dry,,2024/01/05,77.88,b,16.0,61.45,a,68.0,41.04,Unknown,35.0,28.81,B,0.0,10.03,D,14.0,54.22,B,81.0,43.11,D,96.0,72.26, ,97.0,44.56,D,32.0,68.51,b,36.0,46.06,D,1.0,40.48,b
3494,Leo,Unknown,13,6.06,Orange,female,N,No,Unknown, london,Wet,,2024-01-05,51.64, ,8.0,69.7,a,51.0,79.9,C,1.0,82.32,A,28.0,31.18,D,66.0,31.04,Unknown,86.0,24.1,b,63.0,41.73,D,,21.59,D,88.0,45.82,a,80.0,65.29,B,22.0,43.56,Unknown
3495,Lucy,,-1,2.27, WHITE,female,Yes,Yes,,New York,wet,healthy,2024-01-05,84.44,A,29.0,34.84,B,31.0,4.62,b,64.0,39.03,Unknown,90.0,54.11,C,,27.99,A,55.0,66.91,D,8.0,46.18,C,54.0,60.03,D,37.0,70.66,B,95.0,40.62,D,46.0,56.29, 
3496,Smokey,Siamese ,23,3.48,White,male,yes,Yes,Yes, london,,Healthy,2024-01-05,37.02,a,83.0,90.17,A,,59.43,D,99.0,67.53,B,43.0,69.26,Unknown,80.0,36.92,C,71.0,51.99,D,23.0,59.73, ,73.0,18.61,B,30.0,70.86,C,0.0,49.21,Unknown,98.0,50.65,B
3497,Oliver,Ragdoll,13,4.29,,F,N,,Yes,New York,,healthy,2024-01-05,77.99,A,51.0,53.39,B,18.0,50.78,B,58.0,44.22,b,48.0,100.14,C,61.0,38.81,D,89.0,69.52,C,82.0,61.47,a,48.0,34.98,C,47.0,58.5,a,69.0,60.5,D,17.0,30.0,B
3498,Oliver,,20,5.54,Orange,Unknown,no,YES,No,Paris,Wet,Sick,,50.67, ,93.0,50.76,D,61.0,17.1,B,,50.7,a,98.0,59.89,B,73.0,85.57,D,4.0,34.48,B,48.0,60.94,b,,60.71,D,90.0,78.44,C,53.0,46.47,D,56.0,39.12,D
3499,Loki,Unknown,8,3.32,black ,female,Yes,Yes,Unknown,Toronto,Mixed,SICK,05/01/2024,43.85,D,6.0,45.3,A,47.0,73.54,b,82.0,34.75,Unknown,49.0,45.21,b,36.0,11.8,a,3.0,68.32,A,90.0,20.76, ,,40.48,Unknown,44.0,74.75,B,41.0,73.69,a,,49.98,A
3500,Chloe,MAINE COON,20,4.54,,Unknown,yes,No,Unknown,Paris,Mixed,SICK,,69.52,b,57.0,-5.17, ,43.0,45.21,C,3.0,51.94,Unknown,62.0,40.01,Unknown,94.0,69.06, ,20.0,58.14, ,60.0,unknown,B,17.0,56.06,C,68.0,65.86,B,,21.65,A,39.0,56.24,B
3501,Simba,scottish fold,15,4.78,Black,Unknown,,,Unknown,Sydney,,Checkup Needed,05/01/2024,32.98,a,38.0,69.87,B,37.0,83.29,C,67.0,53.15,B,42.0,25.63, ,75.0,75.53,Unknown,,51.51,C,77.0,N/A,A,20.0,70.88,b,87.0,96.5,a,34.0,57.84,B,24.0,52.51,D
3502,Oliver,,1,5.4, WHITE,F,no,No,,Toronto,dry,SICK,,45.89,A,12.0,23.82,a,58.0,20.94, ,65.0,71.43,b,91.0,62.35,A,81.0,57.73,a,14.0,76.9,b,36.0,43.5,A,,44.06, ,57.0,7.79,b,11.0,26.13, ,46.0,1.1,a
3503,Smokey,Unknown,17,4.8, WHITE,F,,NO,Yes,TOKYO,Mixed,SICK,,31.31, ,45.0,28.87,C,92.0,9.27,b,67.0,10.18,A,,57.06,b,83.0,64.15,Unknown,13.0,64.35,a,79.0,75.79,b,22.0,58.23,a,,50.24, ,,17.48,A,16.0,61.41,D
3504,Loki,,12,4.93,Mixed,female,Y,YES,No,Sydney,wet,Sick,,22.08,C,7.0,52.92,a,,66.0,C,38.0,48.99,Unknown,17.0,87.94,C,72.0,48.66,b,65.0,81.8,B,72.0,17.43,C,85.0,52.83,a,46.0,36.39, ,,31.59,B,73.0,19.59,D
3505,Loki,PERSIAN,20,2.54,Mixed,M,yes,,Unknown,New York,Mixed,Healthy,Jan 5 2024,42.44,b,71.0,49.97,b,,61.26,B,39.0,31.23,Unknown,87.0,34.2,A,26.0,45.96,a,,72.85,C,4.0,49.66,B,25.0,14.63,Unknown,47.0,48.66, ,42.0,42.37,D,55.0,67.03,B
3506,Shadow,Ragdoll ,2,5.46,Mixed,M,yes,YES,,TOKYO,dry,,Jan 5 2024,35.87,a,,69.21,C,,50.74,B,24.0,66.68,C,83.0,82.83,D,3.0,26.74,Unknown,29.0,56.83,b,7.0,unknown, ,87.0,60.98,D,,,b,41.0,48.17,a,50.0,50.63,a
3507,Lucy,scottish fold,18,1.13,Mixed,F,yes,YES,Unknown,Sydney,wet,,2024/01/05,57.93,a,8.0,24.89, ,52.0,52.85,A,23.0,75.03,B,99.0,60.17, ,3.0,60.67,Unknown,0.0,19.61,A,70.0,32.06,A,91.0,40.7, ,95.0,42.41,C,6.0,71.47,D,24.0,unknown,D
3508,Smokey, Scottish Fold,11,8.7,Mixed,male,yes,,No,London,Dry,Healthy,,8.47,D,0.0,53.77,D,10.0,76.6, ,54.0,21.44,a,71.0,64.42,A,,60.59,C,32.0,-1.91, ,36.0,57.26,a,3.0,45.95, ,60.0,19.17,D,14.0,38.07,B,26.0,86.29,D
3509,Milo, Ragdoll,10,5.75,,Male,yes,NO,Yes,Sydney,Wet,healthy,,11.71,D,10.0,75.36,B,52.0,68.61,A,95.0,33.32, ,98.0,53.44,b,1.0,51.07,D,65.0,43.51,D,20.0,24.6,C,77.0,90.78,D,32.0,49.78,Unknown,71.0,21.68,b,0.0,66.52,A
3510,Bella, British Shorthair,13,5.35, WHITE,Female,N,YES,Unknown,New York,Dry,Sick,05/01/2024,23.1,D,88.0,71.24,B,74.0,48.94,B,93.0,56.1,D,1.0,32.46,Unknown,74.0,54.17,a,56.0,91.78,B,24.0,66.45,B,,68.95, ,8.0,55.49,C,31.0,46.94,B,79.0,52.44,B
3511,Leo,bengal,-1,1.48,Brown,Unknown,,NO,Unknown,London,Wet,healthy,,12.21, ,82.0,50.65,Unknown,58.0,43.72,b,21.0,65.12,b,96.0,74.51,a,65.0,55.75,B,82.0,65.18,A,3.0,51.6,b,63.0,38.42,C,77.0,60.36,B,45.0,76.35,A,73.0,38.78,A
3512,Simba,Scottish Fold,2,2.96,White,,Y,Yes,Unknown,,,SICK,Jan 5 2024,20.36,Unknown,38.0,70.38,b,67.0,53.17,D,45.0,68.31, ,86.0,50.62,C,41.0,56.67,B,,37.89,C,,22.48,Unknown,,77.57,Unknown,24.0,39.0,Unknown,16.0,14.29,A,68.0,47.97,A
3513,Loki,Bengal,17,6.06,Black,female,yes,No,Unknown,London,Wet,Healthy,Jan 5 2024,49.05,C,49.0,48.17,B,18.0,58.31,D,4.0,45.02,a,45.0,38.0,B,26.0,76.86,A,87.0,60.34,b,15.0,19.77, ,83.0,50.93, ,13.0,52.67, ,14.0,34.91,D,50.0,51.42,C
3514,Tiger,,3,4.69, WHITE,female,yes,,Unknown,TOKYO,Dry,healthy,,7.55,a,49.0,26.5,B,51.0,55.45,A,,73.02,b,89.0,8.59,A,62.0,86.96,a,64.0,50.65, ,31.0,36.44,Unknown,99.0,20.92,A,75.0,40.7,D,,45.63,D,73.0,49.78,A
3515,Chloe,persian,18,6.21,Gray,F,No,,Unknown,TOKYO,Mixed,healthy,,35.52,b,71.0,30.74, ,88.0,48.13,A,31.0,65.93,Unknown,76.0,52.78,B,52.0,37.75,B,35.0,76.12, ,,78.33,C,,71.6,b,23.0,67.48,C,94.0,79.11,b,3.0,37.91,A
3516,Oliver,siamese,-2,2.92,Mixed,Female,N,,Unknown,Berlin,,Checkup Needed,Jan 5 2024,44.36,A,31.0,37.71,Unknown,59.0,74.71, ,,49.43,D,,81.74,b,64.0,80.94,a,85.0,40.67,a,,66.55,D,56.0,41.01, ,98.0,46.55,B,79.0,55.46,D,,54.52,b
3517,Lucy,abyssinian,15,3.91,black ,male,Y,,Yes,Paris,wet,,05/01/2024,27.34, ,,73.29,a,7.0,N/A,A,74.0,48.09,a,77.0,44.45,B,80.0,2.17,b,99.0,67.72,D,,47.92,B,21.0,63.99,A,37.0,36.38,b,29.0,85.52,a,38.0,69.2,a
3518,Luna,Unknown,15,5.48,,F,Yes,Yes,Unknown,London,Wet,Sick,Jan 5 2024,57.42,Unknown,8.0,27.51,C,77.0,38.95,Unknown,,95.81,C,34.0,42.06, ,67.0,62.87, ,65.0,16.87,Unknown,,42.31,a,95.0,69.92, ,76.0,51.88,A,49.0,49.95,a,65.0,error,C
3519,Lucy,,15,5.27,Gray,male,Y,No,,Sydney,Dry,Healthy,Jan 5 2024,73.3,C,74.0,52.48,Unknown,28.0,49.08, ,,48.03,B,23.0,37.07, ,95.0,30.08,B,55.0,45.4,B,75.0,70.05,B,61.0,52.82,D,35.0,46.42,b,,12.97,a,2.0,43.48,B
3520,Shadow,british shorthair,5,3.62,Gray,F,no,No,Unknown,TOKYO,Dry,Sick,2024-01-05,68.09,Unknown,81.0,75.2,D,66.0,56.73, ,,49.15, ,87.0,13.84,Unknown,25.0,42.19, ,76.0,49.54,C,40.0,56.92,C,38.0,34.05,D,51.0,6.21,D,97.0,48.65,B,51.0,43.31,C
3521,Oliver,Abyssinian,6,3.68,Gray,female,N,NO,Unknown,Paris,Wet,healthy,2024-01-05,26.32,a,83.0,30.93, ,49.0,64.53, ,,51.74,A,79.0,47.13,B,72.0,69.11,B,16.0,52.69,B,67.0,71.5,A,51.0,64.67,A,63.0,61.8,C,0.0,unknown,A,,40.46,D
3522,Tiger, Maine Coon,16,4.97,Black,Unknown,No,No,No,Sydney,dry,,2024/01/05,35.89,Unknown,,51.6,B,46.0,35.93,B,38.0,15.17,Unknown,2.0,54.12,A,43.0,27.47,Unknown,91.0,53.84,D,32.0,67.7,a,,33.9,a,59.0,51.87,a,,53.59,D,52.0,39.98,D
3523,Tiger,Maine Coon,3,5.97,,female,N,,No, london,Wet,Checkup Needed,,21.49,B,25.0,60.36, ,94.0,51.23, ,9.0,60.42,a,65.0,82.98,D,,60.83,A,77.0,67.79,D,14.0,53.34,B,21.0,38.85,A,90.0,58.65,B,39.0,41.22,b,19.0,43.51, 
3524,Oliver,,0,4.51,,female,No,No,No,New York,dry,healthy,,28.48,D,84.0,39.75,B,57.0,43.07,C,86.0,42.37,D,48.0,45.14,B,5.0,50.03,A,94.0,43.43,C,42.0,67.28,A,7.0,63.38,D,77.0,43.83, ,81.0,unknown,C,88.0,44.34,b
3525,Smokey,Ragdoll ,1,2.35,Black,,No,Yes,Yes,Sydney,,SICK,2024/01/05,41.62,B,47.0,2.7,B,48.0,41.6,a,10.0,82.18,D,81.0,67.36,Unknown,19.0,41.08,A,22.0,37.19,a,80.0,50.61,D,44.0,37.21,C,22.0,28.65,a,40.0,unknown,C,46.0,28.4,a
3526,Shadow,Unknown,24,3.91,Gray,Male,N,YES,Yes,Sydney,Dry,healthy,2024/01/05,0.86,A,54.0,39.22,C,14.0,18.11,B,41.0,30.12,b,83.0,6.58,Unknown,92.0,48.7,B,,,b,,86.39,C,6.0,90.52,Unknown,78.0,22.86,a,36.0,30.57,b,,55.4,a
3527,Kitty,Scottish Fold,-2,2.95,Brown,Unknown,N,Yes,No, london,dry,Checkup Needed,,53.3,C,75.0,49.59,B,9.0,47.02, ,42.0,72.55,D,85.0,49.16,Unknown,90.0,61.25, ,67.0,83.85,A,27.0,50.82,Unknown,33.0,87.89,D,8.0,52.38,B,76.0,53.88, ,24.0,55.57,b
3528,Nala,Siamese,21,5.61,,Male,No,YES,Yes, london,wet,Sick,05/01/2024,41.37,Unknown,27.0,79.1,b,58.0,55.35,Unknown,93.0,40.86,a,14.0,60.09,A,87.0,51.13,D,61.0,21.13,D,96.0,90.31,a,31.0,59.06,D,73.0,70.53,A,67.0,29.74,b,13.0,38.25,C
3529,Shadow,Bengal ,1,4.25,Mixed,F,Y,,,Toronto,Dry,Checkup Needed,,44.33,A,5.0,42.68,b,,68.11, ,44.0,49.21,b,32.0,37.06,A,37.0,71.98,C,16.0,85.34,Unknown,78.0,49.77,b,49.0,57.8,a,59.0,34.87, ,20.0,65.65,a,93.0,27.96,a
3530,Milo,Siamese,23,5.76,Gray,Male,No,YES,No,London,Dry,Checkup Needed,2024-01-05,47.78,Unknown,38.0,47.46,B,8.0,58.01,C,50.0,20.44,A,44.0,7.02,D,64.0,70.34,a,9.0,70.98, ,17.0,51.54,b,,36.27,a,15.0,61.87,a,70.0,15.82,B,22.0,61.52,B
3531,Milo,Unknown,18,7.41,black ,F,Y,Yes,Unknown, london,Wet,healthy,2024/01/05,46.93,A,73.0,37.96,a,38.0,87.04,A,15.0,43.97,C,61.0,80.12,Unknown,95.0,48.58,B,1.0,54.63, ,65.0,64.37,b,89.0,32.6,Unknown,51.0,75.29,B,6.0,43.66,B,71.0,56.99,C
3532,Milo,Siamese ,-1,4.32,Gray,Female,N,Yes,Unknown,Sydney,Mixed,Sick,2024-01-05,82.56,a,39.0,unknown,a,59.0,43.29,D,33.0,69.53,B,91.0,74.79,a,16.0,40.75,Unknown,68.0,63.88, ,37.0,41.42,b,,47.96,C,81.0,44.22,C,31.0,48.93,a,31.0,52.34,Unknown
3533,Luna,Siamese,12,5.28, WHITE,M,No,,Unknown,Tokyo,,healthy,,39.9,D,94.0,71.26,A,,33.45,b,92.0,56.6, ,38.0,40.44,Unknown,23.0,74.88,a,52.0,46.98,D,26.0,55.61, ,84.0,25.0, ,48.0,46.3,D,81.0,34.72,Unknown,71.0,40.72,b
3534,Milo,MAINE COON,10,4.25,White,Male,no,No,No,Berlin,wet,healthy,Jan 5 2024,24.83,a,34.0,73.88,C,29.0,67.98,B,,31.15,D,27.0,50.54,a,,57.17,C,35.0,N/A,B,,58.37,Unknown,72.0,31.33,Unknown,25.0,71.82,B,5.0,47.19, ,94.0,76.14,A
3535,Oreo,Scottish Fold ,4,6.48,Gray,Male,Yes,No,Unknown,TOKYO,Wet,,2024/01/05,43.8,C,81.0,44.38,B,24.0,62.19,D,82.0,49.76, ,33.0,35.79,D,80.0,40.82,Unknown,98.0,71.33,b,41.0,36.29, ,54.0,37.74,C,95.0,60.95,C,62.0,30.91, ,48.0,42.39,D
3536,Simba,abyssinian,2,3.71,Black,M,Yes,NO,Unknown,,Wet,,,28.38,D,54.0,37.61, ,25.0,67.1,D,,52.2,b,23.0,55.87,b,44.0,17.93,C,87.0,36.1,b,,41.6,C,59.0,N/A,C,4.0,49.56,C,58.0,64.67,D,0.0,25.42,a
3537,Oreo,Unknown,4,5.2,Mixed,,Y,No,Yes,London,Wet,healthy,05/01/2024,49.9,B,11.0,58.76,a,,46.62,D,31.0,59.38,C,,49.07,a,63.0,65.82,b,,46.06,a,12.0,73.85, ,13.0,61.93,a,49.0,42.2,A,,53.62,a,5.0,unknown,D
3538,Oreo,,15,6.28,Gray,,N,,Yes,London,dry,SICK,,28.89,Unknown,2.0,48.18,D,30.0,8.36,C,27.0,43.54,D,47.0,37.52,Unknown,63.0,52.68,Unknown,55.0,47.74,b,43.0,53.85,Unknown,28.0,28.61,B,23.0,67.0, ,59.0,47.91,b,3.0,54.28,a
3539,Luna,BENGAL,22,5.05,Orange,female,yes,,No,Sydney,dry,Sick,2024/01/05,34.83,A,32.0,52.9,b,37.0,65.57,A,88.0,48.47,a,2.0,80.47,B,82.0,51.96,B,,66.37,a,,44.14,B,67.0,72.85, ,57.0,19.16,B,85.0,52.28,D,81.0,N/A,C
3540,Kitty,,-1,6.39,Black,Male,N,,,London,Dry,,,N/A, ,39.0,79.42,D,11.0,62.98,Unknown,30.0,31.51,B,85.0,95.35, ,2.0,33.04,D,98.0,86.73,A,65.0,31.14,Unknown,27.0,41.89,b,0.0,61.72,D,90.0,30.51,a,70.0,24.81,A
3541,Lucy,Unknown,14,2.94,Brown,F,yes,No,Unknown,Berlin,Mixed,Healthy,Jan 5 2024,59.74,A,51.0,65.67,a,20.0,77.76,b,14.0,42.63,Unknown,45.0,47.91,A,55.0,61.57,A,67.0,109.28,Unknown,53.0,68.55,B,64.0,49.03,B,52.0,29.25,D,67.0,31.23,B,39.0,72.92,a
3542,Bella,scottish fold,0,4.94,,Unknown,yes,No,No,New York,Dry,,2024/01/05,33.95,A,73.0,47.41,D,45.0,65.69,B,59.0,36.28,A,80.0,N/A,b,30.0,64.04,B,76.0,46.63, ,26.0,49.45,Unknown,80.0,78.88,b,88.0,71.01,D,71.0,52.53,B,55.0,49.55,C
3543,Shadow,Unknown,12,1.48,Brown,Unknown,N,NO,, london,dry,Checkup Needed,,49.28, ,98.0,67.04,Unknown,23.0,30.26,b,60.0,39.82, ,89.0,95.39,Unknown,65.0,29.36,C,76.0,91.03, ,54.0,1.31,b,94.0,42.52,D,39.0,50.97,D,40.0,105.55,Unknown,47.0,80.09, 
3544,Oreo,bengal,8,4.59,Brown,Female,No,NO,No,Sydney,Mixed,Sick,,84.15,a,10.0,42.26,C,67.0,45.8,a,,39.13,B,65.0,74.46,Unknown,43.0,59.3, ,96.0,54.87,D,98.0,53.95,b,0.0,88.29,B,54.0,26.57,b,49.0,50.72,D,42.0,,b
3545,Smokey,Unknown,15,3.26,White,Female,Y,Yes,,Sydney,Dry,SICK,,12.65,C,25.0,,Unknown,87.0,17.96,Unknown,,64.15,B,34.0,83.21, ,71.0,25.11,b,24.0,7.72,b,21.0,24.3,D,93.0,32.57,B,36.0,108.38,B,39.0,42.36,B,,37.16,B
3546,Nala, British Shorthair,22,3.7,Brown,Unknown,,Yes,No,Toronto,dry,healthy,Jan 5 2024,31.47,a,87.0,63.83,B,62.0,76.17,C,15.0,-0.69,D,63.0,38.58, ,74.0,68.89, ,38.0,96.87,B,45.0,56.79,D,22.0,17.51,a,14.0,75.67,D,4.0,32.31,Unknown,24.0,46.94,a
3547,Tiger,British Shorthair,3,6.29,,Female,N,No,Yes,New York,Dry,,2024-01-05,53.75,b,54.0,51.39,B,4.0,62.14,Unknown,,65.63, ,90.0,51.09,b,51.0,61.25,b,5.0,70.0,B,44.0,39.06,A,28.0,31.1,b,53.0,20.88,Unknown,2.0,41.98,C,78.0,60.4,B
3548,Bella,Maine Coon ,23,4.75,Orange,female,N,NO,No,Berlin,,Checkup Needed,2024-01-05,35.46,Unknown,95.0,18.37,B,84.0,58.48,B,98.0,25.71,B,12.0,55.18,D,68.0,70.82,B,50.0,25.59,D,53.0,20.71,a,83.0,12.93,B,76.0,43.85,b,86.0,34.25,Unknown,39.0,22.72,A
3549,Kitty,PERSIAN,19,1.12,Brown,male,,NO,,Sydney,wet,healthy,Jan 5 2024,55.08,Unknown,51.0,61.53,C,8.0,61.6,D,,50.12,a,57.0,75.29,B,14.0,53.07,C,82.0,59.31,a,99.0,58.8,b,27.0,40.15,a,41.0,43.73,D,25.0,-6.97,D,98.0,42.26,B
3550,Nala,,6,4.43,White,Unknown,No,No,No,,,Healthy,05/01/2024,24.96,b,77.0,80.73,A,98.0,27.34,D,,51.95,a,95.0,55.37,C,7.0,60.65,D,37.0,30.64,b,12.0,27.47,Unknown,52.0,34.7,b,31.0,91.68,Unknown,29.0,84.53,b,77.0,77.23,C
3551,Oreo, Persian,6,6.9,Gray,female,,No,Yes,Toronto,Wet,Sick,,17.67,C,71.0,72.48,a,13.0,49.34, ,2.0,100.91,D,,104.99,b,95.0,52.54, ,5.0,24.56,D,70.0,40.64,A,6.0,19.46,A,54.0,43.76,a,49.0,36.67,b,75.0,56.18,B
3552,Tiger,persian,-1,4.32,Black,Male,,No,,,wet,SICK,,21.39,a,41.0,23.0,A,73.0,36.23,a,99.0,60.15,B,30.0,30.22,a,16.0,8.39,B,15.0,33.32, ,,62.71,Unknown,70.0,71.04,C,27.0,71.92,A,94.0,29.02,B,39.0,57.31,D
3553,Milo,BENGAL,3,4.66,Orange,M,Yes,NO,Yes,,dry,,05/01/2024,29.24, ,37.0,47.52,D,31.0,error, ,29.0,error,a,31.0,58.29,a,47.0,37.7, ,49.0,54.92,Unknown,4.0,56.65, ,38.0,35.63,Unknown,36.0,49.88, ,,1.67,C,4.0,47.59, 
3554,Oreo,Unknown,-2,3.01,black ,Female,N,YES,Yes,Sydney,Wet,Checkup Needed,2024-01-05,71.88,D,69.0,74.04, ,48.0,58.1,Unknown,19.0,88.95, ,42.0,57.29, ,13.0,50.4,b,62.0,23.87,A,78.0,57.27,C,,27.26,D,97.0,45.18, ,2.0,43.39,a,46.0,57.94, 
3555,Loki,Bengal,19,3.65,,male,Yes,Yes,No,Paris,Dry,Sick,2024-01-05,40.02, ,76.0,69.61,a,35.0,unknown,b,64.0,57.83,B,66.0,26.17,C,,38.86, ,6.0,44.54, ,97.0,61.11,B,43.0,53.48, ,56.0,46.16,C,99.0,56.61,B,,53.74,B
3556,Bella, Scottish Fold,-2,3.74,Mixed,M,Yes,YES,Unknown,Berlin,dry,Checkup Needed,05/01/2024,55.34,b,92.0,47.9,b,61.0,58.81,a,51.0,error,D,18.0,50.86,b,50.0,61.15,C,14.0,23.82,A,86.0,80.17, ,3.0,33.18,Unknown,30.0,73.02,D,44.0,61.92,b,54.0,-2.55,A
3557,Tiger,Unknown,9,3.99,Mixed,M,,No,No,Toronto,dry,,05/01/2024,43.33,b,3.0,47.43,C,12.0,76.31,A,74.0,60.58,B,19.0,84.72,a,21.0,38.19,C,95.0,60.04, ,,24.11,D,40.0,24.98, ,14.0,33.39,B,71.0,45.56, ,88.0,57.19,D
3558,Smokey,scottish fold,17,5.92,White,male,,Yes,Unknown,New York,wet,healthy,,43.87,B,70.0,48.37,Unknown,97.0,32.51,A,71.0,52.07,A,84.0,0.68,a,82.0,22.28,Unknown,8.0,68.87,B,1.0,61.63,a,11.0,18.88, ,81.0,50.1,Unknown,62.0,64.54, ,,48.33, 
3559,Shadow,Unknown,4,4.19,Mixed,Male,,No,,,Dry,Healthy,,37.16,Unknown,,52.47,D,65.0,34.69,b,64.0,39.25,B,54.0,51.65,D,37.0,37.97,A,49.0,42.23, ,50.0,13.01,C,90.0,24.37,b,,35.19, ,54.0,40.51,b,91.0,31.27,B
3560,Smokey,Unknown,12,4.06,Gray,Female,Yes,YES,No,Berlin,wet,Healthy,,,Unknown,46.0,43.27, ,94.0,40.48,b,48.0,51.72, ,85.0,59.92,C,9.0,69.73,C,3.0,40.92,D,70.0,61.18,B,2.0,55.6,B,20.0,51.38,Unknown,54.0,74.36,b,54.0,84.67,Unknown
3561,Luna, Ragdoll,3,6.8, WHITE,Unknown,Yes,No,,Tokyo,,SICK,,57.96,Unknown,,35.52,B,52.0,40.5,A,90.0,60.14, ,77.0,61.04,D,,46.52,B,48.0,80.22,B,82.0,43.43, ,71.0,46.22,B,20.0,34.46,D,,61.41,a,,62.33,A
3562,Bella,BRITISH SHORTHAIR,14,2.67,Brown,female,,,No,Tokyo,Mixed,healthy,,34.53,A,70.0,69.89,B,0.0,46.58,Unknown,43.0,26.29,b,,44.66,C,24.0,38.49,A,0.0,69.5,C,36.0,54.01,A,90.0,42.02, ,83.0,33.4,C,,46.09,A,15.0,67.52,B
3563,Kitty,Unknown,19,5.51,Gray,Female,,,No,TOKYO,dry,SICK,2024/01/05,65.77,b,4.0,46.27,D,20.0,19.16,Unknown,82.0,95.04,C,98.0,31.07,a,22.0,57.59,B,75.0,22.13,B,54.0,48.3,D,14.0,41.16,a,8.0,53.52,D,21.0,52.35,D,81.0,86.88, 
3564,Shadow,,18,4.8,Orange,female,,NO,Unknown,New York,Mixed,,2024/01/05,54.14, ,28.0,25.52,B,87.0,,D,71.0,94.2,a,47.0,83.41,b,80.0,39.31,C,22.0,54.89,a,38.0,62.65,D,,46.72,A,14.0,45.52,C,36.0,79.92, ,83.0,58.85,b
3565,Milo,Siamese ,16,3.15,Black,Unknown,no,YES,Yes,,Dry,healthy,,44.18,Unknown,36.0,45.82,a,80.0,15.2,A,28.0,72.97,D,65.0,64.72,Unknown,75.0,,D,22.0,88.52, ,86.0,48.96,B,1.0,49.58,C,48.0,21.92, ,32.0,-13.33,Unknown,30.0,69.0, 
3566,Milo, Scottish Fold,22,2.07, WHITE,,yes,,Unknown,London,dry,healthy,2024-01-05,68.16,b,23.0,42.11, ,85.0,57.86,C,94.0,31.45,B,30.0,65.52,Unknown,,96.86,a,92.0,90.27,D,6.0,28.73,B,22.0,78.93, ,93.0,38.04,B,87.0,36.49,C,6.0,94.43,B
3567,Leo,Unknown,24,3.57, WHITE,Male,N,NO,Unknown,Berlin,wet,Checkup Needed,Jan 5 2024,56.47,B,31.0,24.94, ,1.0,80.81,A,89.0,46.79,a,11.0,27.67,C,24.0,76.71,b,51.0,error,b,14.0,39.46,Unknown,24.0,46.45,B,28.0,10.37,A,58.0,30.45,C,77.0,33.79,a
3568,Milo,Scottish Fold ,3,3.97,Gray,Male,Yes,NO,,Tokyo,wet,Sick,2024-01-05,61.54,D,91.0,61.35,Unknown,96.0,46.82,a,31.0,69.98,D,70.0,,a,32.0,33.72,B,18.0,21.82,a,58.0,68.93,B,27.0,44.69,b,0.0,59.91,a,98.0,40.58,Unknown,61.0,20.2,A
3569,Chloe,PERSIAN,1,8.35, WHITE,Unknown,Yes,,,Tokyo,wet,Healthy,Jan 5 2024,41.04,C,91.0,67.21,B,1.0,9.63,C,70.0,58.12,C,42.0,61.29,b,83.0,46.68, ,26.0,24.09,Unknown,9.0,49.89,a,23.0,68.57,D,31.0,39.23, ,70.0,40.9, ,73.0,35.91,B
3570,Kitty,Bengal,8,3.0,black ,M,no,NO,No,Paris,Wet,SICK,05/01/2024,-4.29,a,,76.57,C,84.0,43.87,a,28.0,67.27, ,56.0,60.81,A,86.0,62.73,b,88.0,53.9,A,7.0,34.14,B,50.0,66.67,a,25.0,69.54, ,56.0,33.37, ,48.0,16.04, 
3571,Chloe,,8,2.91,Orange,female,Y,No,Yes,,dry,,2024/01/05,28.87,b,50.0,25.65,A,63.0,58.91,Unknown,,34.88,A,6.0,38.49,a,18.0,85.17,b,69.0,82.06,b,87.0,71.76,a,43.0,77.84, ,0.0,60.33,A,,98.34,C,8.0,N/A,Unknown
3572,Luna,,7,5.9,Mixed,Female,N,YES,Unknown,Paris,Dry,,2024-01-05,66.44,B,17.0,error,b,29.0,error,b,88.0,46.46,B,3.0,86.58,D,4.0,20.23,a,46.0,9.57,Unknown,,30.17,D,61.0,18.92,Unknown,74.0,22.41, ,48.0,73.43,C,53.0,42.16,b
3573,Simba,ABYSSINIAN,5,0.88,Mixed,Female,no,Yes,Yes,London,Mixed,,2024-01-05,71.3,A,17.0,51.21,b,19.0,60.5,D,55.0,13.51,D,19.0,66.57,C,11.0,55.91,a,75.0,41.58,A,74.0,64.96,B,85.0,3.94,Unknown,98.0,24.41,B,79.0,15.65,D,63.0,73.98,D
3574,Lucy, Persian,-2,5.02,Mixed,M,N,Yes,No,TOKYO,Wet,SICK,2024-01-05,33.69,a,62.0,38.91,b,43.0,33.39,a,22.0,53.05,C,73.0,16.41,Unknown,0.0,31.09, ,43.0,61.94,b,89.0,49.5,b,69.0,74.11,A,39.0,62.58,C,23.0,51.76,D,12.0,43.15,b
3575,Kitty,Unknown,-2,5.1,black ,Female,Y,No,Yes,TOKYO,dry,,,57.13,a,51.0,40.77,A,19.0,38.02,B,,56.75,Unknown,73.0,49.03,Unknown,24.0,45.35,Unknown,7.0,45.24,D,,error,A,79.0,35.69,D,,23.13,a,98.0,50.75,C,,5.41,C
3576,Lucy,bengal,12,4.91,White,,yes,,Unknown,Toronto,dry,,2024/01/05,41.18,Unknown,58.0,24.69,C,68.0,24.53, ,48.0,34.37,D,64.0,43.14,C,6.0,41.31,C,,44.1,A,45.0,error,b,57.0,error,C,47.0,93.29,Unknown,14.0,42.55,Unknown,25.0,79.22,b
3577,Loki,BENGAL,0,2.55,Brown,Unknown,,NO,,New York,Mixed,,,42.53,A,21.0,77.85,C,54.0,56.3,a,78.0,51.02, ,67.0,59.35,a,24.0,29.6,b,,79.86,b,97.0,63.28, ,,13.88,a,47.0,72.4,B,,67.11,B,,57.29,C
3578,Shadow,Persian ,3,5.91, WHITE,F,N,No,Yes,,Wet,Sick,05/01/2024,19.27, ,94.0,45.03, ,45.0,66.19,D,,60.23,C,67.0,59.38,C,8.0,75.32,B,63.0,39.09,C,,67.13,D,,111.26,b,28.0,21.83, ,70.0,40.41, ,18.0,43.7,A
3579,Oliver,Siamese,1,4.63,Orange,female,No,YES,,TOKYO,wet,Healthy,2024/01/05,48.76,C,77.0,70.5, ,,10.63,D,17.0,68.56,D,94.0,34.71,Unknown,72.0,59.96,a,,26.77,Unknown,0.0,59.55,B,71.0,70.32,b,31.0,36.14,A,64.0,113.06,A,91.0,36.16,D
3580,Leo,siamese,1,3.4,black ,Unknown,N,NO,Yes,,Dry,Healthy,Jan 5 2024,18.66,b,,48.4, ,36.0,51.43,C,57.0,76.14,a,5.0,108.7,B,33.0,38.68,a,90.0,35.35,B,5.0,64.96,A,18.0,5.95,D,36.0,72.71,C,42.0,1.38, ,41.0,59.14,D
3581,Chloe,Ragdoll ,11,3.18,Brown,F,N,Yes,Yes,TOKYO,Wet,SICK,2024-01-05,58.2, ,62.0,66.05,B,,36.7,a,39.0,29.16,b,7.0,80.18,D,73.0,39.43,Unknown,31.0,53.6,a,77.0,36.53, ,21.0,70.55,b,19.0,57.28,A,47.0,66.54,b,28.0,78.64,C
3582,Kitty,Siamese ,16,3.73, WHITE,Male,Yes,YES,Unknown,Toronto,Wet,healthy,2024/01/05,49.09, ,70.0,48.58, ,1.0,48.28,B,32.0,68.57,A,,24.52,D,44.0,22.41,a,,N/A,b,40.0,66.72,b,66.0,68.6,C,63.0,32.11,Unknown,,45.14,a,45.0,83.04,b
3583,Kitty,BRITISH SHORTHAIR,15,4.78, WHITE,Unknown,Y,,Unknown,Toronto,dry,healthy,05/01/2024,65.61,C,75.0,41.51,A,64.0,44.09,D,94.0,26.78,A,55.0,32.7,C,75.0,41.23,D,20.0,43.01,D,95.0,96.33,D,49.0,65.67, ,20.0,23.5,Unknown,66.0,74.19,A,44.0,53.58,B
3584,Oliver,,0,4.2,Orange,Male,no,Yes,No,Tokyo,dry,,,48.81,A,9.0,55.83,a,58.0,71.5,B,39.0,2.24,D,1.0,71.43,Unknown,,59.29,A,35.0,53.1, ,91.0,63.4,B,24.0,74.93, ,38.0,49.47,B,66.0,61.34,C,,27.67,a
3585,Milo, Maine Coon,0,4.49, WHITE,Unknown,Yes,Yes,Unknown,,Mixed,Healthy,,25.04,C,76.0,46.21,Unknown,44.0,59.07, ,20.0,28.94,B,93.0,64.15,A,78.0,62.28,C,38.0,18.37,B,90.0,73.85,a,23.0,89.36,B,15.0,44.23,B,88.0,68.14,b,60.0,46.0,Unknown
3586,Chloe, Scottish Fold,17,3.86,,Male,no,,Unknown,Tokyo,,Healthy,Jan 5 2024,26.38,D,,55.37,D,,64.13,b,,24.57,a,12.0,72.65,A,43.0,22.22,D,20.0,69.66,D,7.0,8.99,b,9.0,73.9,B,47.0,37.64,C,,36.32,Unknown,47.0,78.97,Unknown
3587,Simba,Bengal ,16,2.34,White,Male,yes,,No,TOKYO,Wet,Healthy,,75.43,A,,error,C,,52.0,Unknown,5.0,64.62,a,34.0,34.81,b,71.0,25.98,C,38.0,56.94,C,0.0,error,B,45.0,44.16,D,,37.59,C,41.0,42.6,C,,41.23,b
3588,Nala,,2,4.24,Gray,Male,Yes,No,Yes,Berlin,wet,healthy,05/01/2024,49.63, ,36.0,68.99,D,25.0,71.01,D,85.0,62.13,a,93.0,59.36,Unknown,75.0,40.99,A,79.0,55.12,C,28.0,53.04,C,74.0,45.48,B,76.0,34.61, ,66.0,80.56,b,58.0,49.9,C
3589,Nala,Abyssinian ,9,2.5,,female,Y,,No,Paris,Wet,Sick,,55.31,C,53.0,unknown,b,,35.54,A,98.0,58.71,Unknown,63.0,82.67,a,64.0,96.08,a,62.0,89.28,a,,unknown,a,95.0,40.55, ,85.0,58.13,B,5.0,45.15,C,10.0,47.69,B
3590,Lucy,Unknown,19,6.75,Black,M,Y,No,No, london,Wet,Sick,,40.31,Unknown,23.0,89.59,Unknown,23.0,63.12,A,24.0,43.35,b,16.0,56.89,b,50.0,38.28,Unknown,45.0,76.76,B,47.0,59.78,A,91.0,64.44,C,38.0,66.09,B,93.0,unknown,C,57.0,22.75,C
3591,Oreo,,1,5.45,White,female,N,NO,, london,,healthy,05/01/2024,92.27, ,48.0,55.6,B,25.0,-0.39, ,43.0,71.32,A,47.0,43.58,Unknown,34.0,52.62, ,3.0,57.85, ,92.0,103.38,A,22.0,72.11,Unknown,,73.66,Unknown,11.0,48.78,C,31.0,71.06,Unknown
3592,Lucy,,15,6.22,Black,Male,no,No,,Paris,,Healthy,,58.21,A,51.0,80.82,D,88.0,61.93,D,57.0,42.0,D,14.0,74.27,b,53.0,98.93,Unknown,75.0,46.29,b,45.0,35.28,B,50.0,63.46,Unknown,26.0,43.44,Unknown,86.0,54.69, ,69.0,31.86,Unknown
3593,Loki,Maine Coon,0,4.46,Brown,M,yes,,Unknown,New York,Mixed,Checkup Needed,2024-01-05,61.26,C,24.0,60.84,a,99.0,79.84,B,59.0,80.04,Unknown,37.0,76.76, ,56.0,24.29,b,65.0,21.24, ,61.0,41.98,b,77.0,55.93,b,44.0,23.71,A,,46.46,a,65.0,70.56,A
3594,Oliver,Unknown,17,4.64,Mixed,Female,no,,No,TOKYO,Dry,Healthy,2024-01-05,48.65,a,94.0,47.14,b,61.0,27.65,a,,67.31,C,32.0,46.7,D,69.0,50.33,a,64.0,66.39,Unknown,3.0,59.44,b,56.0,61.77,C,96.0,88.99,C,,25.33,A,62.0,44.09,A
3595,Lucy,BRITISH SHORTHAIR,24,7.41,black ,female,,,No, london,Wet,healthy,,26.11,D,62.0,64.82,a,52.0,25.09,b,37.0,92.42,Unknown,20.0,71.33,Unknown,71.0,57.27,Unknown,36.0,51.48, ,58.0,87.88,a,68.0,68.46,D,59.0,59.95,a,49.0,62.17,a,45.0,50.47,D
3596,Shadow,bengal,6,3.57,Gray,Unknown,yes,YES,No,Paris,Mixed,healthy,2024-01-05,74.56,C,26.0,58.28,Unknown,93.0,47.19,a,61.0,37.4,B,52.0,27.7,Unknown,76.0,38.4,B,48.0,36.25,C,98.0,42.05,C,82.0,53.72, ,98.0,63.85,B,1.0,52.67,b,60.0,68.57,C
3597,Lucy,Unknown,7,2.26,Brown,female,yes,No,Unknown, london,wet,Checkup Needed,Jan 5 2024,94.26, ,49.0,32.16,Unknown,96.0,55.84,a,55.0,61.18,Unknown,8.0,71.4,Unknown,33.0,30.78,a,68.0,68.74,A,24.0,48.69,a,,26.9,B,28.0,55.3,D,72.0,7.47,D,36.0,63.98,A
3598,Nala,Unknown,12,3.83,White,M,yes,Yes,No,London,,,Jan 5 2024,60.69, ,28.0,72.91,b,28.0,44.05,Unknown,13.0,54.37,A,51.0,23.89,Unknown,67.0,28.02,C,94.0,82.55,Unknown,45.0,20.66,a,47.0,47.45,a,36.0,74.41,B,71.0,27.54,Unknown,1.0,N/A,b
3599,Chloe,BENGAL,1,4.88, WHITE,F,Yes,NO,,Sydney,,Sick,,72.2,D,94.0,32.27,A,,N/A,B,9.0,24.56,B,47.0,50.84, ,56.0,unknown,B,10.0,42.88,C,50.0,61.15,b,13.0,84.72, ,48.0,42.32,C,45.0,44.21,C,98.0,44.45,a
3600,Luna,,10,6.06,Black,,N,Yes,, london,dry,Checkup Needed,2024/01/05,46.19,b,92.0,54.24,A,95.0,58.48,C,11.0,54.6,C,86.0,90.0,a,37.0,37.0, ,47.0,69.43,b,90.0,65.54,Unknown,23.0,60.43,C,10.0,45.61,Unknown,13.0,38.14,A,90.0,42.58, 
3601,Lucy,,15,5.85,,Unknown,No,NO,,TOKYO,Mixed,Healthy,05/01/2024,58.62,b,44.0,53.47,Unknown,28.0,43.38,b,,73.17,C,2.0,15.06,C,,37.5,B,94.0,63.15,b,60.0,57.91,D,,5.42,Unknown,58.0,52.39, ,9.0,50.1,D,,54.46,B
3602,Oreo,,8,4.55, WHITE,F,,YES,No,London,Wet,,2024/01/05,35.89,b,98.0,20.73,a,75.0,78.13,b,43.0,49.32,A,66.0,44.05,D,24.0,76.39,a,53.0,13.15,D,43.0,58.95,b,86.0,38.48,A,6.0,41.11,a,37.0,92.5,a,18.0,39.62,D
3603,Leo,Maine Coon ,21,2.75,Mixed,Male,N,NO,,London,Wet,Healthy,,49.2,Unknown,92.0,39.73,D,76.0,53.47,A,,60.97,Unknown,52.0,60.06,A,73.0,48.9,D,99.0,57.33,A,28.0,6.97,a,61.0,43.33,B,57.0,42.68,D,43.0,18.39,Unknown,48.0,61.71,a
3604,Luna,,15,3.81,,Male,Y,NO,Unknown,,dry,Healthy,,81.05,b,78.0,18.13,A,24.0,36.53, ,12.0,55.61,D,8.0,66.51,A,87.0,54.01,a,,57.92,a,,42.84,b,55.0,71.55,B,89.0,38.91,b,25.0,14.98,a,40.0,57.08,b
3605,Bella,Unknown,-2,3.15,Orange,Female,Y,No,Yes,Paris,dry,SICK,05/01/2024,78.32,Unknown,85.0,39.51,Unknown,34.0,46.73,Unknown,,66.41,a,21.0,40.53,Unknown,50.0,47.28,D,6.0,43.73,D,14.0,89.11,B,17.0,80.92,Unknown,93.0,59.69,a,27.0,71.42,D,24.0,43.4,B
3606,Simba,Maine Coon,15,3.95,Brown,M,no,Yes,No,,dry,Checkup Needed,Jan 5 2024,44.99,B,25.0,27.01,Unknown,89.0,30.04,C,57.0,28.12,a,25.0,58.19, ,,59.8, ,36.0,31.95,A,,59.5,D,47.0,40.41,B,68.0,44.24,Unknown,94.0,41.61,D,50.0,44.69,a
3607,Simba,,9,4.87,White,M,yes,YES,Yes,TOKYO,Dry,Healthy,,33.54,Unknown,6.0,54.1,Unknown,,30.59,C,87.0,40.69,a,51.0,41.32,A,95.0,31.01, ,74.0,51.42,D,,53.99,A,37.0,25.28,a,59.0,53.34,A,,59.63,D,50.0,33.66,Unknown
3608,Smokey,,6,6.32,Mixed,Unknown,No,,Yes,Toronto,wet,healthy,2024/01/05,79.68,D,10.0,28.97,C,85.0,40.55,D,47.0,65.67,a,82.0,40.02,Unknown,76.0,59.13,a,28.0,86.87,B,4.0,77.64, ,,67.83,B,20.0,45.8,A,62.0,48.98,B,75.0,79.28,B
3609,Loki,abyssinian,0,5.57,White,male,,NO,Yes,,Dry,Sick,05/01/2024,49.81,C,,54.93,Unknown,65.0,46.24,D,0.0,45.41,Unknown,43.0,31.12,Unknown,83.0,36.22, ,58.0,64.29,C,44.0,40.94,C,78.0,61.62,C,32.0,43.89,D,3.0,43.45,a,32.0,42.47,a
3610,Lucy,bengal,14,3.66,Gray,,Y,Yes,Yes,London,dry,,2024/01/05,73.39,B,11.0,error,A,,60.19,a,14.0,44.03,A,11.0,53.36,Unknown,16.0,N/A,C,3.0,35.83, ,6.0,60.25,Unknown,49.0,31.9, ,66.0,42.39, ,,56.22,A,95.0,14.91,C
3611,Smokey,scottish fold,20,4.09,Orange,Unknown,Yes,,,Berlin,wet,Healthy,,57.87,C,85.0,77.67, ,18.0,88.63,D,66.0,36.34, ,,89.84,B,63.0,37.3,D,0.0,12.99,Unknown,54.0,75.06,B,50.0,86.01,A,19.0,46.15,D,76.0,unknown,B,20.0,38.83,C
3612,Nala,,2,4.47, WHITE,Unknown,N,YES,,Sydney,Wet,healthy,,30.83,C,69.0,26.04,D,73.0,41.34,Unknown,29.0,47.02,C,4.0,17.85,A,31.0,54.66,A,31.0,66.44,b,96.0,62.11,C,60.0,80.65,Unknown,6.0,65.95,A,46.0,50.25, ,67.0,53.92,D
3613,Oliver,Scottish Fold,7,4.11,Orange,M,No,NO,Unknown,London,dry,,05/01/2024,42.3,A,44.0,N/A,a,49.0,56.07,Unknown,,36.29,B,62.0,33.41,C,32.0,71.91,D,57.0,unknown,Unknown,,N/A, ,50.0,29.98, ,,43.75,D,0.0,55.26,B,89.0,62.1,B
3614,Lucy, Ragdoll,8,2.79,Mixed,M,,No,No,Toronto,,SICK,2024-01-05,28.59,B,,45.33,D,93.0,78.6,a,21.0,73.56,D,71.0,51.82,b,28.0,24.15,C,23.0,33.63, ,99.0,23.07,A,67.0,22.59,b,50.0,86.66,A,,36.98,B,67.0,70.79,D
3615,Shadow,abyssinian,13,4.83,,Male,Yes,NO,Yes,TOKYO,,,,55.34, ,11.0,70.62, ,25.0,22.82,A,54.0,40.96,a,2.0,37.68,C,99.0,42.57,D,71.0,31.22,A,55.0,45.51,B,53.0,9.08,A,68.0,21.91,B,33.0,22.76,B,,38.3,Unknown
3616,Bella, Persian,15,3.54,Mixed,M,Y,,Unknown,London,Dry,SICK,05/01/2024,66.51,B,97.0,73.47,Unknown,33.0,22.26,A,68.0,58.87, ,,38.78,b,74.0,37.54,b,45.0,37.08, ,25.0,45.86,a,89.0,16.13,b,9.0,66.46,Unknown,4.0,65.61,a,78.0,58.85, 
3617,Smokey,Maine Coon ,5,5.1,Brown,F,no,,,Berlin,dry,healthy,,21.74,A,43.0,31.36,Unknown,19.0,54.65, ,77.0,30.63,D,65.0,44.28, ,33.0,23.28,D,,65.49,D,,19.22,A,80.0,42.16,Unknown,48.0,43.86, ,19.0,40.0,D,44.0,37.05,A
3618,Smokey,Unknown,11,2.57,Orange,male,No,No,Yes, london,Dry,healthy,2024/01/05,41.19,a,57.0,65.17,D,26.0,69.29,Unknown,96.0,64.71,Unknown,16.0,63.97,B,93.0,30.72,A,80.0,42.22,B,41.0,41.8,Unknown,46.0,70.87,Unknown,86.0,62.51,D,2.0,50.59,b,30.0,27.13,B
3619,Milo,BRITISH SHORTHAIR,1,3.58,Orange,F,Y,,,Paris,dry,SICK,Jan 5 2024,86.95,Unknown,16.0,30.21,C,16.0,29.93,C,87.0,43.17, ,5.0,36.57,A,45.0,67.22,b,79.0,57.85, ,75.0,33.57,D,15.0,46.01,Unknown,79.0,45.02, ,4.0,75.0,B,59.0,22.53,A
3620,Simba,Abyssinian ,15,4.11,black ,F,,No,Unknown,Toronto,Dry,Healthy,05/01/2024,50.93,a,80.0,27.3,A,64.0,69.05,A,5.0,52.41, ,70.0,21.42, ,,49.13,C,12.0,58.7,D,34.0,66.88,Unknown,32.0,44.69,Unknown,22.0,28.08,b,,56.36,B,9.0,27.58,C
3621,Tiger,,1,4.95,Brown,,yes,,Unknown,Toronto,Wet,SICK,Jan 5 2024,63.55,D,59.0,59.27,C,60.0,49.85,D,1.0,61.9,B,39.0,60.05,D,53.0,37.32,b,0.0,62.91,a,98.0,6.53,A,25.0,42.41,B,12.0,48.1,A,79.0,28.86,D,42.0,46.94,D
3622,Simba,BENGAL,24,5.47,Brown,F,Yes,No,Unknown,,,Healthy,05/01/2024,33.29,A,39.0,70.38,A,86.0,33.63,A,67.0,52.08,A,63.0,36.09,C,,66.58,a,80.0,73.5,C,39.0,62.61, ,,72.34, ,72.0,91.63,b,60.0,62.19,B,93.0,51.87,C
3623,Milo,Bengal ,11,4.81,Orange,,Y,,No, london,Wet,healthy,05/01/2024,49.26,b,65.0,58.29,a,71.0,39.23,a,77.0,31.61,D,38.0,33.43,B,2.0,49.82,b,57.0,56.1,b,0.0,71.21,A,,26.76,D,56.0,27.58,D,58.0,36.35,Unknown,8.0,22.89,a
3624,Bella,,23,5.99,Gray,Unknown,,NO,Unknown,Berlin,dry,Sick,Jan 5 2024,73.33,B,4.0,52.39,Unknown,39.0,48.3,Unknown,97.0,12.54,b,7.0,80.48,a,7.0,-11.28,B,52.0,27.05,a,66.0,51.33, ,78.0,54.86,a,,12.52,C,13.0,43.82,C,7.0,44.2,C
3625,Luna,,17,6.72,Orange,male,,NO,,Tokyo,Wet,SICK,Jan 5 2024,62.54,a,0.0,92.25,b,,34.3, ,30.0,67.62,D,62.0,56.23,D,27.0,54.05,A,58.0,70.35,Unknown,77.0,50.49,C,86.0,75.3, ,81.0,54.87,b,97.0,26.76,B,52.0,47.31,b
3626,Simba,British Shorthair ,16,4.14,White,,yes,No,,Berlin,,Checkup Needed,2024-01-05,51.72,Unknown,,73.37,A,30.0,39.32,b,34.0,54.53,A,27.0,38.62,B,42.0,20.49,a,84.0,62.82,b,35.0,36.63,B,50.0,54.92,D,52.0,35.54, ,60.0,33.47,B,40.0,24.38,a
3627,Tiger,Scottish Fold,10,4.81,White,F,Yes,Yes,Unknown, london,,healthy,05/01/2024,36.37,B,8.0,54.29,B,40.0,54.29,A,62.0,58.42,C,8.0,39.3,a,99.0,75.48, ,,35.91,A,20.0,66.1,C,6.0,64.03,b,55.0,37.26,D,11.0,42.09,A,,58.56,b
3628,Nala,ABYSSINIAN,21,4.49,black ,M,no,Yes,,New York,dry,,Jan 5 2024,47.11,D,78.0,58.89, ,56.0,39.73, ,76.0,59.43,C,81.0,40.38,b,27.0,47.55,C,51.0,72.35, ,28.0,70.1, ,88.0,45.07,a,40.0,24.43, ,,57.09,C,77.0,32.0,Unknown
3629,Loki,BENGAL,12,3.24,Gray,male,N,Yes,Unknown,Berlin,Wet,SICK,,21.81,Unknown,54.0,59.45,D,6.0,55.47,a,9.0,48.36,A,,53.06,B,98.0,51.26,A,95.0,73.69,Unknown,17.0,84.57,A,65.0,79.18,Unknown,58.0,23.11,C,,63.48,D,68.0,57.25,B
3630,Bella,Maine Coon,8,5.5,Orange,female,,Yes,Yes,Toronto,Dry,SICK,,56.89,A,89.0,37.12,a,11.0,82.87,B,,68.15,D,,55.35,B,62.0,52.48,b,97.0,44.42,C,55.0,33.06,Unknown,60.0,42.58,b,29.0,30.34,A,43.0,14.29, ,61.0,24.84,b
3631,Oliver,,11,4.68,Mixed,,,YES,,Paris,wet,Healthy,,75.15,C,29.0,43.43,a,40.0,47.54,C,19.0,6.56,B,48.0,45.55,A,16.0,31.95,B,62.0,37.72,A,23.0,69.04, ,69.0,52.27,D,3.0,37.01,Unknown,55.0,36.06,A,25.0,40.84,D
3632,Luna,,11,4.64,Black,male,yes,No,Unknown,Berlin,Dry,SICK,2024/01/05,46.2,Unknown,21.0,43.23,A,29.0,60.27,B,38.0,78.75,a,,53.49,b,62.0,30.21,Unknown,,47.42,C,82.0,38.17,B,44.0,13.64,D,78.0,65.28,A,,82.16,C,36.0,23.11, 
3633,Tiger,Siamese ,11,4.88,Orange,Unknown,Y,No,Unknown,,wet,healthy,2024-01-05,66.85,b,,56.32,b,83.0,59.52,D,62.0,49.31, ,47.0,55.73,B,98.0,51.38,a,33.0,47.92,C,13.0,19.57,a,42.0,24.47,b,14.0,47.07,a,31.0,76.89,C,,73.62, 
3634,Nala,,17,4.53,Mixed,Male,Y,No,Unknown,,dry,,05/01/2024,15.4,b,95.0,23.08,Unknown,55.0,30.18,D,97.0,34.23,B,61.0,unknown,B,82.0,40.38,a,66.0,80.32,B,77.0,65.52,D,61.0,53.59,C,46.0,50.28,D,30.0,63.1,b,,54.49,a
3635,Kitty,Sphynx ,-1,6.8,Gray,Male,No,,Yes,Toronto,Dry,healthy,Jan 5 2024,30.33, ,41.0,33.0, ,22.0,13.27,D,43.0,31.31,A,56.0,59.81,C,47.0,41.42,Unknown,,51.7,a,71.0,60.94,C,53.0,31.81,D,82.0,46.22,D,56.0,47.29,Unknown,99.0,40.47,D
3636,Lucy,abyssinian,1,4.8,Gray,,,,Unknown,,dry,healthy,2024/01/05,31.21,D,1.0,53.73,D,35.0,33.13,A,80.0,28.48,D,43.0,51.5,a,,34.81,b,37.0,45.89,C,2.0,40.88,b,85.0,53.67,B,72.0,67.47, ,14.0,53.73,b,80.0,60.83,D
3637,Bella,Unknown,10,2.81,Gray,male,Yes,,,New York,Dry,healthy,05/01/2024,51.27,C,94.0,63.78,C,0.0,64.09,b,99.0,61.36,a,7.0,64.58,B,75.0,29.56,Unknown,1.0,58.85,C,84.0,19.67,C,41.0,62.83,B,5.0,30.47,B,63.0,48.43,B,97.0,43.34, 
3638,Leo, Persian,6,3.36,Brown,female,No,Yes,Unknown,Toronto,Dry,healthy,05/01/2024,46.49,b,77.0,53.9,a,86.0,67.7,A,,25.52,D,,63.88,a,40.0,62.07,C,40.0,34.26,Unknown,9.0,95.54,B,,54.76,b,64.0,84.29,Unknown,6.0,60.32,Unknown,79.0,40.31, 
3639,Nala,Unknown,17,3.57,White,female,No,NO,Unknown, london,,SICK,2024/01/05,62.58,Unknown,54.0,44.59,C,75.0,81.89,C,37.0,54.04,a,,28.06,b,29.0,46.76,b,81.0,55.86,A,83.0,22.48, ,33.0,70.94,C,89.0,84.82,Unknown,9.0,71.21,A,67.0,36.14,C
3640,Chloe, Bengal,8,5.36, WHITE,,Y,Yes,Unknown,New York,dry,Sick,Jan 5 2024,31.27,B,54.0,38.66,b,44.0,84.61, ,76.0,41.38,B,22.0,35.69,Unknown,88.0,52.67, ,36.0,61.33,a,73.0,60.79,Unknown,59.0,93.49,A,67.0,52.22,a,97.0,67.84,A,64.0,70.85,D
3641,Oreo,Sphynx ,4,3.21,Black,,yes,YES,Unknown,Sydney,wet,Sick,,63.58,D,82.0,52.76,C,81.0,36.97,a,50.0,48.56,Unknown,91.0,59.03, ,27.0,47.03,b,56.0,47.12,A,73.0,58.41,b,7.0,44.35,C,83.0,14.75,B,68.0,20.57,a,21.0,63.99,A
3642,Smokey,SPHYNX,18,2.39,White,Unknown,Yes,No,,,,SICK,,67.22,Unknown,15.0,12.22,B,13.0,84.7, ,,34.14,a,57.0,91.98,Unknown,98.0,45.46,A,98.0,65.9,Unknown,,45.86,A,,62.4,C,75.0,87.11, ,92.0,62.02,B,22.0,80.6,C
3643,Shadow,Unknown,21,2.25,Gray,male,Yes,,Unknown,Paris,,Healthy,05/01/2024,51.7,B,46.0,66.62,a,60.0,66.12,A,66.0,63.93,b,,68.32,a,44.0,9.04,a,39.0,52.82,Unknown,34.0,104.33,C,44.0,78.91,D,29.0,50.05,a,2.0,41.11,b,73.0,44.96,B
3644,Tiger,RAGDOLL,9,6.27,black ,Unknown,Yes,,Yes,Sydney,Wet,,2024-01-05,47.33,a,90.0,33.6,D,15.0,55.89,b,10.0,43.44,A,20.0,30.77, ,99.0,85.04,B,71.0,61.73,Unknown,71.0,65.23,Unknown,91.0,37.52,D,,25.56,b,51.0,30.05,B,50.0,78.39,D
3645,Luna,Siamese,19,3.6,,Female,no,,Yes,Tokyo,dry,,Jan 5 2024,76.41,D,3.0,76.92,Unknown,66.0,47.25,a,85.0,16.41,a,64.0,49.8,B,77.0,67.11,Unknown,17.0,54.87,a,60.0,34.38,a,84.0,48.25, ,70.0,59.25, ,24.0,67.41, ,95.0,9.99,a
3646,Chloe, Persian,11,1.67,Brown,Male,yes,YES,Yes,Berlin,Mixed,Checkup Needed,,56.57,A,,28.06,a,11.0,51.92,B,50.0,55.08,C,90.0,43.87,C,90.0,36.14,a,53.0,40.65,B,27.0,62.06,a,55.0,25.18,a,85.0,41.7,C,10.0,28.46,D,61.0,69.57,Unknown
3647,Simba,persian,5,3.92,Gray,F,No,NO,Yes,TOKYO,dry,SICK,,93.27,Unknown,,37.45,B,2.0,45.87,b,24.0,39.99,A,17.0,52.0,a,87.0,10.7,B,25.0,59.55,D,83.0,45.45,Unknown,39.0,63.92,C,94.0,66.95,C,6.0,44.17,Unknown,25.0,34.86,b
3648,Oreo,Siamese,11,4.44,Brown,M,yes,YES,Yes,Paris,Wet,Checkup Needed,2024-01-05,49.35,Unknown,8.0,60.09,B,91.0,59.79,B,88.0,72.12,A,54.0,70.64,A,34.0,64.36,D,4.0,34.28,A,34.0,57.55,C,0.0,41.1,D,90.0,50.32,A,53.0,17.3,a,95.0,66.43,B
3649,Oliver,SPHYNX,16,4.01, WHITE,F,yes,No,Yes,New York,Mixed,healthy,Jan 5 2024,27.57,D,5.0,79.8, ,48.0,9.38,D,22.0,69.35, ,39.0,54.6,C,42.0,77.8, ,,76.09,a,1.0,97.46,D,94.0,59.57,b,93.0,29.28,C,15.0,91.23,C,70.0,30.48,B
3650,Chloe,Siamese,24,1.56,Mixed,male,Y,,Yes,TOKYO,dry,healthy,2024/01/05,21.66,Unknown,66.0,65.84, ,99.0,70.42,b,,78.15,A,84.0,28.33,Unknown,82.0,7.53,A,3.0,27.33, ,88.0,45.43,C,84.0,34.3,A,65.0,65.31, ,68.0,39.97,C,26.0,42.09,Unknown
3651,Nala,siamese,16,4.29,Orange,Unknown,No,Yes,, london,Mixed,Healthy,Jan 5 2024,37.7,a,42.0,61.05,C,98.0,75.34,A,13.0,83.58,a,,86.49,B,83.0,53.65,C,33.0,54.09,Unknown,,64.46,A,11.0,56.79,Unknown,64.0,78.35,a,,50.55,A,33.0,52.42,A
3652,Simba,,13,2.12,Orange,F,yes,NO,No,Berlin,dry,Sick,,38.14,a,,26.97,B,87.0,51.14, ,36.0,55.73,Unknown,49.0,31.27,Unknown,,15.86,Unknown,57.0,59.75, ,31.0,50.9, ,36.0,66.81,a,18.0,41.27,D,46.0,,a,4.0,33.89,D
3653,Kitty,RAGDOLL,12,6.28,White,female,Yes,YES,,Sydney,dry,Sick,05/01/2024,46.38,Unknown,45.0,37.31,C,13.0,52.05,C,64.0,, ,78.0,53.57,C,65.0,unknown,C,33.0,49.58,b,,56.63,B,,43.21,a,11.0,77.97,C,60.0,40.92,a,26.0,82.29,a
3654,Luna,Scottish Fold,-1,4.86,Mixed,Female,N,YES,No, london,wet,SICK,,50.14,Unknown,74.0,53.3,B,35.0,43.6,B,39.0,51.95,B,99.0,46.7,a,,16.49,B,53.0,19.96,A,23.0,53.54,Unknown,13.0,39.51,D,10.0,80.81, ,86.0,58.18,Unknown,98.0,41.27,A
3655,Bella,,11,3.39,black ,,N,Yes,Yes,Paris,dry,Checkup Needed,,30.31,b,89.0,15.97,Unknown,48.0,15.14,D,88.0,46.64, ,,76.04,b,20.0,20.63,Unknown,97.0,63.15,B,75.0,70.98,Unknown,96.0,41.94,D,26.0,32.11,b,,46.25,B,46.0,11.82,C
3656,Tiger,Unknown,17,5.75,Orange,Male,yes,,Unknown,Berlin,,Checkup Needed,05/01/2024,78.48,a,14.0,35.64,B,88.0,49.88,A,30.0,94.56,Unknown,86.0,62.89,C,83.0,72.2,b,64.0,67.01,B,,46.78,C,94.0,40.28, ,84.0,31.5,C,84.0,52.56,Unknown,32.0,55.63,Unknown
3657,Oliver,BRITISH SHORTHAIR,23,6.09,Black,Female,Y,,,Paris,wet,Checkup Needed,,52.74,b,29.0,51.54,a,38.0,37.89,A,26.0,73.45,B,19.0,85.32,D,55.0,58.74, ,83.0,27.03,a,61.0,50.22,B,92.0,82.97,D,,79.34,A,9.0,21.59,b,13.0,53.97,C
3658,Chloe,persian,16,4.05,Gray,F,,No,,,dry,Healthy,2024-01-05,71.95,B,35.0,34.76, ,54.0,50.44,a,62.0,80.02,A,19.0,76.75,b,25.0,89.49,D,96.0,53.49,Unknown,55.0,81.78,b,39.0,69.5,b,3.0,41.61,D,44.0,66.54, ,64.0,55.43,b
3659,Kitty,RAGDOLL,19,3.75, WHITE,Male,,NO,Unknown,Paris,Wet,,,32.09,a,83.0,57.99,b,64.0,38.78,Unknown,,60.15,b,46.0,,Unknown,,32.7,a,73.0,60.64,b,40.0,39.69,B,84.0,40.74,a,89.0,31.11,D,14.0,49.3,Unknown,68.0,39.65,Unknown
3660,Tiger,ragdoll,5,3.3,,F,yes,,,Toronto,Mixed,Healthy,2024-01-05,48.1,B,72.0,59.88,C,51.0,67.94, ,82.0,19.83,b,55.0,46.73,B,1.0,29.9,B,17.0,29.66, ,96.0,45.93, ,43.0,48.34,b,96.0,45.42, ,40.0,95.1,a,0.0,33.3,C
3661,Nala,british shorthair,14,7.92,Gray,Unknown,Yes,YES,No, london,wet,SICK,05/01/2024,21.76,a,43.0,63.64,C,9.0,36.81,Unknown,9.0,62.97,b,89.0,17.02,D,81.0,85.92,D,1.0,28.84,D,,77.0,A,43.0,59.19,Unknown,62.0,70.83,Unknown,54.0,56.96,D,78.0,55.4,B
3662,Loki,British Shorthair,11,6.08,Gray,Female,Y,NO,Yes,New York,Mixed,healthy,2024-01-05,4.19,D,21.0,73.19,a,20.0,44.16,A,19.0,78.11, ,50.0,51.99,C,60.0,70.95,Unknown,65.0,41.04,D,3.0,47.98,C,24.0,43.28,B,61.0,43.48,a,38.0,58.64,B,78.0,N/A,B
3663,Luna,PERSIAN,20,4.43,Mixed,male,no,Yes,Yes,Toronto,wet,Healthy,2024/01/05,36.21,D,65.0,68.53,B,17.0,31.18,Unknown,,13.3,a,80.0,63.73,b,45.0,65.56,A,91.0,52.57,Unknown,77.0,28.67,A,91.0,74.55,C,83.0,54.96,a,81.0,39.82,b,69.0,99.24, 
3664,Leo,abyssinian,9,4.51, WHITE,Female,Y,YES,Yes,Sydney,dry,healthy,,22.42,D,4.0,50.4,a,91.0,29.23, ,19.0,83.48,A,31.0,68.73,b,44.0,43.26,D,30.0,66.93, ,45.0,56.25,b,16.0,108.67,B,51.0,32.03,D,45.0,24.0,D,51.0,16.97,Unknown
3665,Chloe,sphynx,10,4.96,Gray,Unknown,Y,,,Berlin,Mixed,Sick,Jan 5 2024,44.65,b,26.0,31.65, ,81.0,23.78,C,48.0,51.51,a,28.0,55.0,B,79.0,41.16,b,78.0,51.92,D,16.0,29.94, ,89.0,-5.13,A,26.0,59.46,a,36.0,61.76,C,78.0,27.95,D
3666,Loki,Unknown,4,4.81,Gray,Unknown,Yes,No,,Sydney,Mixed,Checkup Needed,2024/01/05,57.56, ,43.0,35.03,D,89.0,79.28,D,42.0,8.12,C,9.0,52.37,D,74.0,73.61,A,56.0,24.96,B,,24.74,a,15.0,12.18,Unknown,55.0,59.97,a,,30.07,A,12.0,39.73,B
3667,Oreo,,15,3.63,Brown,Female,Yes,No,No,London,Wet,Healthy,2024/01/05,36.18,b,84.0,error,D,1.0,22.23,a,39.0,37.2,C,40.0,62.45, ,61.0,38.97,A,99.0,65.85, ,98.0,error, ,22.0,39.26,Unknown,53.0,63.89,Unknown,41.0,33.28,A,82.0,19.98, 
3668,Milo,sphynx,-2,3.91,White,Unknown,N,NO,, london,wet,Sick,2024-01-05,77.92,b,25.0,85.9,B,92.0,60.23,b,91.0,45.56,D,81.0,75.21, ,,58.5,b,74.0,57.23,C,28.0,41.6,B,4.0,25.11,C,40.0,66.98,D,74.0,33.61,a,17.0,55.16,C
3669,Nala,Persian,7,5.65,,Unknown,yes,,Yes,Sydney,Mixed,Sick,2024-01-05,49.5,C,59.0,42.28,D,15.0,30.04,A,89.0,35.19,C,73.0,20.04,Unknown,69.0,60.8, ,55.0,31.08,B,19.0,42.85,Unknown,36.0,11.29, ,28.0,33.47,a,,47.93,a,61.0,51.34,D
3670,Oliver,Unknown,20,5.84,black ,male,N,NO,,TOKYO,,Healthy,2024-01-05,1.01,Unknown,25.0,74.13,D,42.0,27.85,C,62.0,50.63,C,,92.75, ,9.0,45.33,a,78.0,62.75,B,24.0,63.3,D,,40.52,C,32.0,40.24,B,13.0,42.57,A,21.0,30.13,C
3671,Nala,Scottish Fold ,3,4.57,Brown,Unknown,,,No,Berlin,wet,,,56.22,A,36.0,57.65,B,,50.19,A,19.0,39.82,C,40.0,47.27,B,95.0,67.8,a,44.0,55.92,a,,39.9,a,55.0,73.61,B,,62.51,Unknown,88.0,20.87,b,8.0,56.55,Unknown
3672,Shadow,,21,3.61,Brown,Female,Y,NO,,Sydney,,,,51.01,a,98.0,56.21,A,69.0,43.15,b,55.0,8.35, ,20.0,46.21,C,5.0,28.56,Unknown,81.0,70.43,B,2.0,55.17,C,88.0,59.1,D,17.0,68.06,a,64.0,27.66,C,90.0,62.73,b
3673,Nala,,4,4.51,Brown,Unknown,no,No,Yes,Paris,,healthy,05/01/2024,52.74, ,4.0,73.01,a,26.0,56.61,B,73.0,45.46,B,86.0,45.5,D,65.0,39.1,Unknown,29.0,43.44,a,78.0,60.42,A,27.0,43.41,A,67.0,44.65,C,36.0,46.16,b,9.0,72.58,B
3674,Simba,RAGDOLL,20,6.72,White,F,Y,NO,Unknown, london,,Checkup Needed,2024-01-05,47.96,C,87.0,4.19, ,35.0,61.56,A,35.0,38.0,B,61.0,47.94,A,,,a,74.0,79.65,b,99.0,78.32,B,,92.5, ,98.0,60.69,D,2.0,48.79,a,92.0,69.87,b
3675,Smokey,British Shorthair ,21,7.65, WHITE,Unknown,yes,,,Toronto,dry,,05/01/2024,63.8,C,33.0,51.25,b,76.0,43.26,Unknown,42.0,57.5,Unknown,,59.18,A,76.0,60.94,D,56.0,51.11,B,15.0,44.88, ,41.0,47.08,C,88.0,68.28,Unknown,9.0,36.52,C,44.0,43.33,B
3676,Shadow,Siamese ,-1,6.96,Mixed,male,,NO,No,TOKYO,,Checkup Needed,2024/01/05,72.86,Unknown,14.0,39.22,C,90.0,41.6,Unknown,,41.19,D,19.0,46.49, ,18.0,62.11,A,25.0,12.32, ,81.0,60.74,C,66.0,60.25,A,60.0,27.23,C,25.0,61.24,a,84.0,48.68,D
3677,Leo,scottish fold,21,5.87,Mixed,F,Y,No,,Berlin,Dry,healthy,05/01/2024,41.86, ,,84.59,C,41.0,41.27,B,64.0,31.16,B,42.0,34.22,Unknown,,40.15,B,59.0,51.65,Unknown,54.0,11.16,D,59.0,36.45,B,60.0,77.98,Unknown,,25.12,b,88.0,73.08,D
3678,Kitty,SPHYNX,21,7.53,black ,female,N,Yes,Yes,Toronto,Mixed,Checkup Needed,05/01/2024,62.64,b,44.0,27.67,C,72.0,62.72,Unknown,59.0,61.4,a,5.0,21.79,a,91.0,43.59,B,57.0,71.94,Unknown,0.0,83.38,Unknown,5.0,42.43,b,64.0,26.29,D,5.0,53.25,A,35.0,54.2,A
3679,Leo,,24,2.29,Black,Unknown,Yes,NO,,Paris,Dry,Checkup Needed,,36.13,D,23.0,32.33,C,81.0,42.57,b,38.0,3.85,b,35.0,45.13,b,54.0,41.04,Unknown,,47.7,D,61.0,78.57,Unknown,33.0,40.33,C,51.0,21.87,D,40.0,36.71,Unknown,14.0,18.57,C
3680,Simba,Ragdoll ,17,3.47, WHITE,Unknown,no,,,,Dry,healthy,2024/01/05,83.19,C,49.0,88.73, ,46.0,72.07, ,99.0,59.93,B,86.0,76.29, ,61.0,82.03,C,,55.36, ,6.0,26.69,C,9.0,52.54,B,7.0,39.06,Unknown,74.0,67.2, ,13.0,43.1,b
3681,Oreo,,23,4.62,Brown,female,,Yes,Unknown,Paris,Wet,healthy,05/01/2024,25.08,b,42.0,49.78,C,,9.74,Unknown,51.0,34.73,B,46.0,44.71,A,50.0,29.48,A,55.0,39.27, ,61.0,80.15,b,42.0,38.06,a,8.0,unknown,D,71.0,N/A,A,41.0,29.81,Unknown
3682,Simba,sphynx,6,3.09,Black,Female,Y,YES,No,New York,dry,,2024-01-05,30.93,A,12.0,27.97,B,85.0,62.63,Unknown,19.0,54.34,Unknown,34.0,55.86,B,17.0,72.47,a,97.0,44.61, ,75.0,60.5,B,23.0,50.87, ,19.0,72.33,D,72.0,77.14,D,16.0,47.32,D
3683,Oliver,SPHYNX,5,4.16,Gray,female,N,No,,London,dry,Sick,05/01/2024,50.89,a,85.0,80.83, ,44.0,45.03,b,19.0,51.84,Unknown,9.0,45.95,b,74.0,42.6,b,75.0,53.01, ,96.0,39.56,a,15.0,51.76,A,52.0,50.56,D,33.0,62.59,B,45.0,45.81,A
3684,Simba,,9,4.18,Brown,F,no,YES,Unknown,Tokyo,Dry,,,86.25,D,84.0,15.18,D,,46.07,Unknown,71.0,42.99,a,,42.38,a,45.0,16.97,B,9.0,24.69,A,92.0,74.58,b,6.0,40.05,Unknown,,37.2,C,18.0,37.57,A,30.0,31.5,Unknown
3685,Lucy,SPHYNX,23,4.11,Mixed,Male,yes,YES,Yes,,dry,Healthy,05/01/2024,56.37,C,10.0,29.43,b,34.0,72.47,Unknown,99.0,45.14,a,53.0,45.49,A,43.0,71.14,B,17.0,57.16,B,39.0,42.28,D,62.0,33.51, ,34.0,61.39,b,27.0,61.53,a,,49.6,C
3686,Nala, British Shorthair,21,4.71,Gray,,yes,,Unknown,Tokyo,Dry,Checkup Needed,2024-01-05,48.25,B,52.0,72.8,A,,14.87,Unknown,24.0,72.92, ,92.0,35.81,B,39.0,79.28,A,,48.38,A,65.0,88.97,D,29.0,60.57,C,,52.34,b,7.0,69.63,A,20.0,43.15,B
3687,Loki,Unknown,15,3.96,Mixed,Unknown,yes,Yes,Unknown,Toronto,Mixed,Sick,2024/01/05,47.25,D,20.0,90.79,A,67.0,74.15,A,20.0,18.28,Unknown,21.0,82.51,a,32.0,96.13,C,55.0,49.62,Unknown,69.0,29.07,C,,51.04,D,86.0,32.09, ,,39.45,b,93.0,34.37,a
3688,Leo, Siamese,20,4.77,Orange,Unknown,,NO,,Tokyo,wet,healthy,05/01/2024,38.1,A,60.0,79.83,b,22.0,36.28,A,75.0,47.57, ,79.0,96.76,a,20.0,47.05, ,69.0,47.29,b,49.0,54.82, ,93.0,46.94,C,54.0,67.69,D,38.0,50.92, ,,66.73,B
3689,Chloe,Unknown,6,3.06,black ,Unknown,N,Yes,,Paris,dry,Healthy,2024-01-05,44.77,a,67.0,unknown,B,21.0,32.49,a,77.0,63.15,B,4.0,59.88,a,64.0,53.66,D,91.0,58.0,A,13.0,54.11,Unknown,44.0,55.6,b,76.0,61.46,C,85.0,65.04,D,57.0,59.41,Unknown
3690,Oreo,Unknown,-2,4.09,Brown,,No,No,,New York,Dry,SICK,,25.58,a,39.0,21.62,A,96.0,55.71,D,81.0,33.56,Unknown,18.0,11.8,B,61.0,30.61,D,,32.02,b,12.0,44.4,Unknown,2.0,45.18,b,44.0,50.78,b,,55.36,C,91.0,18.23,B
3691,Luna,BENGAL,9,2.68,Mixed,Unknown,,NO,,Sydney,Dry,Healthy,Jan 5 2024,76.22,A,79.0,44.69,D,41.0,34.53,A,37.0,90.72,Unknown,72.0,58.2, ,83.0,55.12,a,58.0,22.95,D,21.0,40.19,Unknown,31.0,42.11,B,71.0,72.29,C,31.0,30.91,Unknown,45.0,60.86,b
3692,Oliver,Unknown,2,3.64,Brown,male,No,No,Yes,Sydney,wet,SICK,2024/01/05,46.95,B,27.0,68.21,B,30.0,56.97,B,58.0,53.46,C,15.0,69.16,C,70.0,40.58,A,56.0,45.0,B,,55.27,b,41.0,21.48,b,59.0,43.77,D,10.0,74.77,Unknown,96.0,30.69,A
3693,Chloe, Abyssinian,1,5.71,,,Y,NO,Unknown,Tokyo,dry,healthy,2024-01-05,53.95,a,3.0,50.66,Unknown,87.0,57.36,C,37.0,28.65,B,69.0,72.47,A,94.0,76.96,D,1.0,30.93,A,14.0,38.32,A,77.0,46.04,a,53.0,30.97,A,40.0,27.1,Unknown,46.0,63.64,D
3694,Smokey,Unknown,11,4.63,Brown,F,yes,,Unknown,Tokyo,wet,Sick,Jan 5 2024,35.99,C,33.0,59.46,a,,64.95, ,77.0,31.8,B,17.0,49.89,b,47.0,46.85,a,19.0,40.01,D,37.0,41.03, ,1.0,40.78,a,57.0,8.36,C,,69.06,C,38.0,31.09,C
3695,Bella,british shorthair,6,7.04,Black,M,yes,NO,, london,,healthy,2024/01/05,32.35,Unknown,22.0,27.2, ,98.0,52.68,Unknown,96.0,111.68,A,86.0,50.63,Unknown,44.0,26.56,b,,54.01,D,90.0,30.44,B,41.0,89.68,C,14.0,38.14,A,66.0,78.81,a,,78.49,Unknown
3696,Loki, Abyssinian,4,4.32,black ,male,No,YES,, london,Dry,Checkup Needed,,57.05,a,97.0,59.39,Unknown,54.0,52.01,a,67.0,54.96,B,56.0,N/A,B,88.0,34.18,Unknown,71.0,61.39,Unknown,58.0,49.38,Unknown,32.0,76.39,B,35.0,60.94,a,,60.96,B,49.0,19.33,C
3697,Oliver,Ragdoll,8,2.49,Brown,female,Yes,Yes,,TOKYO,Dry,Sick,2024-01-05,59.53,Unknown,95.0,70.76,D,27.0,38.93,b,,17.16,a,90.0,32.59,A,59.0,67.12,a,24.0,43.06, ,84.0,33.53,D,5.0,58.03, ,95.0,54.64,B,7.0,61.49,D,88.0,50.44,B
3698,Simba,Bengal ,23,3.16, WHITE,male,yes,NO,Yes,Paris,Mixed,,2024/01/05,92.4, ,,48.48,Unknown,83.0,36.79,A,51.0,56.4,b,6.0,32.55,b,76.0,39.92,A,67.0,30.83,b,51.0,38.08,B,11.0,47.66,C,38.0,25.89,C,20.0,,D,22.0,71.83, 
3699,Chloe,SCOTTISH FOLD,7,5.9,,Female,Y,Yes,No,,Dry,,2024/01/05,15.79,A,86.0,62.0,A,,62.98,a,67.0,unknown,B,34.0,65.77, ,90.0,30.35,D,,64.36, ,11.0,50.05, ,8.0,50.72,Unknown,14.0,67.49,Unknown,81.0,47.24, ,97.0,65.27,a
3700,Leo,,7,4.04,Orange,Unknown,No,Yes,,,Wet,Checkup Needed,Jan 5 2024,39.39, ,11.0,30.38,Unknown,12.0,45.36,D,99.0,66.41,Unknown,,64.66,C,21.0,80.43,b,55.0,67.92,Unknown,79.0,49.99,b,81.0,64.27,B,96.0,92.43,D,28.0,34.08,B,,51.68, 
3701,Simba,Persian,20,6.79,White,male,N,,No,,wet,SICK,Jan 5 2024,40.94,a,83.0,43.99,Unknown,47.0,10.57,a,40.0,85.82, ,55.0,84.1, ,82.0,37.87,A,26.0,43.66,a,77.0,41.15,Unknown,90.0,49.55,a,10.0,83.01,B,93.0,64.87,b,37.0,46.79,a
3702,Leo,Unknown,18,6.04,White,,N,No,No,,wet,Sick,Jan 5 2024,45.24,Unknown,10.0,53.55,b,44.0,39.43, ,42.0,49.64,D,75.0,33.44,B,84.0,29.98,A,77.0,40.77,D,23.0,56.79,Unknown,19.0,78.94,B,19.0,64.42,D,47.0,49.94, ,16.0,47.7,B
3703,Milo,Bengal ,2,1.54,Gray,male,Y,,No,TOKYO,Wet,Healthy,,32.14,Unknown,60.0,31.47,A,93.0,65.88,a,36.0,43.67,D,19.0,21.34,a,99.0,39.64,a,50.0,33.79,D,5.0,44.4,b,,41.98,D,68.0,46.25,A,21.0,69.94,b,67.0,71.21,C
3704,Tiger,Unknown,5,3.77,Black,female,Yes,Yes,Unknown,TOKYO,Dry,Checkup Needed,2024/01/05,58.4,B,4.0,59.87,B,64.0,41.48,D,40.0,77.02,D,44.0,37.83,C,95.0,33.86, ,30.0,11.32,B,20.0,50.67,a,47.0,69.17,C,46.0,64.02,B,23.0,56.07,D,85.0,16.07, 
3705,Loki,Ragdoll ,14,6.86,Brown,M,No,NO,,TOKYO,Wet,healthy,Jan 5 2024,49.8,C,67.0,63.93, ,38.0,75.12,A,51.0,38.57,C,,77.78,b,66.0,66.73,a,39.0,16.17, ,48.0,33.64,b,30.0,error,Unknown,,41.92,D,,58.31,a,86.0,34.52,D
3706,Bella,Siamese,16,4.27,,Unknown,yes,No,,Toronto,Mixed,Checkup Needed,Jan 5 2024,45.15,b,21.0,39.04,a,,36.15,A,64.0,35.14,C,,39.61,Unknown,3.0,45.66, ,25.0,25.93,D,3.0,38.24,A,89.0,55.21,C,53.0,41.62,Unknown,84.0,30.31,Unknown,63.0,41.56,D
3707,Leo,SCOTTISH FOLD,12,4.48,black ,male,Y,,,,wet,Healthy,2024/01/05,44.35,a,77.0,56.5,b,77.0,82.46,C,55.0,40.76,a,63.0,59.29,Unknown,54.0,23.63,C,64.0,51.29,B,43.0,39.09,A,60.0,47.47,a,20.0,46.81, ,24.0,72.98,b,20.0,30.3,D
3708,Oreo, Scottish Fold,12,5.82,black ,male,Yes,Yes,,,wet,,,72.85,C,0.0,63.67,B,6.0,66.87,D,,40.27,A,39.0,52.19, ,94.0,68.01,B,89.0,44.51,Unknown,13.0,73.62,A,30.0,34.09,D,98.0,42.29,Unknown,,unknown,a,25.0,45.03,b
3709,Oliver,PERSIAN,21,7.09,Mixed,Male,,Yes,,Tokyo,Dry,Checkup Needed,Jan 5 2024,51.13,C,39.0,44.38, ,61.0,21.67,A,,51.71,a,76.0,64.44,b,2.0,49.76, ,55.0,8.6,a,69.0,46.71,Unknown,66.0,68.43,C,77.0,25.36,A,36.0,31.04, ,85.0,67.07,B
3710,Lucy,Unknown,12,4.84,Brown,male,Y,,No,Berlin,Mixed,Sick,2024-01-05,-1.64,A,24.0,51.19,b,84.0,40.16,C,9.0,41.49,b,12.0,29.9,C,50.0,61.46,C,64.0,17.82,A,77.0,75.66,a,,33.79,Unknown,26.0,36.46,C,69.0,88.13,b,54.0,19.73,b
3711,Oreo,,18,4.67,Gray,female,Y,,Unknown,Sydney,Dry,SICK,,32.73,C,50.0,43.73,b,46.0,41.62,D,26.0,57.52,B,52.0,68.04,C,25.0,64.29, ,80.0,64.44,D,90.0,46.46,a,79.0,74.69,C,38.0,-13.48,b,,44.24,D,83.0,31.82,a
3712,Oreo,SCOTTISH FOLD,1,4.98,Gray,Female,N,NO,Yes,New York,dry,healthy,,55.17, ,41.0,60.59,Unknown,36.0,65.29,b,69.0,45.4,a,91.0,42.51,C,10.0,30.79,b,24.0,32.28,A,74.0,60.67,A,28.0,53.59,Unknown,2.0,62.12,a,78.0,75.85,B,46.0,27.49,D
3713,Milo,scottish fold,14,4.05, WHITE,Female,,No,No,Berlin,wet,Healthy,,34.53,b,1.0,52.61,Unknown,59.0,49.57,a,99.0,error, ,7.0,26.15,a,3.0,50.9,D,69.0,40.24,A,28.0,29.02,C,6.0,70.91,B,34.0,51.0,b,33.0,42.34,a,40.0,-4.66,C
3714,Lucy,abyssinian,1,6.14,White,M,N,YES,Unknown,New York,wet,Sick,,19.35, ,39.0,37.79,D,46.0,50.07,a,68.0,39.93,D,12.0,62.62,a,73.0,,b,44.0,36.95, ,81.0,88.25,C,93.0,86.32,A,2.0,38.11,b,61.0,27.54,B,,65.96,a
3715,Oreo, Persian,8,5.34,Mixed,F,no,No,No,Berlin,wet,Healthy,2024-01-05,36.62,b,57.0,57.91,Unknown,36.0,47.32,b,11.0,30.11,D,24.0,70.55,Unknown,66.0,83.13, ,87.0,56.4,a,98.0,12.67,Unknown,73.0,44.87,D,42.0,64.11,D,6.0,55.59,B,72.0,80.4,a
3716,Chloe,bengal,-2,3.18,Orange,,no,YES,No,London,wet,Checkup Needed,,55.4,b,19.0,29.49,Unknown,36.0,30.72,b,87.0,37.76,A,24.0,13.55,b,,63.77, ,2.0,49.06,b,23.0,57.29, ,26.0,N/A,Unknown,62.0,61.64,a,,19.82,b,49.0,95.74,a
3717,Oreo,Unknown,19,31.200000000000003,White,male,no,,,Tokyo,dry,SICK,,63.72,b,76.0,36.52,Unknown,5.0,65.48, ,35.0,31.47,b,22.0,52.6,D,56.0,66.01,C,21.0,27.8,C,,44.74,b,50.0,31.76,D,32.0,60.07,C,20.0,47.67,D,49.0,64.31, 
3718,Lucy,PERSIAN,7,4.04,,Female,no,Yes,No,London,Mixed,,,55.45,B,6.0,49.37,b,55.0,38.86,Unknown,,30.72, ,58.0,61.45,D,70.0,37.0,b,88.0,41.48,B,46.0,55.94,a,,51.77,B,86.0,49.55,C,61.0,42.72,A,67.0,66.02,Unknown
3719,Leo, Siamese,24,26.58,Orange,,N,NO,No,TOKYO,Dry,Checkup Needed,2024/01/05,39.99,D,,54.33,B,43.0,67.25, ,,13.16,a,83.0,65.13,b,42.0,42.97, ,54.0,59.37, ,19.0,94.84,b,42.0,3.36,C,85.0,74.39,Unknown,54.0,31.58,a,8.0,14.81,D
3720,Loki, Ragdoll,12,3.27,Black,female,Yes,No,Yes,TOKYO,wet,Healthy,,58.31,B,2.0,35.09,Unknown,45.0,16.4, ,61.0,26.43,B,68.0,37.74, ,90.0,101.69,b,62.0,6.42,Unknown,,85.31,B,17.0,45.56,a,13.0,74.25,b,84.0,40.53,a,97.0,66.77,B
3721,Loki,ragdoll,-1,6.14,Mixed,Unknown,no,YES,No,London,wet,,2024-01-05,48.8,B,44.0,13.73,D,5.0,53.18,C,85.0,59.83,B,32.0,82.57,a,51.0,55.72, ,,67.84,B,22.0,65.52,C,52.0,58.72,D,16.0,18.21,b,20.0,60.19,C,,21.36,b
3722,Kitty, British Shorthair,16,4.21,,Unknown,yes,No,Unknown,New York,Dry,Healthy,05/01/2024,44.04,B,2.0,40.6,b,36.0,63.42,b,93.0,73.84,Unknown,,61.15,A,17.0,59.76,a,30.0,46.46,a,47.0,15.12,C,93.0,41.92,A,4.0,46.33,a,77.0,53.26, ,73.0,58.33,b
3723,Shadow, Maine Coon,-1,2.72,Brown,Unknown,no,,, london,,SICK,2024-01-05,44.53,b,18.0,23.68,A,36.0,70.03, ,33.0,83.22,a,75.0,18.97,A,14.0,73.18,Unknown,0.0,82.73,C,20.0,37.91,b,52.0,30.54,C,21.0,67.76,C,58.0,53.84, ,22.0,62.34,Unknown
3724,Shadow,maine coon,17,5.71,Black,male,Y,No,No,,,Sick,Jan 5 2024,56.84,A,60.0,25.95,C,2.0,54.18,C,70.0,38.96,Unknown,13.0,42.05,C,58.0,78.93,b,17.0,27.81,D,41.0,73.22,D,46.0,86.12,C,32.0,49.61,D,55.0,60.43,Unknown,60.0,62.66,a
3725,Leo,PERSIAN,10,5.79,black ,Unknown,,,,Berlin,,SICK,2024-01-05,75.45, ,59.0,26.86,B,59.0,61.86,A,24.0,51.06,B,98.0,57.87,B,95.0,39.67,Unknown,96.0,63.78,b,37.0,45.47,B,59.0,106.45,D,42.0,30.47,b,42.0,61.82,Unknown,7.0,48.11,B
3726,Simba,,18,4.09,,Female,,Yes,Unknown,TOKYO,wet,,Jan 5 2024,55.09,B,15.0,44.17,A,50.0,76.07,B,1.0,66.41, ,49.0,37.58,C,33.0,55.44,A,78.0,49.58,b,56.0,50.89,A,70.0,88.48,C,13.0,42.71,b,82.0,41.31, ,39.0,52.85,D
3727,Smokey,Scottish Fold,0,2.05, WHITE,male,yes,YES,No,Paris,Mixed,Healthy,Jan 5 2024,54.29,B,91.0,42.28,C,78.0,62.35,Unknown,35.0,10.09,b,83.0,94.6,A,86.0,33.75,a,74.0,62.29,b,,52.26,C,84.0,58.56,B,29.0,16.6,b,80.0,63.18,Unknown,46.0,35.03,Unknown
3728,Loki,RAGDOLL,23,2.82, WHITE,female,no,,,TOKYO,Wet,Healthy,05/01/2024,47.28,B,65.0,N/A, ,48.0,23.94, ,,34.1,Unknown,42.0,68.39,A,53.0,3.32,C,36.0,53.32,B,,59.38,B,2.0,29.77,B,83.0,84.41,b,7.0,24.11,a,28.0,40.81,b
3729,Lucy,Unknown,8,3.1,Brown,,Y,Yes,Unknown,London,,healthy,2024/01/05,23.06, ,93.0,N/A,B,32.0,56.46,C,49.0,40.67,Unknown,45.0,52.26,a,91.0,49.76, ,0.0,35.22,b,,50.27,Unknown,77.0,28.86, ,,51.14,a,31.0,50.41,A,56.0,64.44,a
3730,Tiger,Sphynx,17,5.21,black ,Unknown,Yes,NO,No,Sydney,dry,SICK,,59.02,D,11.0,30.59,A,20.0,73.17,C,44.0,48.98,Unknown,25.0,22.7,B,1.0,57.11,b,69.0,55.29,Unknown,31.0,39.95, ,7.0,64.93,Unknown,24.0,49.76,A,33.0,28.07,Unknown,79.0,62.21,a
3731,Smokey,Bengal ,7,5.04,Orange,Unknown,,,No,Toronto,wet,healthy,05/01/2024,22.24,Unknown,62.0,73.43,D,65.0,48.9,a,95.0,N/A,A,33.0,43.6,D,3.0,46.31,a,7.0,73.28,C,73.0,52.26,a,53.0,64.12,a,9.0,49.72,b,6.0,63.75,b,63.0,41.77,A
3732,Luna,SPHYNX,15,6.52,Brown,Male,Y,NO,No, london,Dry,Healthy,Jan 5 2024,39.69,Unknown,45.0,51.43,Unknown,31.0,58.72,Unknown,19.0,14.2,C,3.0,56.47,Unknown,,70.25,a,,44.29,C,14.0,42.71,Unknown,17.0,45.25,a,,54.21,a,46.0,43.48,D,97.0,64.01,a
3733,Chloe,Bengal,12,5.17,Orange,M,No,NO,,TOKYO,Mixed,healthy,2024-01-05,101.96,Unknown,85.0,64.03,D,63.0,76.32,a,90.0,8.32,a,63.0,67.68, ,77.0,39.5,a,55.0,61.35,A,84.0,81.9,a,7.0,25.12,a,,48.78,D,99.0,46.44,B,97.0,30.2, 
3734,Tiger,Scottish Fold,11,5.43,Gray,male,Yes,Yes,Unknown,Berlin,,Healthy,,78.22, ,4.0,49.92, ,25.0,58.65,b,,55.7,Unknown,15.0,16.92,D,79.0,81.75,b,37.0,34.59,D,9.0,23.08,A,38.0,N/A,a,83.0,53.03,Unknown,38.0,68.2,b,46.0,71.15,A
3735,Oreo, Abyssinian,-1,8.11,black ,Unknown,Y,No,Unknown, london,Mixed,Sick,2024/01/05,64.08,D,25.0,17.21,b,33.0,23.16,C,62.0,52.6,A,64.0,36.04,b,35.0,66.05,a,54.0,39.11,b,78.0,24.88,Unknown,79.0,47.68,B,8.0,42.16,A,74.0,53.25,b,93.0,63.88,b
3736,Luna,,20,3.84,Orange,,,No,No,New York,Dry,Checkup Needed,Jan 5 2024,43.17,B,90.0,55.81,b,39.0,48.07,C,26.0,46.66,a,62.0,36.87,B,,22.33, ,74.0,56.26,D,81.0,49.32,D,70.0,26.51,A,55.0,64.14, ,22.0,68.49,Unknown,,67.75,A
3737,Luna,MAINE COON,18,5.43,White,male,No,No,Yes,,Dry,Sick,,42.91,b,49.0,46.32,C,1.0,50.15,a,71.0,81.44,B,0.0,34.94,A,44.0,38.96, ,,29.94, ,83.0,65.67,b,44.0,50.76,b,51.0,56.06,D,1.0,16.42,C,59.0,44.5,a
3738,Luna,Abyssinian,22,3.42,black ,Female,N,NO,No,Berlin,,Checkup Needed,,60.48,a,34.0,35.57,a,23.0,24.9,C,94.0,23.12,Unknown,29.0,16.29, ,28.0,51.39, ,67.0,35.62,a,66.0,19.93, ,41.0,57.35,C,86.0,68.62,B,73.0,34.27, ,25.0,14.98,A
3739,Loki,persian,8,5.96,Mixed,M,no,NO,No,London,dry,Sick,,64.41,D,34.0,59.23,Unknown,3.0,31.9,Unknown,33.0,50.37,C,95.0,33.39,b,13.0,81.22,A,4.0,43.22,b,20.0,56.57,D,62.0,71.03,A,58.0,28.87, ,18.0,N/A,Unknown,50.0,69.32,A
3740,Lucy,BENGAL,1,5.45,Gray,,N,YES,Yes,Sydney,,Healthy,2024-01-05,34.39,b,92.0,94.1,A,44.0,35.46, ,81.0,62.96,a,98.0,69.29,a,40.0,46.48,B,2.0,47.95,C,9.0,46.56,D,82.0,71.88,B,96.0,58.93,C,64.0,10.42,Unknown,3.0,70.35,D
3741,Tiger,,15,4.26,Black,Unknown,No,,Unknown,Tokyo,wet,healthy,2024-01-05,60.08,b,97.0,63.22, ,31.0,86.41,a,70.0,55.13,Unknown,34.0,43.32,a,52.0,73.72,a,41.0,21.5,B,99.0,10.65, ,45.0,56.53,a,53.0,39.99,B,,59.08,C,71.0,21.47,a
3742,Bella,MAINE COON,-2,5.88,Orange,M,Y,YES,No,New York,wet,Healthy,,52.17,B,,62.29,C,,78.46,b,66.0,43.15,Unknown,9.0,72.72,b,62.0,34.14,b,23.0,44.26, ,87.0,49.32, ,88.0,60.61,A,70.0,35.75,b,39.0,48.91,C,,27.37,A
3743,Bella,ragdoll,11,5.82,Orange,male,Yes,YES,Yes,New York,Mixed,healthy,Jan 5 2024,33.35,a,,58.57,C,48.0,31.89,A,13.0,29.48,D,45.0,46.77,Unknown,,79.6,C,77.0,59.0,A,41.0,55.84,Unknown,16.0,40.93,D,21.0,N/A,a,25.0,67.5, ,41.0,30.32,A
3744,Shadow,sphynx,15,3.33,Black,M,Yes,,Unknown,Berlin,dry,Sick,2024-01-05,60.39,B,53.0,35.46,a,52.0,47.75,b,92.0,77.61, ,99.0,66.08,b,,27.9,D,19.0,46.92,C,18.0,13.72,C,84.0,47.4,a,93.0,44.53,b,13.0,58.35,D,62.0,88.23,a
3745,Oreo,,5,3.28,White,Unknown,N,No,Yes,London,,healthy,05/01/2024,56.69,b,26.0,62.14,A,34.0,49.74, ,6.0,44.44,Unknown,63.0,35.57, ,36.0,55.69,B,81.0,66.37,B,70.0,44.89,C,59.0,69.22, ,52.0,56.73,D,4.0,63.13,C,,46.7,b
3746,Oliver,Unknown,-2,18.240000000000002,Gray,Unknown,yes,NO,No,New York,Dry,,Jan 5 2024,26.29,b,,32.89,b,63.0,73.53,A,85.0,72.48,a,93.0,68.33,C,4.0,47.52,D,53.0,36.29,C,92.0,59.74,A,87.0,error,A,37.0,42.86, ,55.0,32.01,Unknown,34.0,54.92,a
3747,Chloe,BRITISH SHORTHAIR,12,2.07,black ,Male,No,NO,Unknown,New York,Mixed,Checkup Needed,05/01/2024,35.08,Unknown,76.0,23.58,D,47.0,47.11,a,43.0,48.33,a,66.0,44.44,C,58.0,48.79,B,59.0,80.41, ,99.0,13.74,B,74.0,52.96, ,56.0,50.99,C,56.0,31.89,Unknown,68.0,56.48,b
3748,Luna, Sphynx,22,1.46,Mixed,M,No,NO,,Paris,Wet,,,58.21,a,62.0,23.44,b,41.0,57.28,A,,60.08, ,3.0,47.87,b,80.0,53.68, ,74.0,45.72,a,88.0,58.2,C,9.0,unknown,b,32.0,39.44,a,9.0,69.74, ,36.0,43.25,B
3749,Simba,Sphynx,18,3.57,Black,Male,Y,No,,New York,,healthy,Jan 5 2024,34.74,D,45.0,46.82,B,15.0,48.82,b,63.0,40.84,D,43.0,54.16,b,59.0,52.54,Unknown,9.0,57.61,B,7.0,40.87, ,39.0,54.64, ,81.0,31.4,D,61.0,50.65,D,83.0,38.01,a
3750,Milo,Persian,9,4.97, WHITE,M,yes,Yes,Yes,Berlin,wet,,,45.72,Unknown,9.0,60.36,C,72.0,14.22,b,84.0,38.23,a,65.0,49.87,A,16.0,24.6,C,56.0,44.82,b,81.0,60.25,B,22.0,63.41,C,14.0,74.74,D,37.0,81.42,A,81.0,35.85,a
3751,Lucy,maine coon,7,4.41,Black,female,yes,Yes,Yes,Sydney,,healthy,,30.38,D,55.0,71.44,D,5.0,23.4,B,32.0,70.99,B,50.0,54.2,D,7.0,60.15,a,55.0,39.43,A,,72.11,B,10.0,26.69, ,28.0,20.1,B,51.0,37.55,A,18.0,59.01,Unknown
3752,Shadow,Abyssinian,24,4.59,black ,Male,N,No,No,Sydney,wet,Checkup Needed,Jan 5 2024,70.97,B,69.0,50.1,Unknown,93.0,39.3,Unknown,,66.73, ,,28.22,b,,5.64,Unknown,0.0,84.96,B,27.0,75.71,b,92.0,42.5,B,10.0,55.95,A,39.0,57.63, ,31.0,49.13,Unknown
3753,Shadow,Unknown,21,4.39,Black,,yes,,No,London,dry,Healthy,,54.65,C,44.0,38.4,Unknown,32.0,55.14,A,43.0,54.58,b,87.0,58.94,a,32.0,35.08,B,56.0,61.95,D,29.0,76.23,D,78.0,65.68,A,15.0,44.06,B,52.0,66.45,D,16.0,17.33,C
3754,Chloe,Maine Coon ,24,3.97,White,Female,yes,YES,Unknown,Toronto,wet,healthy,05/01/2024,43.64,C,53.0,49.92,Unknown,91.0,31.36,Unknown,4.0,36.6,a,39.0,72.75, ,88.0,80.25,Unknown,85.0,90.31,a,76.0,64.68,a,13.0,72.07,C,95.0,46.12,C,7.0,68.86,A,96.0,23.89,a
3755,Smokey,Unknown,7,3.51, WHITE,F,no,YES,,Paris,,healthy,,34.46,D,9.0,23.74, ,99.0,41.77,D,73.0,38.73,B,,39.49,b,48.0,59.54,b,,55.38,Unknown,79.0,56.71,B,63.0,61.56,C,36.0,56.51,A,,46.49,D,41.0,42.07, 
3756,Luna,maine coon,-1,6.29,Mixed,Male,,Yes,No,Paris,dry,,,82.06,b,73.0,13.32,D,87.0,62.9,C,24.0,52.4,Unknown,26.0,40.44,a,90.0,50.5,C,26.0,35.97,b,49.0,77.39,B,58.0,61.38, ,79.0,73.24,C,82.0,42.24, ,95.0,55.72,B
3757,Simba,Scottish Fold,24,5.14,Mixed,male,N,No,No,,Dry,,2024-01-05,41.23,b,25.0,13.1,C,22.0,72.35,B,11.0,40.19,D,99.0,54.49,A,12.0,82.24,a,72.0,62.83,B,,39.25,A,96.0,48.52,Unknown,54.0,60.37,b,31.0,20.66,a,39.0,58.73, 
3758,Smokey,Scottish Fold ,7,5.88,Gray,female,No,NO,Yes,New York,,SICK,,59.67,a,2.0,21.31,Unknown,59.0,51.85, ,41.0,27.59,D,83.0,36.5,D,46.0,35.37,a,52.0,86.62,A,9.0,34.86,C,39.0,67.12,Unknown,94.0,58.53,B,65.0,57.93, ,63.0,45.58,b
3759,Kitty,,13,4.73,Orange,female,Yes,NO,Yes,Toronto,wet,Healthy,,46.4,b,45.0,19.31, ,83.0,33.7,B,14.0,56.21,B,77.0,70.64, ,64.0,69.41,a,98.0,43.29,D,5.0,85.92,C,37.0,37.32,C,,68.86,C,,44.85,A,72.0,65.31,Unknown
3760,Tiger,abyssinian,6,7.29,Orange,Unknown,Yes,NO,Yes,TOKYO,Wet,,,N/A,a,4.0,71.85,Unknown,55.0,58.16,D,86.0,28.46, ,94.0,30.14,a,8.0,50.41,D,19.0,51.5, ,20.0,33.61,A,11.0,45.12,Unknown,82.0,47.69,C,97.0,47.83,Unknown,33.0,40.64, 
3761,Simba,Ragdoll,6,2.75, WHITE,F,no,Yes,Unknown, london,wet,,2024/01/05,0.57,a,45.0,33.85,B,53.0,37.94,B,10.0,49.84,Unknown,15.0,40.28,a,48.0,64.25,C,95.0,59.25,B,85.0,-0.38,D,89.0,25.08,b,23.0,61.8, ,31.0,59.59,a,,63.41,D
3762,Chloe,,15,4.96,Gray,M,yes,No,Unknown, london,Wet,Sick,2024/01/05,38.44,A,97.0,45.63,a,45.0,61.48,A,9.0,65.31,a,92.0,43.86,a,,43.32,C,19.0,42.43,Unknown,10.0,73.83,a,53.0,29.37,A,29.0,28.17,D,88.0,27.13,D,70.0,58.27,Unknown
3763,Shadow,bengal,2,4.23,black ,Male,no,YES,Unknown,London,Wet,Healthy,Jan 5 2024,56.58,C,69.0,68.01,b,,62.39,A,36.0,65.69, ,94.0,59.08,Unknown,73.0,86.67,D,34.0,61.93,B,27.0,40.12,D,50.0,24.66,b,18.0,60.9,A,63.0,2.02,A,37.0,19.9,C
3764,Luna,MAINE COON,15,5.93,Gray,female,No,No,,TOKYO,wet,Healthy,05/01/2024,15.92,Unknown,67.0,52.71,B,95.0,83.78,Unknown,34.0,34.93,b,19.0,64.17,B,,46.87,A,,62.97,C,77.0,67.89,B,11.0,86.44,a,52.0,48.47,C,94.0,48.52,C,37.0,38.42,a
3765,Lucy, Abyssinian,-1,7.3, WHITE,M,Y,NO,Yes,Berlin,wet,SICK,2024/01/05,53.58,D,5.0,50.36,C,,71.66,Unknown,13.0,64.23,b,32.0,77.63, ,84.0,41.57, ,,13.08,Unknown,76.0,46.14,Unknown,60.0,67.16,B,23.0,25.69,C,,N/A,a,78.0,64.92,a
3766,Lucy, Sphynx,24,3.54,Gray,Female,,YES,No,New York,,Checkup Needed,2024-01-05,34.69,B,3.0,41.23,b,37.0,48.54,B,55.0,19.58,B,77.0,50.67, ,44.0,30.47,D,9.0,33.06, ,2.0,43.79,b,72.0,105.38,a,76.0,63.04,D,85.0,37.41, ,,42.2,A
3767,Shadow,sphynx,19,4.97,Gray,female,N,No,Unknown,,Dry,Checkup Needed,2024/01/05,59.35,b,11.0,20.26, ,21.0,47.38,A,72.0,56.62,B,75.0,19.96,C,79.0,34.88,b,37.0,35.08,b,50.0,20.29,Unknown,91.0,26.53,a,23.0,34.67,b,18.0,49.78,b,36.0,53.49,C
3768,Loki,ragdoll,14,5.25,Orange,F,No,NO,,Sydney,wet,Healthy,2024/01/05,94.81,D,,6.11,A,,31.12,D,52.0,39.23,b,41.0,55.59,B,65.0,4.59,a,40.0,90.39,a,1.0,40.93,a,,38.25,B,34.0,46.3,B,14.0,43.8,C,69.0,49.3,B
3769,Smokey, Maine Coon,18,2.23,Orange,male,Y,No,Unknown,London,wet,Healthy,,62.0,D,15.0,74.32,Unknown,83.0,29.63,a,47.0,56.78,D,13.0,68.23,b,32.0,81.34, ,52.0,50.97,D,94.0,81.99,A,90.0,34.5,C,96.0,59.61,b,94.0,41.2, ,97.0,42.68,b
3770,Nala,,6,0.96,Orange,Unknown,yes,No,Yes,London,Wet,Sick,2024-01-05,43.1,B,,29.24,C,72.0,25.06,D,41.0,34.92,B,18.0,51.59,A,4.0,79.36,A,93.0,,b,63.0,49.74,Unknown,93.0,30.45,b,33.0,48.5,A,76.0,26.59,a,,45.37,b
3771,Bella,Maine Coon ,21,4.21,Mixed,F,N,,No,,Mixed,SICK,2024-01-05,80.16,D,99.0,77.52, ,28.0,65.52,b,13.0,68.13,Unknown,,31.01,C,94.0,47.8,b,26.0,29.02,b,24.0,38.58,b,,31.47,A,90.0,78.75,C,24.0,46.24, ,72.0,46.73,B
3772,Oliver,,2,4.35,Gray,Female,Yes,,,TOKYO,Mixed,Sick,05/01/2024,20.99,A,63.0,63.79,A,,-1.54,D,63.0,34.88,C,10.0,50.11,D,67.0,21.01, ,,51.94,b,70.0,77.57,Unknown,60.0,29.85,D,88.0,70.33,C,43.0,62.52, ,70.0,32.16,D
3773,Smokey, British Shorthair,9,6.17,Black,M,No,No,,,wet,,2024/01/05,51.15, ,,23.43,a,,75.06,D,16.0,32.18,Unknown,49.0,86.64,a,55.0,28.48,a,30.0,62.02,b,48.0,62.62,B,97.0,73.08, ,,41.08,A,74.0,64.66, ,92.0,-1.28,a
3774,Lucy,sphynx,10,4.87, WHITE,M,No,No,Yes,London,Dry,SICK,Jan 5 2024,18.54,A,49.0,49.65,Unknown,44.0,55.45,b,20.0,71.73,B,87.0,54.78,b,92.0,76.43, ,33.0,29.39, ,29.0,62.74,a,62.0,44.73,B,83.0,44.97,C,66.0,65.95,b,52.0,50.48,D
3775,Lucy,Unknown,13,4.19,black ,F,Yes,NO,, london,,Checkup Needed,,43.73,Unknown,21.0,22.42,Unknown,99.0,32.43,b,70.0,58.34,D,95.0,44.01,b,33.0,45.16, ,37.0,63.87,Unknown,38.0,32.48,a,2.0,88.16,D,35.0,38.94,a,57.0,68.07,D,31.0,33.09,Unknown
3776,Lucy, Sphynx,11,4.63,black ,Female,,NO,No,TOKYO,Wet,,Jan 5 2024,72.31,D,95.0,72.12,a,86.0,47.64,B,8.0,36.95,b,50.0,47.51, ,37.0,18.67,A,63.0,41.95,B,2.0,68.43,A,66.0,64.9,a,55.0,39.84,A,98.0,96.93,a,53.0,27.96,Unknown
3777,Bella,Unknown,23,6.52,Orange,F,Y,No,Yes,Sydney,Mixed,Healthy,2024/01/05,73.1, ,33.0,41.35,a,96.0,62.62,A,72.0,65.82,C,97.0,56.01,b,10.0,51.3,B,39.0,19.93,a,12.0,57.04,C,40.0,40.12,C,58.0,42.5, ,75.0,44.89,b,99.0,35.73, 
3778,Loki, British Shorthair,3,4.38,,Male,N,Yes,No,,Mixed,,,34.77,b,81.0,21.12,A,56.0,75.62,D,42.0,48.8,B,,error,a,62.0,54.84,b,,49.01,B,88.0,60.66,A,17.0,63.68,Unknown,53.0,36.87,B,14.0,38.73,Unknown,13.0,23.54,C
3779,Milo, Scottish Fold,14,3.15,Black,M,yes,NO,Unknown,Tokyo,dry,Checkup Needed,,N/A,C,41.0,56.33,B,42.0,43.83, ,68.0,20.44, ,13.0,51.01,D,46.0,56.01,C,27.0,55.35,a,54.0,60.21,Unknown,26.0,38.93, ,24.0,56.71,B,58.0,29.22,b,2.0,unknown,C
3780,Oreo,Bengal ,16,5.5,Mixed,,No,YES,Unknown,New York,,Sick,2024/01/05,56.53,A,,59.36,B,8.0,32.85,b,,43.73,b,7.0,52.08,b,7.0,36.93,b,42.0,83.28, ,,38.69,A,13.0,63.89,B,72.0,66.89,D,63.0,20.13,Unknown,24.0,51.9, 
3781,Smokey,PERSIAN,9,7.04,Mixed,,no,No,No,Toronto,Dry,SICK,2024-01-05,60.79,D,51.0,84.59,b,80.0,23.81,b,37.0,37.03,A,38.0,41.06,C,32.0,58.41,B,,72.0,D,2.0,50.42,C,35.0,63.52,b,,72.37,A,87.0,38.94,a,13.0,49.99,B
3782,Smokey,Unknown,12,3.43, WHITE,Female,No,,,Toronto,dry,,2024-01-05,29.87,b,98.0,44.38, ,39.0,55.02, ,,40.64,D,94.0,55.82,C,80.0,32.98,a,51.0,3.67,a,33.0,23.64,B,2.0,68.61,B,22.0,69.52,b,77.0,21.65,A,42.0,67.46,C
3783,Luna,Unknown,0,0.5,Mixed,,Yes,YES,Unknown,TOKYO,wet,healthy,,34.83,B,83.0,84.77,B,98.0,error,A,44.0,56.5,C,33.0,22.3,Unknown,99.0,51.2,D,26.0,48.71,A,50.0,26.38,Unknown,51.0,77.76,D,12.0,65.59,B,99.0,43.27,C,87.0,12.45,Unknown
3784,Oliver,Scottish Fold ,-1,4.72,Black,,,NO,No,Tokyo,dry,SICK,,74.67, ,91.0,43.32,Unknown,90.0,40.21,a,23.0,47.52, ,57.0,68.17,A,84.0,30.16,a,47.0,71.28,Unknown,1.0,29.28,b,,1.28,C,13.0,78.36,b,68.0,,a,45.0,52.48,b
3785,Bella, Persian,24,6.47,Gray,Male,no,Yes,No,New York,Dry,Checkup Needed,2024-01-05,12.01,b,16.0,45.48,b,90.0,52.24, ,,6.85,a,5.0,56.76,B,1.0,47.15,a,13.0,21.3,A,83.0,52.61,Unknown,47.0,70.39,B,79.0,48.67,b,82.0,39.54,A,,51.31,B
3786,Loki,Maine Coon,7,6.34, WHITE,Male,No,,Yes,TOKYO,Wet,Checkup Needed,05/01/2024,22.38,a,7.0,62.13, ,51.0,79.96,Unknown,8.0,57.73,B,29.0,79.24,D,90.0,71.75, ,31.0,50.41,D,,12.11,C,53.0,2.09,C,29.0,58.45,D,,75.88,A,29.0,43.49,a
3787,Smokey,Persian ,-1,4.5,Orange,male,yes,NO,Yes,Toronto,Wet,Healthy,Jan 5 2024,19.13,a,62.0,77.31,A,37.0,62.18,Unknown,,40.48,A,57.0,18.31, ,10.0,68.02,B,71.0,58.48, ,42.0,50.79,Unknown,15.0,75.74,Unknown,30.0,24.71,Unknown,,61.94,b,26.0,30.23,B
3788,Oliver,sphynx,24,5.2,,Unknown,Yes,No,No,Sydney,wet,SICK,Jan 5 2024,59.84,a,24.0,42.77,b,0.0,68.65,b,12.0,62.43,a,42.0,26.95,b,17.0,32.53,B,53.0,23.71,b,38.0,54.82,b,95.0,59.1,D,40.0,56.41, ,18.0,69.58, ,17.0,77.72,B
3789,Simba,,6,1.23,White,male,no,No,Yes,New York,,healthy,05/01/2024,37.73,C,6.0,43.69, ,23.0,8.06,a,11.0,56.61, ,17.0,36.27,a,76.0,47.02,b,68.0,46.68,Unknown,,25.78,B,21.0,48.76,Unknown,11.0,76.76,a,27.0,52.73,Unknown,5.0,44.49,C
3790,Leo,PERSIAN,17,7.51,,Female,no,No,No,Sydney,,Sick,,10.88, ,48.0,51.41,Unknown,57.0,90.0,b,75.0,75.73,b,64.0,47.15, ,52.0,39.69,a,39.0,88.6,D,40.0,62.63,A,4.0,35.68,A,8.0,25.67,A,86.0,N/A,a,53.0,20.9,Unknown
3791,Bella,Ragdoll,23,3.09,,Male,yes,NO,Yes,Paris,,healthy,05/01/2024,36.14,D,98.0,56.08,C,17.0,51.57,C,27.0,41.15,b,87.0,48.92,b,11.0,67.5,D,18.0,57.46, ,31.0,81.45,C,95.0,41.37,a,59.0,111.42,b,79.0,66.97,a,69.0,25.61, 
3792,Chloe,,1,6.36,Mixed,female,,Yes,Unknown,Paris,dry,Checkup Needed,2024/01/05,88.41,C,53.0,35.23,D,18.0,36.81,C,11.0,31.98, ,76.0,30.31,b,66.0,39.63,D,79.0,37.22,a,53.0,50.18,b,18.0,37.02,A,,57.18,D,45.0,unknown,b,71.0,26.21,C
3793,Kitty,British Shorthair,20,4.59,Brown,Unknown,Yes,No,Unknown,Berlin,wet,Sick,2024/01/05,68.53,a,73.0,25.88,C,53.0,75.88,D,86.0,48.75,D,24.0,65.42,C,1.0,58.29, ,69.0,84.48,B,28.0,52.71,b,32.0,61.12,a,61.0,104.72,b,12.0,36.5,A,50.0,33.91, 
3794,Loki, British Shorthair,23,3.73,Orange,Unknown,No,YES,Yes,Paris,dry,,,37.23,a,,77.55,a,66.0,71.48,b,,38.64, ,21.0,57.27,Unknown,27.0,error,A,72.0,unknown,D,63.0,78.77,a,60.0,70.88,b,,49.88,C,74.0,100.46,Unknown,50.0,61.61,b
3795,Shadow,,22,5.95,Brown,Male,Yes,No,No,London,Mixed,Sick,2024-01-05,70.09,a,11.0,58.43,a,73.0,13.22,b,19.0,54.74, ,33.0,64.44,C,34.0,33.09, ,87.0,51.47,B,7.0,36.07,C,,23.0,Unknown,74.0,63.91,a,77.0,39.47,B,23.0,44.52,b
3796,Nala,Unknown,10,3.22,Gray,F,yes,YES,No,Toronto,Dry,Checkup Needed,,46.23,D,43.0,53.67,a,95.0,29.12,b,72.0,53.32,Unknown,59.0,21.03, ,94.0,54.24,Unknown,16.0,35.62,D,23.0,17.08,Unknown,34.0,63.04,a,,62.5,D,89.0,52.5, ,87.0,32.7,A
3797,Luna,bengal,18,4.98,Orange,Unknown,Y,NO,,London,wet,Sick,Jan 5 2024,67.5,b,67.0,37.96,B,78.0,33.29,A,62.0,18.22,D,,92.96, ,10.0,40.33, ,44.0,71.56,b,11.0,39.0,D,3.0,99.52,Unknown,67.0,41.73,B,85.0,42.6,C,82.0,57.1, 
3798,Chloe,,2,4.04,Brown,male,yes,Yes,Yes,New York,Wet,,2024-01-05,48.74,b,16.0,85.41, ,,30.21,B,62.0,37.47, ,26.0,31.67,D,42.0,48.93,C,86.0,65.33,a,76.0,30.89,a,88.0,21.9,D,62.0,51.56, ,54.0,81.31,D,28.0,35.94,a
3799,Chloe,BRITISH SHORTHAIR,19,3.55,Gray,,Yes,No,,TOKYO,,,2024-01-05,55.46,B,16.0,61.51,A,86.0,43.28,A,86.0,35.17,A,56.0,29.72,C,99.0,55.51,A,38.0,63.03,D,25.0,41.83,B,33.0,78.87, ,78.0,56.45,D,45.0,41.31,A,8.0,58.58,Unknown
3800,Lucy,Scottish Fold ,22,6.51,Orange,Male,Y,,Unknown,Berlin,Dry,healthy,Jan 5 2024,42.38, ,7.0,63.36,A,52.0,28.14,a,72.0,2.73,A,67.0,25.12,A,50.0,16.43,a,31.0,25.07, ,13.0,19.34,B,54.0,40.3, ,46.0,39.21,D,68.0,70.37,a,10.0,69.03,C
3801,Luna,,10,4.91, WHITE,female,Y,YES,Yes,Toronto,Dry,Checkup Needed,,43.58,b,33.0,33.7,Unknown,38.0,79.09,A,54.0,54.71,Unknown,19.0,83.74,a,59.0,71.0,D,10.0,84.98,b,47.0,32.09,Unknown,33.0,50.78,D,91.0,69.75,C,68.0,52.21,A,25.0,62.42,B
3802,Oliver,Unknown,18,4.12,Gray,Unknown,Y,,Yes, london,dry,Checkup Needed,05/01/2024,57.84,A,40.0,57.81,C,35.0,16.94, ,92.0,52.15,b,56.0,51.25,Unknown,40.0,55.78,Unknown,52.0,19.35,A,81.0,26.92, ,39.0,64.66,Unknown,24.0,46.96,A,34.0,40.72,A,82.0,50.73,C
3803,Kitty, Sphynx,21,3.39,Brown,M,,Yes,Unknown,Paris,Mixed,Sick,2024-01-05,32.87,C,91.0,46.49, ,17.0,70.42,D,21.0,62.04,b,19.0,15.44,D,98.0,67.7,C,63.0,39.45, ,16.0,39.39,A,35.0,51.81,D,7.0,65.77,C,87.0,34.42,b,23.0,61.41,C
3804,Tiger,siamese,8,4.06,Mixed,male,no,No,Unknown,London,Wet,Sick,2024/01/05,41.63,Unknown,75.0,41.51,a,54.0,12.16,a,,58.05,b,13.0,70.56,C,27.0,47.28,b,46.0,,C,78.0,66.08,Unknown,78.0,77.87, ,23.0,14.68,Unknown,97.0,44.17,a,82.0,71.55,b
3805,Smokey,Sphynx ,22,3.63,White,Unknown,,,Unknown,Tokyo,Dry,SICK,,61.76,D,58.0,64.34,A,52.0,75.17,b,96.0,29.64,a,,28.41,a,70.0,45.86,a,95.0,30.19,C,48.0,62.2, ,,82.31,C,3.0,46.61,b,70.0,-0.88,B,23.0,16.5,a
3806,Smokey,Unknown,16,4.52,White,,No,Yes,No,Paris,Wet,Healthy,,63.79,C,,58.12,A,88.0,54.5,Unknown,38.0,46.73,b,75.0,30.66,D,41.0,28.06,Unknown,28.0,12.47,Unknown,35.0,55.96,D,73.0,29.69,D,25.0,61.66,A,16.0,39.96,D,26.0,58.34,B
3807,Milo,ABYSSINIAN,2,1.4,Orange,Male,N,NO,Unknown,Paris,,,2024/01/05,66.94,a,11.0,65.88,a,69.0,68.97,A,58.0,61.42,A,58.0,62.33,a,72.0,55.4,D,18.0,61.55,C,9.0,49.71,a,47.0,56.45, ,15.0,61.92,a,40.0,44.93,a,,35.31,A
3808,Oreo,British Shorthair ,-1,4.48,Orange,,yes,YES,Unknown,Paris,Mixed,SICK,Jan 5 2024,81.01,C,35.0,37.85, ,70.0,96.6,A,18.0,30.39,b,45.0,70.78,A,70.0,53.17,B,4.0,48.87,D,52.0,81.12,a,77.0,57.28,a,65.0,77.71,b,79.0,29.85,B,98.0,55.09,b
3809,Bella,,3,3.67,black ,,N,NO,,London,dry,SICK,2024/01/05,61.95,a,79.0,55.15,Unknown,55.0,37.98,A,25.0,69.36,A,52.0,62.55,Unknown,50.0,32.95,B,43.0,22.29,a,25.0,49.23, ,88.0,24.94, ,37.0,70.3,a,10.0,38.57,B,68.0,33.2,b
3810,Shadow,SIAMESE,10,4.98,Brown,Female,Yes,YES,, london,Dry,Checkup Needed,05/01/2024,28.76,b,95.0,80.18,b,,56.69,C,78.0,35.66, ,,48.18,B,51.0,33.47,C,49.0,66.39, ,0.0,51.12,B,55.0,42.38,D,51.0,50.67,D,13.0,42.25,A,30.0,49.63,D
3811,Bella,Scottish Fold,19,2.86,black ,Male,,YES,Yes,London,wet,Healthy,05/01/2024,15.67,C,,59.87,A,53.0,50.18,Unknown,88.0,86.19,B,5.0,57.41,Unknown,49.0,13.22,Unknown,38.0,48.17,D,19.0,59.15,Unknown,,97.05,B,98.0,75.42,D,66.0,62.51,A,,10.88,Unknown
3812,Oliver,siamese,24,2.91,Black,F,yes,NO,Unknown,Paris,Dry,Healthy,Jan 5 2024,63.22,a,44.0,-3.58,A,9.0,90.02, ,1.0,61.75, ,33.0,N/A,D,35.0,66.64,B,96.0,76.78,a,99.0,55.07,C,49.0,42.2,Unknown,17.0,41.02,C,88.0,28.96,D,12.0,42.29,D
3813,Leo,Unknown,15,5.29,Black,male,no,Yes,Yes,TOKYO,Dry,Healthy,2024-01-05,26.57,a,2.0,error,a,90.0,42.87,D,48.0,55.88,A,44.0,37.53,B,42.0,69.16,B,75.0,35.84,D,27.0,86.7,B,,43.53,Unknown,18.0,31.71, ,32.0,-17.54,C,75.0,26.06,Unknown
3814,Lucy,SPHYNX,22,5.01,Orange,F,yes,NO,No,London,wet,Sick,,34.22,Unknown,13.0,34.17,C,73.0,24.0,B,93.0,43.42,A,,63.11, ,11.0,51.23,b,89.0,34.94,b,,53.28,B,,38.36,b,34.0,68.54,a,29.0,56.9,Unknown,40.0,87.45,A
3815,Leo,,6,8.8,Black,F,no,Yes,Yes,Berlin,wet,healthy,Jan 5 2024,56.19,Unknown,48.0,44.89,C,40.0,42.46,Unknown,34.0,66.88,a,98.0,27.31,D,62.0,50.18,A,2.0,28.94,a,43.0,49.99,C,69.0,71.58,B,96.0,39.14,C,91.0,33.31,a,96.0,67.98,D
3816,Tiger,bengal,22,3.99,White,,no,YES,Unknown,Sydney,Wet,SICK,2024/01/05,47.63,C,54.0,34.26,b,28.0,55.77,Unknown,8.0,54.07,b,49.0,36.3,b,84.0,17.06,Unknown,,50.1, ,98.0,62.95, ,98.0,75.7,B,,57.33,a,92.0,56.84,C,0.0,38.67, 
3817,Leo,RAGDOLL,10,5.03, WHITE,F,Yes,Yes,Yes,Berlin,Dry,healthy,05/01/2024,38.35,A,34.0,68.45,B,8.0,59.13,b,43.0,57.13,Unknown,,58.38,A,3.0,19.2,B,26.0,50.34,a,,75.68,Unknown,87.0,38.21,A,74.0,40.62,b,97.0,59.4,Unknown,74.0,33.6,B
3818,Nala,abyssinian,24,4.92, WHITE,male,N,No,Unknown,,wet,Healthy,,63.19,B,25.0,45.18,Unknown,48.0,61.56, ,69.0,41.57,C,26.0,42.53,C,68.0,40.53,D,60.0,75.7, ,90.0,54.01,a,54.0,87.99,C,76.0,47.55,D,34.0,77.99,a,76.0,53.92,A
3819,Oreo,Bengal ,14,3.33, WHITE,Unknown,Y,NO,No, london,,healthy,05/01/2024,61.67,C,45.0,31.52,A,8.0,53.66,b,60.0,59.59,C,38.0,58.8, ,,35.93,Unknown,96.0,34.36,a,71.0,45.36,C,59.0,49.81, ,27.0,55.8,b,98.0,65.63,a,12.0,53.72,A
3820,Bella,,24,5.78,black ,Unknown,no,No,Unknown, london,,SICK,05/01/2024,14.93,Unknown,57.0,52.3,b,,75.98,C,92.0,51.71,Unknown,,59.73,B,71.0,38.18,C,80.0,68.82,B,45.0,59.52,A,59.0,58.71,b,82.0,70.29, ,97.0,80.05,B,19.0,49.18,A
3821,Tiger,Unknown,-2,5.82,Gray,male,N,No,Yes,Toronto,wet,SICK,,55.79,A,15.0,59.49,a,33.0,80.28,D,12.0,68.11,A,46.0,24.21,D,81.0,38.0,A,69.0,66.66, ,20.0,22.76,Unknown,60.0,24.89,D,28.0,51.8,a,,97.89,B,96.0,54.82,D
3822,Lucy,Bengal ,19,7.73,,Male,yes,YES,Yes,Tokyo,,Checkup Needed,05/01/2024,47.12,a,60.0,54.82, ,0.0,98.24,a,46.0,34.97,A,7.0,75.94,Unknown,6.0,47.26,D,33.0,63.97,a,46.0,49.53,Unknown,99.0,35.83,D,36.0,52.21,a,50.0,59.63,A,27.0,62.17,Unknown
3823,Shadow,,1,3.31,Mixed,Unknown,Yes,NO,Yes,London,Dry,Sick,Jan 5 2024,52.75, ,48.0,46.84,A,96.0,23.72, ,77.0,29.92, ,54.0,31.25, ,92.0,79.43,B,98.0,24.81,B,64.0,15.79,b,43.0,39.08,A,42.0,59.22,B,52.0,86.63,B,1.0,46.94,Unknown
3824,Bella,ragdoll,23,4.52, WHITE,F,yes,Yes,,Paris,dry,healthy,,28.27,Unknown,44.0,48.12,C,37.0,50.38,D,20.0,40.43,A,21.0,48.58,b,40.0,81.02,C,74.0,43.36,A,48.0,39.58,B,66.0,57.81,A,38.0,42.78,B,16.0,45.75,D,24.0,79.86,b
3825,Milo, British Shorthair,19,3.94, WHITE,Male,N,YES,No,TOKYO,dry,,Jan 5 2024,20.01,a,31.0,47.2,A,25.0,65.13, ,68.0,46.2,A,79.0,59.04,A,29.0,39.16,D,31.0,65.63,b,2.0,68.51,A,13.0,59.61,Unknown,92.0,41.97, ,33.0,37.46,a,91.0,46.29,a
3826,Tiger,scottish fold,18,4.39,,,N,YES,No,Berlin,wet,Checkup Needed,,35.92, ,87.0,62.18,C,46.0,19.74,a,54.0,26.56,Unknown,53.0,24.88,Unknown,32.0,31.63, ,,3.97, ,,48.65,b,71.0,70.21,a,98.0,30.69,a,,63.02,D,50.0,56.19,D
3827,Nala,Scottish Fold ,15,2.65,black ,,No,Yes,,TOKYO,Dry,Sick,Jan 5 2024,68.42,a,,26.05,A,98.0,44.18,A,80.0,46.75, ,,34.87,b,21.0,52.58,b,50.0,51.46,D,22.0,36.91,a,10.0,26.21, ,35.0,53.69,Unknown,56.0,27.12,B,67.0,38.67, 
3828,Chloe,Unknown,15,5.62,Brown,male,Yes,No,No,,Wet,Checkup Needed,2024/01/05,69.27,D,97.0,39.36,B,7.0,58.48,D,,78.77,b,35.0,24.29, ,,53.14, ,32.0,52.37,b,46.0,63.35,B,84.0,30.59,A,8.0,62.53,a,37.0,35.04,A,93.0,47.17,a
3829,Smokey,sphynx,9,4.93,Brown,Female,,No,No,New York,,SICK,Jan 5 2024,57.94,B,49.0,74.71,A,9.0,76.05, ,44.0,51.4,Unknown,26.0,20.47, ,,53.63, ,74.0,25.63,a,59.0,35.02,a,11.0,64.24,b,40.0,34.96,A,,68.09,D,81.0,41.31,D
3830,Simba,Siamese ,16,7.26,Black,male,N,Yes,Unknown,Paris,Mixed,SICK,05/01/2024,32.68,C,50.0,60.51, ,13.0,51.95,a,,14.23,b,,50.37,B,37.0,71.63,a,96.0,59.92,B,20.0,16.47, ,11.0,36.78,Unknown,76.0,58.18,a,25.0,59.26,a,28.0,62.81,D
3831,Simba,,23,4.93,Gray,Unknown,no,Yes,Unknown,Toronto,dry,SICK,2024-01-05,33.98, ,28.0,59.98,Unknown,0.0,48.4, ,16.0,45.37,D,18.0,60.36,C,57.0,73.42,a,96.0,31.16,A,64.0,63.62,C,7.0,43.73,A,92.0,72.43,B,,27.37,Unknown,91.0,15.4,b
3832,Milo,British Shorthair ,1,6.43,Black,Female,N,Yes,,,wet,SICK,Jan 5 2024,52.01,A,11.0,48.05,B,91.0,26.58,A,91.0,62.48,a,57.0,53.86,A,45.0,39.05,C,10.0,43.5,C,42.0,37.49,B,94.0,36.29,A,0.0,45.13,b,58.0,46.01,a,81.0,61.7,b
3833,Shadow,SPHYNX,24,5.09,Brown,F,N,YES,,Tokyo,Wet,SICK,2024/01/05,32.44,b,94.0,35.26, ,,55.72,A,40.0,49.54,a,,90.33,D,63.0,23.32,D,,51.12,Unknown,9.0,84.36,A,60.0,47.31,a,88.0,61.12,a,16.0,35.85,a,18.0,38.15,D
3834,Tiger,Siamese,19,4.32,Mixed,female,yes,,No,Berlin,Mixed,Healthy,05/01/2024,38.1,D,29.0,12.35, ,73.0,68.19,a,,50.66,D,57.0,36.26,Unknown,11.0,61.6,a,14.0,51.83,a,29.0,68.45,Unknown,2.0,70.38,Unknown,75.0,27.74,B,44.0,39.62, ,92.0,44.37,a
3835,Luna,Unknown,11,4.68,,Male,yes,Yes,No,,Wet,Healthy,05/01/2024,46.25,D,75.0,60.03,C,25.0,45.44,D,67.0,34.49, ,54.0,39.05,B,97.0,71.54, ,8.0,65.94,D,75.0,48.98,a,36.0,86.88,a,26.0,44.81,a,58.0,59.7,b,1.0,50.85, 
3836,Shadow, Bengal,9,2.95,Black,F,Yes,Yes,Unknown,Sydney,Dry,Healthy,2024/01/05,99.55,a,45.0,92.08, ,76.0,31.27,a,62.0,24.97,A,85.0,31.51,D,70.0,26.6,A,11.0,error,Unknown,68.0,50.65,b,66.0,39.29,A,91.0,32.54,D,11.0,76.76,Unknown,29.0,59.31,a
3837,Loki,abyssinian,0,3.97, WHITE,Male,no,YES,,New York,Dry,Healthy,2024/01/05,64.13,b,2.0,40.81,C,,38.04,D,,46.87,C,63.0,49.3,a,81.0,73.77,Unknown,44.0,29.01,A,34.0,59.74,A,37.0,67.88,a,72.0,35.16,A,95.0,17.99, ,44.0,25.54,A
3838,Kitty, Persian,17,7.37,White,Female,No,No,No, london,wet,SICK,,62.05,A,32.0,error,A,56.0,53.43,A,12.0,73.79,B,16.0,58.93,D,32.0,48.12,C,19.0,37.21,C,60.0,61.92,D,68.0,45.22,B,,37.45,C,16.0,37.08,B,,53.53,C
3839,Luna,Maine Coon ,-1,4.03,Black,F,,,Unknown,TOKYO,Wet,,05/01/2024,42.76,A,72.0,67.9,C,37.0,105.29,a,98.0,57.89,A,85.0,71.39,Unknown,64.0,61.95,B,39.0,52.48,a,45.0,71.46,C,93.0,57.55,B,10.0,84.37, ,35.0,38.95,Unknown,55.0,61.46,a
3840,Lucy,scottish fold,7,2.61,Black,F,Yes,NO,,London,Wet,healthy,,10.74,C,13.0,33.03,b,22.0,33.01,B,27.0,55.99, ,4.0,42.12,D,99.0,72.17, ,26.0,9.72,b,3.0,65.96,b,98.0,39.87,Unknown,93.0,27.79, ,92.0,75.7,a,41.0,36.64, 
3841,Leo,persian,21,5.38,White,Male,Yes,Yes,No,Toronto,wet,,Jan 5 2024,18.32,a,55.0,50.23,A,,32.09,a,87.0,59.85,Unknown,,66.58,B,52.0,68.37, ,85.0,78.4,D,5.0,28.72,D,12.0,56.95,B,9.0,42.54,b,41.0,unknown,A,65.0,43.99,b
3842,Leo,maine coon,7,3.65,,Unknown,N,Yes,No,London,wet,,2024-01-05,52.56,C,96.0,60.71,a,20.0,27.54,C,52.0,39.85,b,10.0,104.76,A,32.0,25.4,D,3.0,24.19,C,60.0,51.93, ,2.0,52.23,a,,22.88,B,52.0,37.44,Unknown,14.0,26.97,A
3843,Loki,PERSIAN,17,1.05,Gray,M,yes,YES,Unknown,Sydney,wet,Healthy,,4.0,b,85.0,6.76,Unknown,93.0,60.13,A,59.0,24.9,b,,63.98,b,48.0,12.4, ,76.0,38.25,A,28.0,17.75,B,4.0,43.42,a,17.0,51.99,Unknown,55.0,73.02,A,70.0,57.22,C
3844,Chloe,,2,6.1,Gray,F,no,No,,Berlin,wet,SICK,2024-01-05,47.45,D,36.0,60.49,D,88.0,47.74,a,30.0,49.92,Unknown,67.0,73.37,A,80.0,39.29,A,68.0,41.86,C,56.0,70.94,D,45.0,40.28,a,,43.12,Unknown,47.0,60.05,B,50.0,35.6,B
3845,Milo,SCOTTISH FOLD,14,4.57, WHITE,Unknown,,No,,Toronto,,SICK,Jan 5 2024,93.33,A,55.0,71.22,a,80.0,53.28,a,52.0,55.04,b,49.0,75.13,C,14.0,36.42,Unknown,,65.33, ,,68.22,B,76.0,46.78,D,12.0,33.23,a,21.0,error,B,,27.74,b
3846,Smokey,Ragdoll ,-1,2.77,White,Female,Yes,Yes,,Sydney,Mixed,SICK,,34.73,Unknown,80.0,43.84,a,62.0,77.37,A,89.0,53.86,Unknown,34.0,95.92,Unknown,11.0,52.06,C,,38.23,a,51.0,58.74,C,54.0,8.86,A,,N/A,b,58.0,48.74,Unknown,24.0,23.69,D
3847,Chloe,RAGDOLL,9,7.38,White,Female,,YES,Unknown,New York,dry,SICK,Jan 5 2024,34.43,D,18.0,6.03,C,90.0,43.36,D,76.0,64.27,D,31.0,71.48, ,38.0,46.54,b,5.0,46.01,C,69.0,36.29,C,7.0,19.29,A,90.0,3.38,a,88.0,36.19,C,37.0,72.27,D
3848,Luna,SIAMESE,11,5.75,Orange,male,no,NO,No, london,,healthy,,52.09,A,10.0,60.46,Unknown,2.0,44.78,B,2.0,81.06, ,71.0,26.1,b,,34.34,C,74.0,49.04,B,29.0,58.38, ,81.0,35.68,b,3.0,69.34,Unknown,5.0,64.2,B,48.0,53.66,b
3849,Loki,British Shorthair,6,2.29,Orange,F,Y,,,TOKYO,Wet,healthy,05/01/2024,42.36,D,43.0,34.02,b,47.0,N/A,B,15.0,67.31,A,60.0,64.59,B,85.0,60.63,b,77.0,75.65,A,,88.52,A,96.0,30.66,b,50.0,59.19, ,6.0,58.33, ,23.0,50.89,a
3850,Kitty,Scottish Fold ,9,2.39,Brown,F,,NO,Unknown,Toronto,Dry,,2024-01-05,46.78,D,70.0,50.19,C,98.0,83.34,C,36.0,58.66, ,58.0,33.48,a,47.0,106.09,D,89.0,49.57,C,18.0,68.45,A,2.0,56.67,B,85.0,49.79,B,67.0,56.01,B,43.0,54.97,D
3851,Nala,Ragdoll ,12,3.73,Black,Unknown,Y,NO,Yes,London,,healthy,05/01/2024,30.73,C,74.0,51.84,A,73.0,44.57,Unknown,64.0,56.1,C,16.0,1.38,Unknown,25.0,65.96,C,93.0,42.56,D,70.0,49.92,a,78.0,39.67,Unknown,7.0,41.48, ,1.0,28.14,Unknown,51.0,37.28,B
3852,Oliver,,-1,3.08,Mixed,Female,Yes,No,,Toronto,Wet,Sick,,98.37,b,89.0,53.54,Unknown,,49.77,C,,71.15,Unknown,86.0,45.19,b,73.0,39.7, ,14.0,24.72,a,77.0,83.8,a,64.0,86.57,C,64.0,36.15,C,3.0,83.74,B,52.0,57.91,B
3853,Smokey,British Shorthair,13,4.43,Brown,Unknown,Y,NO,Unknown,London,wet,healthy,2024/01/05,62.58,D,71.0,58.02,b,98.0,51.58, ,83.0,16.1,A,52.0,56.59, ,59.0,80.76,Unknown,85.0,28.02, ,,86.15, ,93.0,2.61,D,75.0,42.99,b,80.0,43.89, ,35.0,33.41,C
3854,Milo,Unknown,12,3.61,Brown,Female,No,YES,,Paris,,,,68.52,C,49.0,67.1,D,1.0,16.63,b,0.0,77.56,A,15.0,60.91,D,,54.8,Unknown,12.0,71.01,D,54.0,53.77, ,4.0,72.85,D,26.0,22.76,b,28.0,66.29,a,73.0,37.74,Unknown
3855,Oliver,persian,12,1.12,Orange,Female,N,No,No,Toronto,Dry,Sick,,59.16,Unknown,31.0,80.38,Unknown,75.0,37.97,Unknown,74.0,34.45,C,66.0,72.07,A,68.0,45.13,b,,39.68,A,17.0,12.53, ,41.0,41.66,b,1.0,39.31,Unknown,,31.02,A,56.0,60.42,A
3856,Milo,Abyssinian ,21,8.83,Orange,M,no,YES,No,Sydney,Wet,SICK,Jan 5 2024,32.55,a,,12.06, ,28.0,69.22,D,93.0,21.83,D,,52.22,C,41.0,29.77,Unknown,51.0,19.11,B,64.0,9.65,b,,73.88,A,,75.6,b,68.0,38.93,A,35.0,43.98,C
3857,Luna,,9,5.69,,male,no,NO,,TOKYO,Wet,healthy,,88.49,a,73.0,63.71,B,13.0,37.71,Unknown,72.0,74.84,A,16.0,56.37,Unknown,58.0,30.05,C,,27.03,B,89.0,63.47,A,97.0,38.3,A,33.0,38.09,Unknown,68.0,32.42,B,69.0,59.27,b
3858,Milo,Bengal,19,5.74,black ,Unknown,N,YES,,Toronto,Wet,SICK,,26.27, ,,39.86,A,24.0,92.7,A,37.0,34.92,b,69.0,59.04,Unknown,40.0,44.68,b,24.0,76.29,D,34.0,55.37,C,58.0,40.38, ,97.0,75.81,Unknown,9.0,63.25, ,20.0,58.84,C
3859,Kitty,Siamese ,0,6.06,Gray,male,N,YES,Unknown,Berlin,Mixed,,2024/01/05,65.93,Unknown,50.0,52.97,a,66.0,69.59,b,10.0,33.3, ,79.0,20.89,Unknown,94.0,43.1,a,73.0,56.75,C,22.0,46.06,C,,45.26, ,,54.22,b,74.0,36.78,B,69.0,37.52,B
3860,Loki,Unknown,24,2.75,Brown,Unknown,yes,NO,Yes,Tokyo,wet,SICK,05/01/2024,56.94,B,42.0,53.52,D,1.0,34.41,C,90.0,18.35,D,51.0,38.4,D,43.0,21.46,A,78.0,38.36,C,40.0,31.92,C,44.0,-14.63,b,54.0,39.69,a,64.0,65.24,Unknown,67.0,38.08,B
3861,Oreo, Sphynx,2,3.41, WHITE,female,Y,,Unknown,London,wet,healthy,Jan 5 2024,59.62, ,14.0,41.97,A,54.0,75.44, ,34.0,102.35,B,18.0,56.17, ,67.0,87.8,a,,69.63,a,12.0,16.33,A,92.0,53.78,A,15.0,32.66, ,,29.74,Unknown,,66.83,A
3862,Loki,BRITISH SHORTHAIR,12,3.89,Black,M,N,,,TOKYO,Wet,Healthy,2024-01-05,76.31,D,14.0,59.0,Unknown,83.0,91.07,Unknown,,49.7, ,6.0,83.35,C,93.0,65.9,A,31.0,55.38,a,64.0,,a,46.0,55.4,B,,64.14,b,96.0,52.24,b,29.0,30.08, 
3863,Lucy, Ragdoll,7,4.51,Black,male,No,No,No,,wet,Healthy,Jan 5 2024,78.88,B,47.0,57.84,a,91.0,33.54,B,52.0,55.26,b,16.0,40.78,B,54.0,31.2,Unknown,3.0,53.0,Unknown,34.0,error,C,12.0,77.71,A,15.0,72.07,A,23.0,34.61,C,77.0,69.0,D
3864,Bella,,-1,3.51,White,Female,yes,,Unknown,Sydney,dry,Healthy,2024-01-05,19.62,B,,62.44,B,29.0,76.07, ,28.0,82.75,C,25.0,32.68, ,65.0,29.68,B,45.0,81.89,D,18.0,35.18,B,38.0,73.09,b,45.0,61.89,C,70.0,27.5,D,45.0,47.5,D
3865,Shadow,BENGAL,22,6.93,Black,M,,NO,No,TOKYO,,SICK,,36.44,A,74.0,15.74,b,65.0,71.79,A,40.0,49.17,A,95.0,33.55,D,36.0,56.0,C,30.0,60.81,D,71.0,30.16,b,13.0,19.1,C,88.0,11.54, ,39.0,53.88,a,89.0,45.57,C
3866,Leo, Ragdoll,1,4.09,Black,Male,yes,No,,New York,Wet,SICK,Jan 5 2024,42.49,B,,53.46,b,70.0,46.61,a,43.0,76.84,a,59.0,26.09,b,,29.34,B,93.0,53.74,a,73.0,52.14,B,30.0,35.18,Unknown,74.0,35.38, ,38.0,64.8,C,66.0,11.46,D
3867,Kitty,Ragdoll,15,6.22,,Unknown,No,YES,Yes,Sydney,,SICK,2024-01-05,85.08, ,89.0,51.66,b,,56.47,B,29.0,54.22,a,1.0,96.5,a,94.0,69.32,a,,54.57, ,,32.36,D,27.0,error,C,76.0,46.17,b,86.0,61.29,C,3.0,19.55,D
3868,Chloe,Siamese,-1,1.66,Orange,Unknown,,No,No,TOKYO,Wet,Sick,05/01/2024,41.86,a,18.0,43.93,B,90.0,42.54,a,18.0,56.83,b,37.0,49.05,C,61.0,59.42,C,70.0,error, ,72.0,65.98, ,43.0,58.3,Unknown,,38.89,Unknown,34.0,23.92,Unknown,35.0,71.87,A
3869,Luna,PERSIAN,14,3.73,Orange,Female,N,NO,Yes,Sydney,wet,Sick,,49.31,C,89.0,25.26,D,26.0,21.32,C,76.0,75.76,a,73.0,72.8,B,,41.25,C,42.0,,a,96.0,47.4,D,75.0,42.5,B,86.0,51.07,b,61.0,50.5,C,8.0,16.82,a
3870,Oliver,Unknown,0,2.26, WHITE,female,no,YES,No,,dry,,,32.33, ,94.0,49.11,a,,63.6, ,87.0,9.51,C,59.0,59.79,b,14.0,76.55, ,71.0,55.02,B,67.0,71.54, ,23.0,36.77,D,19.0,56.11, ,35.0,63.02,Unknown,90.0,65.3,D
3871,Oreo,PERSIAN,-1,32.76,Mixed,male,no,No,Unknown,Paris,,Checkup Needed,,70.42,C,77.0,37.73,a,40.0,20.43,D,41.0,75.5, ,,62.76,A,29.0,30.4,D,70.0,66.62,D,83.0,71.4,D,24.0,unknown,b,23.0,47.3,B,69.0,42.79,C,34.0,67.43,Unknown
3872,Tiger,,13,2.68,Gray,F,Yes,No,,TOKYO,dry,Healthy,,48.98,D,96.0,16.75,B,33.0,64.13,Unknown,16.0,49.91, ,86.0,67.44,B,58.0,52.24,C,28.0,70.97,C,42.0,21.29,Unknown,71.0,6.33,b,97.0,83.51,D,20.0,41.69,C,65.0,26.52, 
3873,Oreo,Unknown,14,2.49,Brown,Female,No,No,Unknown,Paris,dry,,2024-01-05,97.32, ,21.0,37.63,a,21.0,62.59,a,78.0,75.87,Unknown,98.0,77.4,b,54.0,25.09,Unknown,86.0,68.75,b,88.0,58.5,a,0.0,50.91,D,25.0,76.37,A,,35.99,Unknown,40.0,71.5,b
3874,Oreo,,8,3.55,black ,male,,,Unknown,Berlin,,Checkup Needed,2024/01/05,10.0,C,55.0,50.67,Unknown,68.0,36.25,D,26.0,34.32,C,62.0,36.6,A,46.0,50.2,B,63.0,77.12,D,80.0,33.52, ,90.0,48.33,b,,78.84,b,63.0,71.99,C,32.0,62.85,D
3875,Luna,Ragdoll ,23,5.22,Orange,female,Y,NO,No, london,wet,Checkup Needed,05/01/2024,32.74,C,8.0,unknown,Unknown,35.0,53.81, ,32.0,69.44,B,1.0,52.73, ,67.0,61.42,a,54.0,55.35, ,3.0,86.12,B,57.0,31.42,A,28.0,43.35,b,,33.32,D,25.0,54.47,a
3876,Simba,,4,5.73,Orange,,,,Yes,Berlin,wet,healthy,2024/01/05,29.94,C,25.0,52.95,C,13.0,73.91,D,46.0,52.44,D,,67.88,Unknown,88.0,55.97,C,62.0,33.27,C,6.0,43.05,B,82.0,72.42,Unknown,40.0,21.77,C,76.0,55.66,a,87.0,51.86,b
3877,Simba,bengal,3,1.77,,F,Y,YES,,,dry,SICK,2024/01/05,51.91,D,83.0,34.01,B,72.0,41.42,a,22.0,35.14,B,65.0,unknown,b,49.0,40.45,D,61.0,44.39, ,43.0,55.02,A,53.0,18.3,C,43.0,3.08,B,22.0,49.17,D,97.0,38.42,B
3878,Tiger, Scottish Fold,8,4.14,Black,,N,Yes,No,Paris,dry,Sick,05/01/2024,59.01,b,28.0,60.9, ,10.0,71.22,Unknown,23.0,57.88, ,18.0,19.9,b,46.0,46.94, ,50.0,35.46,b,96.0,64.02,Unknown,79.0,66.22,C,97.0,7.06,A,77.0,47.64,a,68.0,45.06,B
3879,Milo,Maine Coon,4,4.17,Brown,M,Yes,No,No,London,dry,healthy,05/01/2024,33.62,b,3.0,53.89, ,20.0,55.29,Unknown,4.0,51.81,C,46.0,59.44,C,51.0,43.4,Unknown,34.0,26.48, ,23.0,73.72,A,40.0,55.04,a,59.0,45.08, ,60.0,68.26,C,21.0,16.61,A
3880,Loki,Unknown,7,6.03,,,N,,Unknown,,dry,Healthy,,75.17,a,79.0,31.23,B,59.0,75.0,b,35.0,63.73,b,,58.92,A,13.0,59.78,A,77.0,50.55,Unknown,3.0,39.6,A,,56.54,a,75.0,error,a,40.0,23.97,B,,53.41,D
3881,Shadow,,4,2.44,Gray,M,no,NO,Unknown,Tokyo,Mixed,Checkup Needed,,59.61,B,87.0,32.97,a,64.0,54.52,A,4.0,69.8,D,79.0,71.5,B,30.0,50.0,b,89.0,26.83,a,96.0,41.76,D,93.0,13.68, ,40.0,72.06,a,20.0,50.1,a,14.0,45.88,Unknown
3882,Nala,Unknown,3,4.27,Orange,,No,NO,No,Berlin,dry,,,68.96,Unknown,12.0,52.67,B,88.0,69.0,D,73.0,error,A,92.0,43.94,D,57.0,54.15,a,17.0,64.36,C,44.0,77.07,Unknown,14.0,59.74,b,29.0,49.17,A,,63.35,a,2.0,81.1,a
3883,Lucy,RAGDOLL,6,4.78,Gray,Male,N,NO,Yes,New York,dry,healthy,,45.37,B,,59.4, ,96.0,35.77,C,65.0,27.16,A,,11.74,a,54.0,58.53,A,38.0,49.07, ,45.0,63.43,B,8.0,68.23, ,68.0,74.5,D,98.0,87.8,B,52.0,0.04,C
3884,Luna,BRITISH SHORTHAIR,15,6.36,Orange,Male,Yes,YES,No,,,,05/01/2024,92.96,b,,18.01,B,58.0,50.54, ,57.0,66.34,Unknown,3.0,31.15,b,64.0,86.54,b,76.0,50.93,a,67.0,14.86, ,21.0,11.32,B,15.0,57.15,C,41.0,73.74, ,35.0,46.99,D
3885,Leo,Unknown,21,3.09,Brown,Female,Yes,No,, london,Mixed,healthy,,37.07,D,95.0,66.06,a,99.0,49.82,a,39.0,26.68,a,1.0,6.1,b,78.0,85.07,B,20.0,44.68,Unknown,82.0,32.52,B,,22.56,C,42.0,31.94,a,44.0,38.53,B,40.0,82.2,b
3886,Chloe,,20,7.22, WHITE,,no,No,No,,dry,Sick,05/01/2024,59.46,D,1.0,65.51,A,82.0,36.92,C,86.0,61.77,b,,39.76,D,2.0,20.69,Unknown,80.0,48.2,B,,73.56,C,55.0,36.49,A,39.0,81.67,D,,3.12,a,30.0,50.08,B
3887,Oreo,british shorthair,1,6.33,black ,M,Y,,Unknown,Tokyo,dry,SICK,2024/01/05,40.29,A,,77.96,B,40.0,34.63,C,48.0,20.17,B,80.0,27.32,B,54.0,47.0,b,50.0,63.05,D,46.0,35.39,B,19.0,46.18,D,,27.16,Unknown,90.0,53.88,a,7.0,19.68,B
3888,Loki,Ragdoll,13,4.24, WHITE,M,Y,YES,Unknown,TOKYO,Mixed,,2024-01-05,73.06,D,79.0,64.63,A,61.0,98.71,A,,83.23,A,80.0,71.3,a,82.0,19.15,A,24.0,65.09,b,50.0,50.85,Unknown,18.0,25.36,a,83.0,59.27, ,75.0,49.92,a,66.0,50.56,C
3889,Chloe,maine coon,4,2.21,White,Unknown,N,Yes,Yes,Toronto,Dry,healthy,,41.17,Unknown,81.0,17.2,a,12.0,59.08,B,14.0,50.12,A,49.0,49.38,b,28.0,37.19,C,57.0,error,D,32.0,30.61,A,97.0,49.8,A,5.0,43.32,Unknown,16.0,80.11,B,75.0,64.06,A
3890,Kitty,abyssinian,12,3.78,Orange,Female,No,YES,No,Tokyo,Dry,Sick,,55.7,A,73.0,60.72,Unknown,40.0,26.21,Unknown,79.0,28.17,A,8.0,42.16,b,17.0,41.35,a,61.0,41.97,A,18.0,39.23,B,75.0,37.13,b,12.0,48.36, ,19.0,20.02,C,55.0,30.97,b
3891,Milo,SCOTTISH FOLD,18,6.33,Orange,F,Y,NO,Unknown,New York,wet,healthy,05/01/2024,62.95, ,,52.66,b,88.0,74.49,b,,16.57,a,10.0,88.91,C,21.0,34.12, ,96.0,41.84,Unknown,94.0,45.33,B,74.0,81.43,A,7.0,75.51,C,69.0,37.48,A,73.0,52.93,C
3892,Tiger, Persian,4,4.01,Gray,female,yes,NO,Yes,,Mixed,Healthy,,63.68,a,96.0,63.34,A,45.0,59.81,A,10.0,77.1,b,22.0,31.92,A,5.0,40.3, ,87.0,86.49,D,81.0,39.84,B,47.0,76.34,C,36.0,68.72,Unknown,2.0,37.8,A,22.0,76.25,D
3893,Leo,Scottish Fold ,20,4.48,Mixed,female,N,YES,Yes,Paris,Wet,SICK,,54.97,C,25.0,10.47,b,60.0,45.67,a,67.0,25.7,D,84.0,27.25,A,86.0,74.61,A,70.0,48.2,A,1.0,65.71, ,43.0,65.06,D,94.0,45.89,a,52.0,19.93,B,7.0,40.94,D
3894,Leo,Unknown,8,3.58, WHITE,Unknown,N,No,Yes,Paris,wet,healthy,05/01/2024,62.3,Unknown,88.0,61.47,C,65.0,64.02,D,73.0,58.1,D,65.0,61.19,B,31.0,68.05,b,88.0,35.38,C,35.0,83.42,a,5.0,57.61,Unknown,64.0,54.83,C,17.0,81.06,C,,66.1, 
3895,Oliver,,5,6.32,,M,Y,,,Tokyo,dry,Checkup Needed,2024/01/05,38.46,D,80.0,41.06,B,83.0,27.08,b,36.0,49.08,Unknown,14.0,57.03,A,23.0,49.17,a,90.0,41.77,C,40.0,47.95,C,,65.13,D,,49.62,D,,34.07,a,89.0,28.29, 
3896,Loki,British Shorthair,14,1.11,White,Unknown,no,,Yes,TOKYO,Wet,Sick,2024/01/05,73.41,a,86.0,67.44,Unknown,16.0,79.63,A,38.0,64.26,B,8.0,44.56, ,,28.52,Unknown,41.0,33.55,Unknown,45.0,44.61,A,19.0,56.17,D,38.0,69.16,a,8.0,unknown,C,39.0,23.47, 
3897,Loki,,17,2.65,Mixed,F,Y,YES,No,Toronto,Wet,Sick,Jan 5 2024,22.73, ,26.0,45.35, ,92.0,72.88,A,4.0,31.14,A,4.0,25.99,A,81.0,62.02,b,,-3.2,A,5.0,61.97,A,,58.02,Unknown,86.0,98.62,D,72.0,75.51,Unknown,65.0,47.62,B
3898,Chloe,Unknown,0,3.97,Mixed,F,,,, london,Mixed,Sick,,60.13, ,44.0,54.33,C,13.0,32.9,D,32.0,103.73,B,63.0,30.34,B,,72.57,B,33.0,33.45,C,90.0,31.25,b,79.0,56.52,b,57.0,52.31,B,10.0,18.04,C,67.0,55.71,D
3899,Oreo,British Shorthair ,17,6.88,Black,Male,yes,Yes,,New York,Dry,,,80.28,D,4.0,42.1,b,30.0,53.42,D,68.0,error,b,6.0,38.81,Unknown,68.0,71.38,C,47.0,20.48,Unknown,46.0,41.58,C,31.0,31.0,A,91.0,54.85, ,52.0,90.9,b,63.0,68.08,D
3900,Loki,Ragdoll ,5,6.4,black ,,Y,,No,TOKYO,Mixed,Checkup Needed,2024/01/05,71.55,A,18.0,,A,39.0,78.41,a,26.0,78.7,C,48.0,65.67,D,32.0,24.1, ,25.0,28.04,A,71.0,38.1,Unknown,68.0,78.42,a,58.0,65.99,A,35.0,60.18,D,75.0,52.51,B
3901,Shadow,Bengal,10,3.93,Black,,Y,NO,Unknown,Sydney,wet,healthy,2024-01-05,73.46,B,67.0,31.4,a,35.0,74.94,Unknown,31.0,65.39, ,74.0,29.41, ,33.0,50.59,D,89.0,74.61,C,35.0,16.95,Unknown,,75.27,a,94.0,57.18,D,40.0,32.97,a,77.0,33.16,A
3902,Bella,PERSIAN,17,4.37,Orange,male,no,,Unknown,Tokyo,dry,,,72.7,b,13.0,7.48,Unknown,86.0,86.07,C,26.0,44.44,Unknown,20.0,-9.77,a,54.0,67.36,a,36.0,52.52,C,96.0,56.0, ,72.0,7.89,b,96.0,67.96,D,57.0,41.82,C,99.0,57.05,A
3903,Nala,Unknown,17,2.72,Orange,F,Y,YES,Unknown,TOKYO,Wet,SICK,,41.44,A,89.0,29.56,B,6.0,46.65,b,60.0,44.35, ,41.0,23.28,a,20.0,51.59,C,,85.49, ,16.0,27.52, ,32.0,71.93,a,28.0,28.42,B,93.0,51.84,a,58.0,56.28,b
3904,Leo,maine coon,17,5.6,Brown,female,Yes,Yes,Yes,TOKYO,Mixed,SICK,,52.65,a,4.0,34.4, ,24.0,51.4,D,7.0,44.3,B,75.0,77.92,A,70.0,60.13, ,17.0,74.46,b,,46.01,C,96.0,44.88,a,,35.41,C,95.0,71.45,a,,66.8,B
3905,Kitty,Unknown,13,29.759999999999998, WHITE,M,N,YES,No,Sydney,dry,healthy,Jan 5 2024,65.07,Unknown,46.0,unknown, ,34.0,57.24, ,64.0,39.17,D,20.0,50.64,Unknown,75.0,62.4, ,,65.08,A,51.0,48.21,Unknown,87.0,26.27, ,28.0,63.19,b,4.0,20.09,B,,35.81,Unknown
3906,Bella,,13,4.0,Gray,F,Yes,YES,No,,Wet,Sick,2024-01-05,58.5,a,40.0,error, ,36.0,47.14,B,77.0,58.42,b,3.0,83.76,B,75.0,64.34,D,67.0,67.63,B,78.0,24.14,D,,47.84,b,94.0,53.73,B,97.0,35.66,b,69.0,78.24,B
3907,Leo,,21,0.01, WHITE,Unknown,no,No,,London,dry,SICK,05/01/2024,53.29,b,9.0,79.46, ,96.0,21.79,Unknown,35.0,63.23,D,88.0,11.01, ,,34.87,A,53.0,52.21,a,45.0,44.95,A,43.0,31.23,A,9.0,47.12,C,74.0,14.3,b,69.0,50.87,C
3908,Leo,maine coon,24,4.87,Orange,F,Yes,NO,Yes,Berlin,,Checkup Needed,2024/01/05,42.25,D,38.0,52.96,C,42.0,71.83, ,70.0,46.99,C,44.0,23.71,Unknown,13.0,53.21,D,0.0,67.14,a,14.0,20.33,B,75.0,41.87,D,96.0,52.96, ,50.0,20.01,B,59.0,65.26,Unknown
3909,Simba,Unknown,17,4.22,Brown,M,Yes,,,,Wet,Sick,2024-01-05,57.99,D,56.0,57.0,C,41.0,58.73,C,,58.87,b,0.0,37.88,C,11.0,46.83,b,7.0,10.24,A,11.0,39.02,A,93.0,42.76,B,5.0,50.92,a,,47.55,D,60.0,38.0,C
3910,Luna,Bengal,6,6.93,White,M,N,NO,Unknown,Paris,Dry,SICK,2024-01-05,15.22,D,,44.77, ,77.0,51.32,a,60.0,48.64,a,31.0,46.82,a,34.0,94.41,B,6.0,33.35,b,62.0,78.65,C,99.0,36.39,b,92.0,0.48,D,37.0,67.31,Unknown,65.0,54.32,a
3911,Oreo,persian,11,2.36, WHITE,,yes,YES,,Tokyo,wet,Healthy,,67.97,A,,66.76,A,48.0,53.16,B,2.0,56.78,D,75.0,19.31,C,92.0,60.55,A,22.0,49.54,B,67.0,N/A,D,45.0,62.7,A,35.0,43.97,b,26.0,31.27,b,90.0,41.36,C
3912,Oreo,Siamese,4,7.05,Orange,,No,No,Unknown,TOKYO,wet,Sick,2024/01/05,39.26,Unknown,97.0,93.97,Unknown,35.0,54.36, ,82.0,71.3,a,51.0,48.08,b,5.0,76.44,b,18.0,34.38,D,41.0,75.49,B,0.0,25.95,D,90.0,14.26,A,82.0,8.95,Unknown,34.0,21.0,a
3913,Shadow,persian,4,4.75,Brown,F,No,No,, london,Mixed,Sick,2024-01-05,40.43,C,76.0,63.49,Unknown,58.0,71.26,Unknown,15.0,70.71,A,70.0,29.74, ,20.0,45.14,b,72.0,70.48,B,24.0,65.28,b,37.0,16.36,D,,49.27,C,8.0,34.95,a,84.0,42.07,D
3914,Simba,bengal,0,5.95,Orange,Unknown,N,Yes,Unknown,TOKYO,Mixed,Sick,05/01/2024,72.78,B,74.0,48.68,A,11.0,49.62, ,1.0,93.87,B,,83.17,a,,73.94,A,37.0,64.21,b,12.0,23.99,Unknown,44.0,60.0,Unknown,28.0,4.99,a,0.0,60.08,C,49.0,83.52,a
3915,Chloe,BENGAL,8,4.94,White,Female,N,Yes,No, london,,SICK,2024/01/05,59.91, ,18.0,29.57,C,85.0,38.5, ,,39.55,b,88.0,28.06,a,,60.21, ,60.0,51.79,Unknown,9.0,74.46,a,57.0,75.75,b,13.0,41.28,Unknown,88.0,50.26,b,24.0,32.5,D
3916,Smokey,British Shorthair ,17,6.86, WHITE,Male,yes,No,,TOKYO,Wet,SICK,05/01/2024,39.76,a,42.0,11.38,a,33.0,56.43,C,29.0,35.19,b,,49.11,a,26.0,32.69,A,,37.06,B,45.0,49.38,B,60.0,63.83,Unknown,45.0,unknown,A,23.0,71.24,B,99.0,79.52,b
3917,Loki,British Shorthair,2,2.73,Gray,Male,No,YES,Yes,Paris,dry,SICK,2024-01-05,31.0,B,29.0,57.89, ,74.0,28.69,B,83.0,38.1,C,96.0,N/A,C,39.0,75.46, ,97.0,56.75,Unknown,67.0,66.75,D,58.0,46.7,B,41.0,72.5, ,99.0,46.81,a,30.0,57.69,b
3918,Luna,Ragdoll ,4,5.48,Black,M,Yes,No,Unknown,London,Dry,healthy,05/01/2024,48.24,a,97.0,46.25, ,46.0,26.63,a,58.0,100.96,a,13.0,40.14, ,72.0,79.2,Unknown,80.0,46.82,b,7.0,53.88, ,80.0,73.23, ,6.0,40.89,Unknown,10.0,41.63,D,35.0,37.26, 
3919,Lucy,SIAMESE,3,5.11,Mixed,female,N,No,No,Toronto,Dry,Healthy,2024/01/05,58.37,C,94.0,49.77,D,55.0,55.96,Unknown,78.0,30.05,C,1.0,3.69,B,26.0,62.48,A,31.0,47.5, ,,55.28,b,14.0,38.98,C,53.0,42.88,a,77.0,56.78,A,82.0,62.39, 
3920,Smokey,British Shorthair,19,5.05,Mixed,female,no,NO,Unknown,New York,,SICK,,71.8,B,52.0,62.06,C,10.0,57.54,Unknown,62.0,24.71,D,19.0,67.79,b,14.0,81.59, ,67.0,54.89,A,94.0,28.37,a,8.0,22.09,B,28.0,42.3, ,,17.09,B,38.0,52.49,Unknown
3921,Chloe,ABYSSINIAN,12,2.25, WHITE,male,no,,No,Berlin,,SICK,,51.46, ,25.0,42.54,Unknown,97.0,33.33,Unknown,36.0,67.47,D,44.0,39.02,a,94.0,48.53, ,83.0,17.08,Unknown,48.0,68.32,b,88.0,35.58,Unknown,84.0,73.01,Unknown,44.0,63.79,C,24.0,46.19,a
3922,Smokey,Persian,16,3.62,Gray,male,No,NO,No,Paris,Mixed,SICK,,34.59,D,3.0,61.45,C,98.0,error,Unknown,0.0,35.71,D,62.0,28.51,A,48.0,38.16,A,94.0,40.67,D,47.0,53.71,B,74.0,44.48,b,3.0,42.16,b,,37.39, ,11.0,75.72,a
3923,Lucy,PERSIAN,-1,4.09,,Female,Yes,No,,Sydney,Mixed,Sick,2024-01-05,23.27,a,84.0,30.97,D,28.0,48.91,A,22.0,80.45,A,55.0,34.8,C,17.0,58.57,Unknown,8.0,75.99,Unknown,54.0,54.95,C,54.0,30.51,C,85.0,36.95,A,17.0,34.54,b,5.0,41.49,a
3924,Bella,Unknown,22,5.76,,,No,YES,Yes,Paris,,Sick,05/01/2024,61.53,A,3.0,33.07,a,18.0,61.37,a,73.0,54.09,D,48.0,79.62,B,27.0,40.41,D,3.0,84.26,a,78.0,45.35,D,55.0,69.22,A,19.0,63.06,a,,39.73,b,70.0,64.01,B
3925,Oreo,,10,2.91,,F,N,NO,Yes,Tokyo,wet,Sick,2024/01/05,55.32,C,71.0,60.99,b,37.0,64.78,A,89.0,57.03,Unknown,67.0,37.8,Unknown,40.0,31.4,C,36.0,100.63,a,11.0,27.83,a,54.0,86.48,b,46.0,40.04,a,45.0,64.29, ,77.0,59.65,A
3926,Chloe,Maine Coon,19,2.89,Gray,Unknown,,YES,Unknown,Sydney,dry,SICK,Jan 5 2024,75.1,D,96.0,57.43,Unknown,63.0,53.72,A,3.0,70.19,D,57.0,48.07,C,19.0,66.72, ,64.0,26.84,C,61.0,36.01,C,73.0,95.04,D,23.0,41.41, ,77.0,68.22,b,73.0,94.81,b
3927,Leo,RAGDOLL,10,4.37,Black,F,no,YES,No, london,Dry,Checkup Needed,Jan 5 2024,24.15,a,60.0,37.55,Unknown,40.0,42.75, ,4.0,52.75, ,45.0,46.55,A,7.0,28.33,B,40.0,56.16,A,89.0,65.83,B,3.0,32.92,A,80.0,51.59,B,,44.73,C,62.0,37.59,C
3928,Lucy,sphynx,12,6.4,Mixed,F,N,YES,No,Paris,wet,SICK,,34.92,Unknown,37.0,33.94,C,11.0,74.39,D,18.0,44.91, ,66.0,43.94,B,,63.52,B,10.0,45.35,b,17.0,34.26,B,89.0,25.26,a,45.0,54.48,C,73.0,20.63,C,79.0,10.29,C
3929,Kitty,Unknown,16,5.32,black ,F,no,No,Unknown,,Dry,,,45.98,Unknown,31.0,43.56,D,25.0,41.48,Unknown,30.0,64.18,B,5.0,30.27,C,,22.08,C,47.0,41.99,D,44.0,79.97,C,,83.52,Unknown,24.0,51.25,Unknown,79.0,27.51,B,73.0,42.76,Unknown
3930,Simba,,18,2.17,Brown,,N,NO,Yes,Toronto,,SICK,,68.07,Unknown,7.0,error,C,80.0,44.74,a,87.0,46.04,Unknown,,27.71,D,88.0,62.57, ,45.0,32.73,Unknown,71.0,26.63,A,22.0,24.28,a,48.0,39.33,a,,39.91,C,50.0,46.4,D
3931,Luna,Unknown,2,4.68,,,No,No,,Tokyo,wet,Sick,Jan 5 2024,96.49,A,78.0,60.54,D,84.0,27.58,Unknown,69.0,55.71,Unknown,74.0,48.11, ,11.0,33.8,A,96.0,27.58,A,11.0,0.49,b,28.0,66.58,b,31.0,66.95,D,58.0,64.45,b,68.0,56.42,Unknown
3932,Leo,Bengal,7,1.8,,M,,,Unknown,Paris,Mixed,Healthy,,30.93,B,99.0,62.02,b,17.0,63.33,B,26.0,47.09,a,0.0,74.16,b,74.0,59.97,b,89.0,66.24,Unknown,65.0,43.15,b,27.0,49.99,Unknown,88.0,63.0,C,78.0,85.44,B,42.0,64.18,Unknown
3933,Oliver, Siamese,15,6.49,black ,F,yes,No,Yes, london,Dry,Healthy,2024-01-05,82.13,C,40.0,unknown,a,83.0,14.11,D,75.0,57.59,B,36.0,38.59,D,69.0,64.87,b,24.0,39.44,B,,74.29,A,13.0,36.66,A,40.0,55.76,a,12.0,79.21,C,74.0,84.24,C
3934,Luna, Maine Coon,13,7.23,Brown,Male,No,No,Unknown,Paris,wet,Healthy,,63.08,B,55.0,64.99,B,,error,Unknown,44.0,7.72,B,,79.68,D,25.0,87.94,Unknown,,29.9,a,59.0,58.94,B,7.0,64.48,B,64.0,51.75,A,79.0,57.08,a,50.0,59.45,B
3935,Simba, Abyssinian,23,5.16,Mixed,Unknown,Yes,Yes,No,New York,Mixed,Healthy,05/01/2024,91.86,a,67.0,49.33,B,36.0,42.76,B,28.0,76.44,a,6.0,79.09,B,41.0,27.24,b,,32.66,b,0.0,68.17, ,49.0,59.86,D,7.0,54.99, ,33.0,51.68,A,,62.11,D
3936,Luna,Unknown,2,6.26, WHITE,Male,no,,No,Tokyo,dry,,,53.75, ,57.0,63.8,D,92.0,29.44, ,36.0,23.75, ,77.0,56.84,C,50.0,59.16,Unknown,75.0,57.18,A,52.0,19.49,A,25.0,96.33,D,40.0,51.96,D,,52.56, ,70.0,33.55,D
3937,Simba,abyssinian,10,3.43,White,Male,Y,,,Tokyo,Wet,Healthy,Jan 5 2024,N/A,b,2.0,26.39,B,25.0,87.64,a,76.0,84.0,Unknown,34.0,60.83,D,44.0,69.54,C,49.0,80.21,A,,52.89,a,,55.19,D,55.0,96.05,C,37.0,57.02,b,9.0,55.49, 
3938,Oreo,Unknown,4,3.04,Gray,F,Y,,Yes,Paris,,Checkup Needed,05/01/2024,49.03,Unknown,43.0,22.44,b,58.0,66.4,b,8.0,30.74,a,41.0,52.3,D,1.0,54.74,a,31.0,50.69,D,56.0,46.05,a,1.0,40.19,Unknown,75.0,75.43,b,53.0,71.01,A,59.0,59.22,D
3939,Oliver,Siamese,0,6.6,White,female,yes,NO,,Toronto,dry,Checkup Needed,Jan 5 2024,15.88,Unknown,,16.03,b,81.0,63.67,D,4.0,61.84,D,81.0,46.54,b,4.0,65.62,D,74.0,39.4,b,,62.08,D,51.0,68.2,D,51.0,39.73, ,65.0,unknown,a,79.0,55.37, 
3940,Luna,scottish fold,17,3.74,Black,male,N,YES,No,London,Mixed,,05/01/2024,33.94,a,85.0,29.04,A,,91.8,b,,34.24, ,93.0,37.99,C,95.0,48.53, ,9.0,40.98,D,48.0,-18.91,B,65.0,19.19,B,5.0,72.2,a,81.0,2.4,b,43.0,73.85,C
3941,Oliver,BENGAL,8,4.49,White,Unknown,N,Yes,Unknown,Berlin,Wet,SICK,Jan 5 2024,21.4,D,33.0,53.85, ,,80.54,C,63.0,43.47,Unknown,,33.22,A,,25.81,Unknown,81.0,51.72,b,17.0,19.24,b,97.0,70.67,C,34.0,8.3,C,58.0,36.2, ,70.0,40.4,a
3942,Kitty,Persian,17,4.84,Black,Unknown,No,YES,Yes,Tokyo,Mixed,Checkup Needed,Jan 5 2024,34.87,A,4.0,47.91,B,63.0,31.08,D,75.0,58.18, ,46.0,32.62,D,67.0,42.87, ,77.0,77.54,D,4.0,52.33,C,70.0,unknown,C,,11.01,B,19.0,47.04,D,19.0,60.37, 
3943,Smokey,Abyssinian ,7,4.78,White,male,N,No,Unknown,Toronto,Dry,Healthy,2024/01/05,43.04,Unknown,75.0,25.81,b,98.0,38.66,D,9.0,38.85,D,72.0,88.53,A,,66.31,B,40.0,69.81,D,,24.03,Unknown,64.0,53.63,C,79.0,43.81,B,21.0,54.74, ,35.0,64.87,b
3944,Luna,,2,2.91,Gray,Unknown,No,YES,Unknown,Paris,Mixed,SICK,,42.21,C,35.0,60.23,a,41.0,28.52,D,,50.95,b,16.0,39.7,C,7.0,77.53,D,,76.31,b,33.0,21.06,D,15.0,66.63,A,52.0,18.58,D,20.0,58.96,b,25.0,41.14, 
3945,Oreo,MAINE COON,7,3.56,Black,M,yes,YES,Unknown, london,Dry,Healthy,2024-01-05,42.22,b,52.0,43.69,b,53.0,85.37,B,41.0,49.77,C,35.0,50.97,D,,64.02,D,,27.55,A,97.0,20.78,a,92.0,73.37,Unknown,20.0,68.6,b,9.0,61.71,a,39.0,63.27,Unknown
3946,Smokey, Ragdoll,9,4.41,,male,Y,YES,Unknown,New York,,Checkup Needed,2024-01-05,50.09,Unknown,54.0,77.25,b,91.0,30.17,B,26.0,75.09,C,9.0,79.6,a,,19.76,A,86.0,47.3, ,96.0,80.15,D,52.0,55.82,A,7.0,60.45,B,87.0,57.42,A,87.0,65.99,a
3947,Nala,Unknown,5,5.57,Mixed,male,No,Yes,No,London,,,Jan 5 2024,44.95,Unknown,60.0,52.96,Unknown,47.0,47.02,C,93.0,30.68,A,63.0,51.87,b,,N/A,A,91.0,18.81,A,20.0,66.53,C,8.0,32.7,A,94.0,53.84,B,,34.42,Unknown,6.0,52.22,C
3948,Leo,Unknown,3,4.69,Black,female,,,,Tokyo,dry,Healthy,2024/01/05,34.4,C,63.0,45.97, ,36.0,59.0,b,32.0,34.56,B,69.0,53.37,C,91.0,56.87,a,96.0,60.36,a,82.0,22.14, ,14.0,52.7,D,,47.99,b,60.0,26.32,D,48.0,49.04,D
3949,Tiger,Unknown,11,2.17, WHITE,male,No,Yes,Yes,Paris,wet,healthy,,77.71, ,79.0,40.09,A,99.0,95.33,A,,51.86, ,57.0,39.24, ,35.0,,b,63.0,31.38, ,,28.63,D,43.0,61.62,A,23.0,73.09,C,93.0,55.12,Unknown,53.0,23.98, 
3950,Oreo,Sphynx ,0,4.26,Gray,female,no,NO,,New York,Wet,Healthy,,33.43,D,78.0,52.65,b,37.0,86.85,D,,63.64,C,96.0,46.36,B,22.0,64.6,D,98.0,28.59,B,34.0,82.33,C,94.0,62.63,A,,28.01, ,71.0,64.87,B,29.0,71.69,B
3951,Chloe, Sphynx,12,2.71,Black,Unknown,N,YES,,London,,Healthy,2024-01-05,78.29,Unknown,65.0,55.42,B,7.0,20.37,B,,34.16,B,47.0,37.5, ,51.0,51.82,b,32.0,46.25,D,34.0,36.65,a,85.0,68.22,b,5.0,23.08,b,53.0,39.28,A,59.0,90.84,Unknown
3952,Leo, Ragdoll,-2,5.82,Mixed,Male,Y,,Yes, london,,Checkup Needed,,62.2,B,63.0,37.79,C,11.0,77.89,B,83.0,93.97,D,35.0,71.9,B,32.0,39.89, ,67.0,69.19, ,30.0,59.96,b,80.0,9.84,C,58.0,48.22,a,92.0,29.8,A,76.0,35.62, 
3953,Kitty,Sphynx,-2,4.43,Black,Female,No,,Unknown,Sydney,dry,,05/01/2024,50.62,a,93.0,56.2,b,36.0,43.52,A,59.0,38.4,b,28.0,38.96,Unknown,78.0,77.68,b,22.0,35.69,C,96.0,24.98,b,99.0,95.34,a,,60.34,b,81.0,12.55, ,37.0,36.41,a
3954,Kitty, Persian,10,5.79,Orange,M,No,YES,No,Sydney,wet,Healthy,Jan 5 2024,44.13,a,70.0,82.5,A,30.0,41.1,Unknown,,84.62,A,51.0,72.68,C,16.0,34.6,Unknown,59.0,64.05,A,22.0,52.68,Unknown,21.0,52.72,b,85.0,86.79,A,17.0,48.98,Unknown,48.0,28.28, 
3955,Kitty,Maine Coon,17,3.47,Gray,,N,Yes,Unknown,Berlin,dry,Healthy,05/01/2024,43.55,C,41.0,,C,15.0,40.23,D,86.0,45.18,C,96.0,31.18,a,51.0,54.31,B,35.0,59.8,Unknown,97.0,50.57,C,40.0,40.92,Unknown,80.0,65.48,B,,59.0, ,7.0,65.84,Unknown
3956,Loki,persian,8,5.18, WHITE,Unknown,N,YES,Yes,Toronto,,Checkup Needed,Jan 5 2024,65.89, ,17.0,40.66,Unknown,30.0,65.13,a,68.0,65.11,C,80.0,36.57,D,55.0,84.8,a,70.0,75.85,b,6.0,31.95,C,44.0,67.79,a,67.0,60.55,Unknown,64.0,78.69,D,51.0,23.99,A
3957,Chloe,sphynx,8,5.2,Gray,M,Yes,No,No,London,,,,37.77,Unknown,29.0,68.2,A,42.0,81.71,D,3.0,106.07,a,54.0,35.21, ,36.0,47.32,D,56.0,90.23, ,23.0,54.29,a,88.0,22.87,C,56.0,40.95,D,54.0,42.53,A,,84.86,Unknown
3958,Oliver,Unknown,21,3.96,Brown,female,No,NO,,Tokyo,Dry,SICK,,57.68, ,35.0,106.53,b,11.0,43.63,a,5.0,73.71,D,2.0,59.0, ,88.0,30.3,a,90.0,58.41,A,55.0,39.04,Unknown,47.0,20.14,C,83.0,13.05,B,,60.64,D,47.0,49.59,D
3959,Bella,abyssinian,7,3.94, WHITE,male,No,Yes,Unknown,Tokyo,Mixed,,,41.46, ,58.0,81.81,Unknown,57.0,55.8,A,19.0,26.69,B,65.0,37.6, ,70.0,58.53, ,97.0,40.18,A,37.0,64.0,A,1.0,-0.7,b,74.0,57.2,a,,61.14,b,12.0,57.75,D
3960,Loki,Bengal ,17,3.47,Mixed,male,no,,Unknown,Berlin,Dry,Checkup Needed,Jan 5 2024,57.01, ,13.0,75.98,a,24.0,56.01,Unknown,,64.67,a,9.0,36.32,Unknown,17.0,75.69,Unknown,53.0,79.16,b,93.0,55.62,C,30.0,-1.22,A,21.0,50.72,C,70.0,20.97,b,,45.0,a
3961,Chloe, Sphynx,15,5.61,White,Male,yes,NO,,Tokyo,wet,Checkup Needed,2024-01-05,72.15,b,87.0,52.87, ,45.0,94.24,a,38.0,95.71,b,7.0,52.45,B,31.0,29.29,D,63.0,65.33, ,15.0,46.56, ,9.0,39.49,b,88.0,66.85,B,11.0,20.37,Unknown,9.0,41.25,C
3962,Oreo,,17,4.15,Orange,F,N,Yes,No,Tokyo,Wet,healthy,,62.57, ,46.0,50.63,B,15.0,82.68,D,77.0,40.07, ,94.0,44.14,b,69.0,62.02,Unknown,70.0,82.1,C,15.0,41.53,a,61.0,50.88,Unknown,14.0,40.34,C,7.0,33.76,B,,,a
3963,Oliver,Unknown,20,5.0,Brown,F,N,No,No,Paris,Dry,Sick,2024-01-05,37.28, ,87.0,69.03,C,90.0,43.87,C,4.0,80.82,b,40.0,61.36,Unknown,70.0,61.42, ,39.0,3.83,B,88.0,65.58,Unknown,77.0,16.52,b,13.0,42.7,b,16.0,72.01,a,22.0,22.52,b
3964,Oreo,Scottish Fold ,21,2.98,,M,,NO,Yes,Berlin,dry,SICK,05/01/2024,63.73,b,,51.29,b,75.0,11.38,Unknown,52.0,69.91,a,90.0,77.84,A,94.0,61.47,Unknown,,102.69,b,53.0,31.2,b,82.0,42.62,b,48.0,52.54,A,50.0,60.57,A,4.0,65.61,A
3965,Luna,british shorthair,18,21.12,Black,M,,No,Yes,Tokyo,wet,Checkup Needed,Jan 5 2024,53.72, ,43.0,38.78,Unknown,43.0,84.88,Unknown,,38.51,Unknown,97.0,88.48,Unknown,,23.03,Unknown,93.0,54.58, ,59.0,93.74,b,20.0,95.71,C,13.0,84.95,b,87.0,47.04,b,80.0,14.25,C
3966,Shadow,Unknown,11,3.13,Black,Female,yes,,,Tokyo,,Sick,,63.11,Unknown,15.0,51.18,A,32.0,58.92, ,,78.26,B,95.0,error,b,94.0,80.47,Unknown,74.0,53.12,Unknown,99.0,-1.26,a,25.0,68.94,Unknown,66.0,30.44,b,87.0,63.21,C,12.0,74.63,b
3967,Lucy,Unknown,16,7.22,Mixed,Male,Y,NO,,London,Mixed,,05/01/2024,78.71,Unknown,71.0,20.9,a,97.0,63.77,B,40.0,64.04,A,4.0,39.22,C,97.0,35.32,B,54.0,49.04,D,90.0,25.59, ,31.0,42.21, ,15.0,61.22,A,3.0,16.78,a,98.0,3.2,b
3968,Milo,BENGAL,24,1.34,Brown,F,yes,NO,,Tokyo,Wet,healthy,Jan 5 2024,1.89,a,,58.52,A,9.0,74.54,A,,13.35,B,26.0,88.11, ,36.0,79.22, ,5.0,55.78,a,65.0,29.37,A,78.0,48.82,Unknown,31.0,7.06, ,91.0,57.53,D,47.0,19.69,D
3969,Chloe,MAINE COON,14,5.03,Brown,Female,no,YES,Unknown,Sydney,dry,Checkup Needed,,25.58, ,16.0,50.6,b,48.0,42.2,C,62.0,46.96, ,85.0,52.23,B,,66.96,a,97.0,43.46,C,14.0,33.62,B,99.0,58.39,B,80.0,17.39,A,75.0,53.38,Unknown,81.0,52.62,a
3970,Bella,Bengal,16,2.7,Black,Male,No,,Unknown,London,,Sick,05/01/2024,36.4,b,44.0,33.94,a,38.0,70.7,b,,89.6,C,75.0,54.36,Unknown,58.0,11.63,D,29.0,70.14, ,46.0,44.09, ,88.0,18.63,A,52.0,51.02,Unknown,10.0,17.17, ,50.0,58.09,A
3971,Tiger, Abyssinian,-1,2.31,,Male,Yes,,Yes,Tokyo,Dry,healthy,2024-01-05,26.06,Unknown,61.0,89.71, ,19.0,67.57,A,41.0,67.2,a,15.0,42.46,a,69.0,43.38,Unknown,4.0,76.18,Unknown,98.0,31.18,C,56.0,31.39,A,7.0,63.4,B,,70.93,Unknown,87.0,75.17,D
3972,Shadow,British Shorthair ,13,7.07,Brown,female,N,YES,Yes, london,Wet,Checkup Needed,Jan 5 2024,56.56,A,49.0,35.82,Unknown,,59.91, ,,58.56,A,52.0,60.08,b,81.0,36.17,a,29.0,21.24,b,52.0,36.89,a,73.0,30.66,a,36.0,24.74,A,85.0,16.74,a,91.0,69.52,C
3973,Tiger,ragdoll,-2,3.6,Black,male,yes,Yes,Unknown,Berlin,,healthy,,41.73,Unknown,9.0,35.05,D,95.0,64.28, ,11.0,78.33,B,12.0,60.88,A,67.0,33.35, ,89.0,63.47,B,78.0,64.15,b,92.0,63.23,b,61.0,48.83,a,85.0,unknown, ,30.0,46.82, 
3974,Bella,MAINE COON,12,2.89,Mixed,female,Y,No,Yes, london,Mixed,Healthy,Jan 5 2024,72.34,B,69.0,30.89,A,93.0,54.9,B,70.0,24.52,A,30.0,N/A,a,75.0,59.63,Unknown,75.0,53.31,D,38.0,28.73,C,23.0,33.91,A,2.0,49.48,B,21.0,60.3,b,60.0,43.0,A
3975,Nala,siamese,7,4.88,Brown,Unknown,N,YES,,Paris,,SICK,Jan 5 2024,22.64,C,6.0,65.39, ,74.0,58.51,C,23.0,44.04,B,17.0,46.49,C,74.0,29.44,Unknown,34.0,74.02,a,55.0,39.26,C,,14.21,Unknown,95.0,41.21,D,86.0,54.79,Unknown,66.0,54.0,B
3976,Loki,PERSIAN,4,3.87,black ,Female,No,YES,Unknown,London,Dry,healthy,05/01/2024,56.96,A,31.0,52.56,B,90.0,25.75,Unknown,62.0,58.94, ,24.0,45.45,D,73.0,33.11,a,39.0,45.06,b,61.0,54.31, ,43.0,45.41,a,87.0,63.6,Unknown,62.0,7.48,a,62.0,56.94,A
3977,Smokey,persian,17,2.72,Mixed,M,Y,,,Sydney,,healthy,2024-01-05,54.62,a,56.0,,D,38.0,64.52,C,51.0,30.22, ,27.0,34.44,B,66.0,54.3,C,36.0,64.09,B,31.0,62.64,C,62.0,51.87,A,82.0,44.9, ,89.0,15.24,Unknown,31.0,67.53,A
3978,Shadow,Siamese ,13,4.62,Black,male,,NO,,Paris,Mixed,healthy,Jan 5 2024,73.45,B,50.0,28.42,b,37.0,23.62,C,,85.49,A,,57.19,A,96.0,57.6,D,53.0,97.09,b,27.0,68.87,A,,55.64,D,28.0,60.02,A,89.0,40.34,b,92.0,39.49,A
3979,Luna,Siamese,1,6.14,Brown,Unknown,N,No,,Toronto,Dry,SICK,2024-01-05,34.29,Unknown,39.0,75.17,D,64.0,34.88,D,67.0,54.68,B,16.0,70.39,C,33.0,41.9,b,83.0,38.4,Unknown,74.0,31.85,D,37.0,9.56,A,39.0,59.8,b,44.0,79.2,B,,4.24,Unknown
3980,Tiger,Persian,4,3.28,Black,Male,Y,Yes,,,wet,Healthy,Jan 5 2024,49.69,B,26.0,18.34,Unknown,28.0,36.12,Unknown,20.0,71.19, ,78.0,27.59,B,50.0,51.97,C,19.0,35.19,A,10.0,49.11, ,83.0,60.04,Unknown,22.0,68.85,C,43.0,72.23,D,60.0,46.91,A
3981,Tiger, Maine Coon,20,2.32,Orange,female,,No,No,Toronto,,,2024-01-05,52.64,a,96.0,59.42,D,4.0,58.31,B,70.0,56.19,B,62.0,68.97, ,29.0,56.67,C,58.0,89.92,A,13.0,53.8,b,69.0,46.79,b,49.0,28.5,B,52.0,62.27,b,19.0,14.24,B
3982,Smokey,Sphynx,13,5.03,,male,Yes,NO,Yes,Berlin,dry,,,64.21,A,49.0,18.66,Unknown,34.0,77.61,b,46.0,73.73,A,17.0,25.27,C,71.0,4.85, ,62.0,42.38,a,28.0,48.6,C,44.0,48.34,a,60.0,57.11,A,14.0,79.93,C,28.0,28.03,Unknown
3983,Kitty,Scottish Fold,19,3.91,Orange,,Y,,,Sydney,Dry,healthy,2024-01-05,28.24,A,0.0,28.69,C,43.0,63.46,a,73.0,37.87,B,94.0,63.04,B,,61.55,b,43.0,53.54,a,87.0,37.35, ,27.0,83.64,Unknown,98.0,63.27,B,68.0,28.33,Unknown,97.0,37.59,b
3984,Milo,Bengal ,17,3.64,,Male,No,,,Tokyo,Mixed,Healthy,,49.6,a,90.0,61.34,a,85.0,50.56,A,40.0,92.39,Unknown,65.0,45.38,a,65.0,13.05,D,89.0,93.53,B,73.0,38.65,D,57.0,23.34,B,68.0,23.87,b,,36.49,B,62.0,27.82,a
3985,Milo,Abyssinian ,8,5.18,Mixed,male,Yes,YES,Yes,Toronto,Dry,SICK,,46.08,b,77.0,78.72,b,83.0,51.95,C,7.0,52.94,b,25.0,82.6,Unknown,72.0,error,Unknown,68.0,unknown,D,78.0,31.2,b,30.0,54.67, ,86.0,39.52,b,24.0,46.95,B,53.0,26.23,D
3986,Leo,,24,4.69, WHITE,F,Y,NO,Unknown, london,dry,Healthy,2024/01/05,75.05,B,,66.9, ,31.0,75.5,C,94.0,79.22,B,29.0,26.04,D,78.0,36.96,b,33.0,28.55,A,44.0,45.2,b,8.0,68.73,B,93.0,52.55,A,84.0,52.43,D,14.0,47.71,D
3987,Luna,bengal,11,4.86, WHITE,F,N,No,No,Paris,Dry,Healthy,2024-01-05,25.3,Unknown,65.0,43.46,B,92.0,, ,31.0,18.17,B,89.0,20.21,b,34.0,11.09,D,69.0,, ,25.0,36.91,a,,32.27,B,82.0,20.69,Unknown,7.0,58.51, ,11.0,50.91,B
3988,Leo,Persian ,24,4.75,Gray,Unknown,,No,Unknown,Tokyo,dry,,Jan 5 2024,80.35,b,60.0,51.06,b,,53.63,Unknown,73.0,47.27,Unknown,,52.5,A,74.0,38.49,a,73.0,68.77,D,73.0,80.75,a,86.0,62.85,Unknown,82.0,21.11,a,72.0,31.99,B,10.0,57.98,B
3989,Milo,SCOTTISH FOLD,24,3.95,Brown,F,Yes,Yes,Yes, london,dry,Healthy,,26.06,C,96.0,94.99, ,,21.73,B,2.0,43.12, ,33.0,83.65,A,19.0,53.1,B,59.0,22.84, ,41.0,43.7,b,95.0,62.57,Unknown,75.0,43.91,b,2.0,57.19,a,2.0,41.03,B
3990,Leo,Sphynx ,7,3.07,Gray,,yes,,No,TOKYO,Wet,SICK,,70.33,D,34.0,67.11,C,59.0,68.82,Unknown,37.0,68.65,Unknown,10.0,48.2,D,62.0,47.92,C,12.0,45.83,A,15.0,61.7,C,96.0,67.73, ,,60.87,C,15.0,36.3, ,20.0,44.66, 
3991,Tiger,,2,2.54,,F,yes,NO,Unknown, london,dry,SICK,2024-01-05,48.87,C,,27.43,B,72.0,71.9,A,96.0,72.98,C,84.0,26.05,B,48.0,64.93,a,19.0,24.1,D,21.0,35.19,Unknown,87.0,34.8,Unknown,72.0,53.61,D,96.0,44.26,A,,-12.99,A
3992,Lucy,Abyssinian ,14,2.72,White,F,No,YES,Unknown, london,Dry,Checkup Needed,Jan 5 2024,,Unknown,24.0,35.36,b,,49.88,C,97.0,error,B,13.0,28.67,C,38.0,28.06,D,25.0,58.99,B,30.0,38.33,A,8.0,47.9,A,39.0,39.08,C,50.0,42.84,a,79.0,56.56,Unknown
3993,Milo,BRITISH SHORTHAIR,13,5.57,Gray,Male,Yes,,Yes,Sydney,Dry,Sick,2024/01/05,41.72, ,11.0,62.6,A,89.0,62.71,b,8.0,70.02,D,48.0,16.26,b,9.0,45.89,a,,25.39,b,28.0,32.02,Unknown,11.0,46.86,a,68.0,52.55,a,,70.79,B,,25.43,Unknown
3994,Loki,siamese,12,5.25,black ,female,N,YES,Yes,Paris,Dry,SICK,Jan 5 2024,13.78,A,81.0,52.48,b,15.0,82.06,B,23.0,59.03,b,69.0,33.55,A,91.0,37.77,Unknown,56.0,34.92,B,35.0,32.29,Unknown,15.0,47.9,Unknown,11.0,70.32,b,62.0,43.88,Unknown,96.0,76.03,Unknown
3995,Simba,Siamese ,23,6.69,Black,female,Yes,,Yes,Tokyo,wet,Healthy,,41.73,b,44.0,-7.89, ,97.0,55.74,Unknown,28.0,54.18,Unknown,54.0,45.42,b,28.0,41.74,D,19.0,76.21,b,24.0,54.53, ,51.0,27.41,A,20.0,N/A,D,,38.35, ,,1.26,D
3996,Chloe, Maine Coon,6,7.85, WHITE,Unknown,no,NO,,Paris,dry,healthy,,59.49,D,97.0,65.8,A,66.0,45.13,Unknown,29.0,93.31,b,,45.2,a,96.0,22.19,D,38.0,34.55,B,24.0,34.87,Unknown,65.0,59.53,b,,40.25,a,69.0,73.13,B,14.0,67.21,D
3997,Kitty,Maine Coon,-2,5.16,Brown,male,Y,,,Paris,Wet,,,79.86,a,65.0,41.9, ,2.0,62.5,a,,60.75,a,6.0,26.19,D,94.0,70.24,C,36.0,46.18,a,44.0,26.2, ,26.0,41.91,A,24.0,44.33,A,23.0,40.88,Unknown,86.0,71.9,C
3998,Loki,PERSIAN,11,4.11,Black,male,Y,No,, london,Wet,healthy,05/01/2024,63.43,B,93.0,28.36,b,54.0,79.89,b,54.0,18.96,a,,unknown, ,12.0,50.85,a,67.0,27.79,D,10.0,56.64,D,71.0,71.26,A,23.0,26.75,D,74.0,63.18,a,25.0,77.66,B
3999,Bella,Bengal,15,1.52,Orange,Unknown,N,,Yes,London,Dry,Sick,2024-01-05,33.14,A,,75.52,A,39.0,55.41,B,,60.12,b,61.0,58.77,Unknown,46.0,24.14,C,9.0,56.71,C,64.0,43.22,B,20.0,29.73, ,48.0,60.97,a,89.0,56.26,b,63.0,46.91,a
4000,Kitty,SPHYNX,12,6.68,black ,Male,,No,Yes,Sydney,,SICK,,60.05,A,3.0,50.09,b,26.0,83.55,D,8.0,76.42, ,51.0,20.84,a,25.0,38.51,b,71.0,38.05,B,91.0,68.43,D,14.0,53.1,b,15.0,47.45,a,21.0,32.13,a,70.0,72.81,B
